id,air,apparent,bacnetConnRef,bacnetCur,bacnetPoint,co,co2,connRef,cur,curConvert,curStatus,curVal,delta,deltaTempPoint,disMacro,efficiency,elec,energy,entering,equipRef,exhaust,flow,gas,groupRef,his,hisCollectCov,hisCollectInterval,hisEnd,hisFunc,hisMode,hisSize,hisStart,hisStatus,hisTotalized,hot,kind,leaving,navName,nox,o2,opcConnRef,opcCur,opcPoint,point,pointType,power,pressure,primaryLoop,pump,quantityID,real,sensor,siteRef,sourceID,sp,speed,sqlConnRef,sqlPoint,temp,tz,unit,utilityPoint,water,mod
@p:ubcv:r:25854150-9d32e417 Campus Energy Centre Boiler B-3 Exhaust NOx,✓,"","","","","","",@p:ubcv:r:25fe9141-0e2ce41f Factorytalk KepServer,✓,"",ok,20ppm,"","",$equipRef $navName,"","","","",@p:ubcv:r:2584399f-0d18bd68 Campus Energy Centre Boiler B-3,✓,"","",@p:ubcv:r:21dff50a-c031b152 Campus Energy Centre Plant Systems,✓,2ppm,15min,2020-05-12T14:15:00-07:00 Los_Angeles,"","",16827,2019-12-12T10:30:00-08:00 Los_Angeles,ok,"","",Number,"",Exhaust NOx,✓,"",@p:ubcv:r:25fe9141-0e2ce41f Factorytalk KepServer,ns=2;s=SkySpark.CEC.Boiler_3.Exhaust_NOX_Lvl,✓,✓,"","","","","","","",✓,@p:ubcv:r:205b02b4-224a0e75 Campus Energy Centre,"","","","","","",Los_Angeles,ppm,"","",2020-03-17T20:57:47.078Z UTC
@p:ubcv:r:25af7421-ffbd80f2 Campus Energy Centre Process System Energy,"","","","","","","",@p:ubcv:r:25fe9141-0e2ce41f Factorytalk KepServer,✓,"",ok,432021.21875MWh,"","",$equipRef $navName,"","",✓,"",@p:ubcv:r:25a65484-0c6d176a Campus Energy Centre Process System,"","","",@p:ubcv:r:21dff50a-c031b152 Campus Energy Centre Plant Systems,✓,"",15min,2020-05-12T14:15:00-07:00 Los_Angeles,"","",10952,2020-01-13T10:45:00-08:00 Los_Angeles,ok,✓,"",Number,"",Energy,"","",@p:ubcv:r:25fe9141-0e2ce41f Factorytalk KepServer,ns=2;s=SkySpark.CEC.Process.CEC_Total_Heat_Delivered,✓,✓,"","","","","","","",✓,@p:ubcv:r:205b02b4-224a0e75 Campus Energy Centre,"","","","","","",Los_Angeles,MWh,"","",2020-03-17T20:57:47.078Z UTC
@p:ubcv:r:263b6ae8-1d166fb4 Campus Energy Centre Feeder 12F26 Real Power,"","","","","","","","",✓,"",ok,0kW,"","",$equipRef $navName,"","","","",@p:ubcv:r:263b6ae8-3547b69d Campus Energy Centre Feeder 12F26,"","","",@p:ubcv:r:21697fca-faa5ef20 Campus Energy Centre Utilities,✓,14.5416289126579kW,15min,2020-05-12T14:15:00-07:00 Los_Angeles,"","",12153,2020-04-28T15:45:00-07:00 Los_Angeles,ok,"","",Number,"",Real Power,"","",@p:ubcv:r:26349586-6a57daa8 Substation KepServer,ns=2;s=Utilities.UNY Substation.UNY_Feeder_12F26.kW tot,✓,✓,"",✓,"","","","",✓,✓,@p:ubcv:r:205b02b4-224a0e75 Campus Energy Centre,"","","","","","",Los_Angeles,kW,"","",2020-05-12T08:00:09.759Z UTC
@p:ubcv:r:25a657ae-cac0673f Campus Energy Centre Process System P-101 Status,"","","","","","","",@p:ubcv:r:25fe9141-0e2ce41f Factorytalk KepServer,✓,"",ok,false,"","",$equipRef $navName,"","","",✓,@p:ubcv:r:25a65484-0c6d176a Campus Energy Centre Process System,"","","",@p:ubcv:r:21dff50a-c031b152 Campus Energy Centre Plant Systems,✓,✓,"",2020-05-08T12:54:19-07:00 Los_Angeles,"","",79,2020-01-06T12:51:31-08:00 Los_Angeles,ok,"","",Bool,"",P-101 Status,"","",@p:ubcv:r:25fe9141-0e2ce41f Factorytalk KepServer,ns=2;s=SkySpark.CEC.Process.P_101_Status,✓,✓,"","","","",✓,"","",✓,@p:ubcv:r:205b02b4-224a0e75 Campus Energy Centre,"","","","","","",Los_Angeles,"","","",2020-03-17T20:57:47.078Z UTC
@p:ubcv:r:2639df35-1ddb240b Campus Energy Centre Feeder 60L57 Real Power,"","","","","","","","",✓,"",ok,10479.982421875kW,"","",$equipRef $navName,"","","","",@p:ubcv:r:2639df1e-594cded1 Campus Energy Centre Feeder 60L57,"","","",@p:ubcv:r:21697fca-faa5ef20 Campus Energy Centre Utilities,✓,71.42885422105883kW,15min,2020-05-12T14:24:52-07:00 Los_Angeles,"","",10747,2020-04-28T15:12:48-07:00 Los_Angeles,ok,"","",Number,"",Real Power,"","",@p:ubcv:r:26349586-6a57daa8 Substation KepServer,ns=2;s=Utilities.UNY Substation.UNY_Feeder_60L57_1.kW tot,✓,✓,"",✓,"","","","",✓,✓,@p:ubcv:r:205b02b4-224a0e75 Campus Energy Centre,"","","","","","",Los_Angeles,kW,"","",2020-05-12T08:00:09.762Z UTC
@p:ubcv:r:2639dea1-87414f99 Campus Energy Centre Feeder 60L56 Real Power,"","","","","","","","",✓,"",ok,11044.833984375kW,"","",$equipRef $navName,"","","","",@p:ubcv:r:2639de17-51150094 Campus Energy Centre Feeder 60L56,"","","",@p:ubcv:r:21697fca-faa5ef20 Campus Energy Centre Utilities,✓,79.0992644352083kW,15min,2020-05-12T14:24:52-07:00 Los_Angeles,"","",10834,2020-04-28T15:15:00-07:00 Los_Angeles,ok,"","",Number,"",Real Power,"","",@p:ubcv:r:26349586-6a57daa8 Substation KepServer,ns=2;s=Utilities.UNY Substation.UNY_Feeder_60L56_1.kW tot,✓,✓,"",✓,"","","","",✓,✓,@p:ubcv:r:205b02b4-224a0e75 Campus Energy Centre,"","","","","","",Los_Angeles,kW,"","",2020-05-12T08:00:09.758Z UTC
@p:ubcv:r:25a65b6e-394ad43c Campus Energy Centre Process System CEC Entering Temp,"","","","","","","",@p:ubcv:r:25fe9141-0e2ce41f Factorytalk KepServer,✓,"",ok,65.5999984741211°C,"","",$equipRef $navName,"","","",✓,@p:ubcv:r:25a65484-0c6d176a Campus Energy Centre Process System,"","","",@p:ubcv:r:21dff50a-c031b152 Campus Energy Centre Plant Systems,✓,1°C,15min,2020-05-12T14:15:00-07:00 Los_Angeles,"","",16824,2020-01-06T13:00:00-08:00 Los_Angeles,ok,"",✓,Number,"",CEC Entering Temp,"","",@p:ubcv:r:25fe9141-0e2ce41f Factorytalk KepServer,ns=2;s=SkySpark.CEC.Process.CEC_Entering_Temp,✓,✓,"","","",✓,"","","",✓,@p:ubcv:r:205b02b4-224a0e75 Campus Energy Centre,"","","","","",✓,Los_Angeles,°C,"",✓,2020-03-17T20:57:47.078Z UTC
@p:ubcv:r:25a65484-bf0dbee3 Campus Energy Centre Process System CEC Entering Pressure,"","","","","","","",@p:ubcv:r:25fe9141-0e2ce41f Factorytalk KepServer,✓,"",ok,244.3389434814453kPa,"","",$equipRef $navName,"","","",✓,@p:ubcv:r:25a65484-0c6d176a Campus Energy Centre Process System,"","","",@p:ubcv:r:21dff50a-c031b152 Campus Energy Centre Plant Systems,✓,10kPa,15min,2020-05-12T14:15:00-07:00 Los_Angeles,"","",13922,2020-01-06T12:30:00-08:00 Los_Angeles,ok,"","",Number,"",CEC Entering Pressure,"","",@p:ubcv:r:25fe9141-0e2ce41f Factorytalk KepServer,ns=2;s=SkySpark.CEC.Process.CEC_Entering_Pres,✓,✓,"","",✓,"","","","",✓,@p:ubcv:r:205b02b4-224a0e75 Campus Energy Centre,"","","","","","",Los_Angeles,kPa,"","",2020-03-17T20:57:47.078Z UTC
@p:ubcv:r:2584382d-4b4d63a4 Campus Energy Centre Boiler B-1 Firing Rate,"","","","","","","",@p:ubcv:r:25fe9141-0e2ce41f Factorytalk KepServer,✓,"",ok,0%,"","",$equipRef $navName,"","","","",@p:ubcv:r:258437cc-cc84334e Campus Energy Centre Boiler B-1,"","","",@p:ubcv:r:21dff50a-c031b152 Campus Energy Centre Plant Systems,✓,2.5%,15min,2020-05-12T14:15:00-07:00 Los_Angeles,"","",104754,2019-12-12T08:45:00-08:00 Los_Angeles,ok,"","",Number,"",Firing Rate,"","",@p:ubcv:r:25fe9141-0e2ce41f Factorytalk KepServer,ns=2;s=SkySpark.CEC.Boiler_1.Firing_Rate,✓,✓,"","","","","","","",✓,@p:ubcv:r:205b02b4-224a0e75 Campus Energy Centre,"","","","","","",Los_Angeles,%,"","",2020-03-17T20:57:47.078Z UTC
@p:ubcv:r:25a65daf-e1595faa Campus Energy Centre Fuel Oil Fuel Level,"","","","","","","",@p:ubcv:r:25fe9141-0e2ce41f Factorytalk KepServer,✓,"",ok,347.2077331542969cm,"","",$equipRef $navName,"","","",✓,@p:ubcv:r:25a65d43-b3395830 Campus Energy Centre Fuel Oil,"","","",@p:ubcv:r:21697fca-faa5ef20 Campus Energy Centre Utilities,✓,5cm,15min,2020-05-12T14:15:00-07:00 Los_Angeles,"","",11629,2020-01-06T13:15:00-08:00 Los_Angeles,ok,"","",Number,"",Fuel Level,"","",@p:ubcv:r:25fe9141-0e2ce41f Factorytalk KepServer,ns=2;s=SkySpark.CEC.Fuel_Oil.Tank_Lvl,✓,✓,"","",✓,"","","","",✓,@p:ubcv:r:205b02b4-224a0e75 Campus Energy Centre,"","","","","","",Los_Angeles,cm,"","",2020-03-17T20:57:47.078Z UTC
@p:ubcv:r:25a66eb9-a14ca8de Campus Energy Centre HX-1 CEC GHG Intensity,"","","","","","","","","","","","","","",$equipRef $navName,"","","","",@p:ubcv:r:25843ffe-a76de1a1 Campus Energy Centre HX-1,"","","",@p:ubcv:r:21dff50a-c031b152 Campus Energy Centre Plant Systems,✓,"","","",desCecGhgIntensity,"","","","","","",Number,"",CEC GHG Intensity,"","","","","",✓,"","","","","","","",✓,@p:ubcv:r:205b02b4-224a0e75 Campus Energy Centre,"","","","","","",Los_Angeles,kg/MWh,"","",2020-01-06T22:20:42.974Z UTC
@p:ubcv:r:25853f2f-35112caa Campus Energy Centre Boiler B-1 Exhaust CO2,✓,"","","","","",✓,@p:ubcv:r:25fe9141-0e2ce41f Factorytalk KepServer,✓,"",ok,0%,"","",$equipRef $navName,"","","","",@p:ubcv:r:258437cc-cc84334e Campus Energy Centre Boiler B-1,✓,"","",@p:ubcv:r:21dff50a-c031b152 Campus Energy Centre Plant Systems,✓,1%,15min,2020-05-12T14:15:00-07:00 Los_Angeles,"","",14052,2019-12-12T10:15:00-08:00 Los_Angeles,ok,"","",Number,"",Exhaust CO2,"","",@p:ubcv:r:25fe9141-0e2ce41f Factorytalk KepServer,ns=2;s=SkySpark.CEC.Boiler_1.Exhaust_CO2_Lvl,✓,✓,"","","","","","","",✓,@p:ubcv:r:205b02b4-224a0e75 Campus Energy Centre,"","","","","","",Los_Angeles,%,"","",2020-03-17T20:57:47.078Z UTC
@p:ubcv:r:25a65608-070a9eb6 Campus Energy Centre Process System CEC Flow,"","","","","","","",@p:ubcv:r:25fe9141-0e2ce41f Factorytalk KepServer,✓,m³/h => L/s,ok,45L/s,"","",$equipRef $navName,"","","",✓,@p:ubcv:r:25a65484-0c6d176a Campus Energy Centre Process System,"","","",@p:ubcv:r:21dff50a-c031b152 Campus Energy Centre Plant Systems,✓,5L/s,15min,2020-05-12T14:25:29-07:00 Los_Angeles,"","",123794,2020-01-06T12:45:00-08:00 Los_Angeles,ok,"","",Number,"",CEC Flow,"","",@p:ubcv:r:25fe9141-0e2ce41f Factorytalk KepServer,ns=2;s=SkySpark.CEC.Process.CEC_Flow,✓,✓,"","",✓,"","","","",✓,@p:ubcv:r:205b02b4-224a0e75 Campus Energy Centre,"","","","","","",Los_Angeles,L/s,"","",2020-03-17T20:57:47.078Z UTC
@p:ubcv:r:25853f5e-f47d69c3 Campus Energy Centre Boiler B-1 Exhaust NOx,✓,"","","","","","",@p:ubcv:r:25fe9141-0e2ce41f Factorytalk KepServer,✓,"",ok,0ppm,"","",$equipRef $navName,"","","","",@p:ubcv:r:258437cc-cc84334e Campus Energy Centre Boiler B-1,✓,"","",@p:ubcv:r:21dff50a-c031b152 Campus Energy Centre Plant Systems,✓,2ppm,15min,2020-05-12T14:15:00-07:00 Los_Angeles,"","",14065,2019-12-12T10:15:00-08:00 Los_Angeles,ok,"","",Number,"",Exhaust NOx,✓,"",@p:ubcv:r:25fe9141-0e2ce41f Factorytalk KepServer,ns=2;s=SkySpark.CEC.Boiler_1.Exhaust_NOX_Lvl,✓,✓,"","","","","","","",✓,@p:ubcv:r:205b02b4-224a0e75 Campus Energy Centre,"","","","","","",Los_Angeles,ppm,"","",2020-03-17T20:57:47.078Z UTC
@p:ubcv:r:2639dea1-95908066 Campus Energy Centre Feeder 60L56 Apparent Power,"",✓,"","","","","","",✓,"",ok,11368.609375kVA,"","",$equipRef $navName,"","","","",@p:ubcv:r:2639de17-51150094 Campus Energy Centre Feeder 60L56,"","","",@p:ubcv:r:21697fca-faa5ef20 Campus Energy Centre Utilities,✓,68.79264121802632kVA,15min,2020-05-12T14:24:52-07:00 Los_Angeles,"","",10706,2020-04-28T15:15:00-07:00 Los_Angeles,ok,"","",Number,"",Apparent Power,"","",@p:ubcv:r:26349586-6a57daa8 Substation KepServer,ns=2;s=Utilities.UNY Substation.UNY_Feeder_60L56_1.kVA tot,✓,✓,"",✓,"","","","","",✓,@p:ubcv:r:205b02b4-224a0e75 Campus Energy Centre,"","","","","","",Los_Angeles,kVA,"","",2020-05-12T08:00:09.764Z UTC
@p:ubcv:r:258540c9-93c5f982 Campus Energy Centre Boiler B-2 Exhaust CO,✓,"","","","",✓,"",@p:ubcv:r:25fe9141-0e2ce41f Factorytalk KepServer,✓,"",ok,0ppm,"","",$equipRef $navName,"","","","",@p:ubcv:r:2584399c-1ec9e805 Campus Energy Centre Boiler B-2,✓,"","",@p:ubcv:r:21dff50a-c031b152 Campus Energy Centre Plant Systems,✓,2ppm,15min,2020-05-12T14:15:00-07:00 Los_Angeles,"","",14395,2019-12-12T10:30:00-08:00 Los_Angeles,ok,"","",Number,"",Exhaust CO,"","",@p:ubcv:r:25fe9141-0e2ce41f Factorytalk KepServer,ns=2;s=SkySpark.CEC.Boiler_2.Exhaust_CO_Lvl,✓,✓,"","","","","","","",✓,@p:ubcv:r:205b02b4-224a0e75 Campus Energy Centre,"","","","","","",Los_Angeles,ppm,"","",2020-03-17T20:57:47.078Z UTC
@p:ubcv:r:25a7a08b-697ad982 Campus Energy Centre Boiler B-3 Gas Pressure,"","","","","","","",@p:ubcv:r:25fe9141-0e2ce41f Factorytalk KepServer,✓,"",ok,137.19456481933594kPa,"","",$equipRef $navName,"","","","",@p:ubcv:r:2584399f-0d18bd68 Campus Energy Centre Boiler B-3,"","",✓,@p:ubcv:r:21dff50a-c031b152 Campus Energy Centre Plant Systems,✓,2.5kPa,15min,2020-05-12T14:15:00-07:00 Los_Angeles,"","",11874,2020-01-07T12:15:00-08:00 Los_Angeles,ok,"","",Number,"",Gas Pressure,"","",@p:ubcv:r:25fe9141-0e2ce41f Factorytalk KepServer,ns=2;s=SkySpark.CEC.Process.Gas_Pressure,✓,✓,"","",✓,"","","","",✓,@p:ubcv:r:205b02b4-224a0e75 Campus Energy Centre,"","","","","","",Los_Angeles,kPa,"","",2020-03-17T20:57:47.078Z UTC
@p:ubcv:r:25854150-54f89dac Campus Energy Centre Boiler B-3 Exhaust O2,✓,"","","","","","",@p:ubcv:r:25fe9141-0e2ce41f Factorytalk KepServer,✓,"",ok,3.799999952316284%,"","",$equipRef $navName,"","","","",@p:ubcv:r:2584399f-0d18bd68 Campus Energy Centre Boiler B-3,✓,"","",@p:ubcv:r:21dff50a-c031b152 Campus Energy Centre Plant Systems,✓,1%,15min,2020-05-12T14:24:28-07:00 Los_Angeles,"","",16456,2019-12-12T10:30:00-08:00 Los_Angeles,ok,"","",Number,"",Exhaust O2,"",✓,@p:ubcv:r:25fe9141-0e2ce41f Factorytalk KepServer,ns=2;s=SkySpark.CEC.Boiler_3.Exhaust_O2_Lvl,✓,✓,"","","","","","","",✓,@p:ubcv:r:205b02b4-224a0e75 Campus Energy Centre,"","","","","","",Los_Angeles,%,"","",2020-03-17T20:57:47.078Z UTC
@p:ubcv:r:261537a6-1101f269 Campus Energy Centre Process System Dewey's Test Point,"","","","","","","",@p:ubcv:r:25fe9141-0e2ce41f Factorytalk KepServer,✓,"","","","","",$equipRef $navName,"","","","",@p:ubcv:r:25a65484-0c6d176a Campus Energy Centre Process System,"","","",@p:ubcv:r:21dff50a-c031b152 Campus Energy Centre Plant Systems,✓,0.25MW,15min,2020-04-20T09:51:17-07:00 Los_Angeles,"","",2138,2020-03-30T16:15:00-07:00 Los_Angeles,ok,"","",Number,"",Dewey's Test Point,"","",@p:ubcv:r:26153764-b9786f9e Dewey's Test Conn,ns=2;s=SkySpark.CEC.Process.CEC_Heat_Output,✓,✓,"",✓,"","","","","",✓,@p:ubcv:r:205b02b4-224a0e75 Campus Energy Centre,"","","","","","",Los_Angeles,MW,"","",2020-03-30T23:05:28.832Z UTC
@p:ubcv:r:25a64cea-05ba8d5c Campus Energy Centre Boiler B-3 Water Flow Rate,"","","","","","","",@p:ubcv:r:25fe9141-0e2ce41f Factorytalk KepServer,✓,m³/h => L/s,ok,219.99998304578995L/s,"","",$equipRef $navName,"","","","",@p:ubcv:r:2584399f-0d18bd68 Campus Energy Centre Boiler B-3,"",✓,"",@p:ubcv:r:21dff50a-c031b152 Campus Energy Centre Plant Systems,✓,1L/s,15min,2020-05-12T14:25:07-07:00 Los_Angeles,"","",66998,2020-01-06T12:00:00-08:00 Los_Angeles,ok,"","",Number,"",Water Flow Rate,"","",@p:ubcv:r:25fe9141-0e2ce41f Factorytalk KepServer,ns=2;s=SkySpark.CEC.Boiler_3.Flow_Rate,✓,✓,"","","","","","","",✓,@p:ubcv:r:205b02b4-224a0e75 Campus Energy Centre,"","","","","","",Los_Angeles,L/s,"","",2020-03-17T20:57:47.078Z UTC
@p:ubcv:r:2639df35-40ef6713 Campus Energy Centre Feeder 60L57 Apparent Power,"",✓,"","","","","","",✓,"",ok,10786.4658203125kVA,"","",$equipRef $navName,"","","","",@p:ubcv:r:2639df1e-594cded1 Campus Energy Centre Feeder 60L57,"","","",@p:ubcv:r:21697fca-faa5ef20 Campus Energy Centre Utilities,✓,62.60253356256929kVA,15min,2020-05-12T14:24:54-07:00 Los_Angeles,"","",10689,2020-04-28T15:12:48-07:00 Los_Angeles,ok,"","",Number,"",Apparent Power,"","",@p:ubcv:r:26349586-6a57daa8 Substation KepServer,ns=2;s=Utilities.UNY Substation.UNY_Feeder_60L57_1.kVA tot,✓,✓,"",✓,"","","","","",✓,@p:ubcv:r:205b02b4-224a0e75 Campus Energy Centre,"","","","","","",Los_Angeles,kVA,"","",2020-05-12T08:00:09.761Z UTC
@p:ubcv:r:25a63f77-79bbb503 Campus Energy Centre Boiler B-1 Leaving Water Temp Setpoint,"","","","","","","",@p:ubcv:r:25fe9141-0e2ce41f Factorytalk KepServer,✓,"",ok,87.94534301757812°C,"","",$equipRef $navName,"","","","",@p:ubcv:r:258437cc-cc84334e Campus Energy Centre Boiler B-1,"","","",@p:ubcv:r:21dff50a-c031b152 Campus Energy Centre Plant Systems,✓,1°C,15min,2020-05-12T14:15:00-07:00 Los_Angeles,"","",12257,2020-01-06T11:00:00-08:00 Los_Angeles,ok,"",✓,Number,✓,Leaving Water Temp Setpoint,"","",@p:ubcv:r:25fe9141-0e2ce41f Factorytalk KepServer,ns=2;s=SkySpark.CEC.Boiler_1.Leaving_Water_Temp_SP,✓,✓,"","","","","","","","",@p:ubcv:r:205b02b4-224a0e75 Campus Energy Centre,"",✓,"","","",✓,Los_Angeles,°C,"",✓,2020-03-17T20:57:47.078Z UTC
@p:ubcv:r:25a6484b-afb7c12c Campus Energy Centre Boiler B-2 Water Flow Rate,"","","","","","","",@p:ubcv:r:25fe9141-0e2ce41f Factorytalk KepServer,✓,m³/h => L/s,ok,7.812500310440857E-4L/s,"","",$equipRef $navName,"","","","",@p:ubcv:r:2584399c-1ec9e805 Campus Energy Centre Boiler B-2,"",✓,"",@p:ubcv:r:21dff50a-c031b152 Campus Energy Centre Plant Systems,✓,1L/s,15min,2020-05-12T14:15:00-07:00 Los_Angeles,"","",53546,2020-01-06T11:45:00-08:00 Los_Angeles,ok,"","",Number,"",Water Flow Rate,"","",@p:ubcv:r:25fe9141-0e2ce41f Factorytalk KepServer,ns=2;s=SkySpark.CEC.Boiler_2.Flow_Rate,✓,✓,"","","","","","","",✓,@p:ubcv:r:205b02b4-224a0e75 Campus Energy Centre,"","","","","","",Los_Angeles,L/s,"","",2020-03-17T20:57:47.078Z UTC
@p:ubcv:r:25854150-3672d211 Campus Energy Centre Boiler B-3 Exhaust Temp,✓,"","","","","","",@p:ubcv:r:25fe9141-0e2ce41f Factorytalk KepServer,✓,"",ok,89°C,"","",$equipRef $navName,"","","","",@p:ubcv:r:2584399f-0d18bd68 Campus Energy Centre Boiler B-3,✓,"","",@p:ubcv:r:21dff50a-c031b152 Campus Energy Centre Plant Systems,✓,5°C,15min,2020-05-12T14:15:00-07:00 Los_Angeles,"","",14561,2019-12-12T10:30:00-08:00 Los_Angeles,ok,"","",Number,"",Exhaust Temp,"","",@p:ubcv:r:25fe9141-0e2ce41f Factorytalk KepServer,ns=2;s=SkySpark.CEC.Boiler_3.Exhaust_Temp,✓,✓,"","","","","","","",✓,@p:ubcv:r:205b02b4-224a0e75 Campus Energy Centre,"","","","","",✓,Los_Angeles,°C,"","",2020-03-17T20:57:47.078Z UTC
@p:ubcv:r:258a78f0-3fd3c785 Campus Energy Centre Boiler B-3 Energy,"","","","","","","",@p:ubcv:r:25fe9141-0e2ce41f Factorytalk KepServer,✓,"",ok,156706.609375MWh,"","",$equipRef $navName,"","",✓,"",@p:ubcv:r:2584399f-0d18bd68 Campus Energy Centre Boiler B-3,"","","",@p:ubcv:r:21dff50a-c031b152 Campus Energy Centre Plant Systems,✓,"",15min,2020-05-12T14:15:00-07:00 Los_Angeles,"","",13641,2019-12-16T09:30:00-08:00 Los_Angeles,ok,✓,"",Number,"",Energy,"","",@p:ubcv:r:25fe9141-0e2ce41f Factorytalk KepServer,ns=2;s=SkySpark.CEC.Boiler_3.Total_Heat_Delivered,✓,✓,"","","","","","","",✓,@p:ubcv:r:205b02b4-224a0e75 Campus Energy Centre,"","","","","","",Los_Angeles,MWh,"","",2020-03-17T20:57:47.078Z UTC
@p:ubcv:r:25a6478b-b758c69f Campus Energy Centre Boiler B-2 Entering Water Temp,"","","","","","","",@p:ubcv:r:25fe9141-0e2ce41f Factorytalk KepServer,✓,"",ok,25.31999969482422°C,"","",$equipRef $navName,"","","",✓,@p:ubcv:r:2584399c-1ec9e805 Campus Energy Centre Boiler B-2,"","","",@p:ubcv:r:21dff50a-c031b152 Campus Energy Centre Plant Systems,✓,1°C,15min,2020-05-12T14:15:00-07:00 Los_Angeles,"","",15040,2020-01-06T11:45:00-08:00 Los_Angeles,ok,"",✓,Number,"",Entering Water Temp,"","",@p:ubcv:r:25fe9141-0e2ce41f Factorytalk KepServer,ns=2;s=SkySpark.CEC.Boiler_2.Entering_Water_Temp,✓,✓,"","","","","","","",✓,@p:ubcv:r:205b02b4-224a0e75 Campus Energy Centre,"","","","","",✓,Los_Angeles,°C,"",✓,2020-03-17T20:57:47.078Z UTC
@p:ubcv:r:258540c9-544f6158 Campus Energy Centre Boiler B-2 Exhaust NOx,✓,"","","","","","",@p:ubcv:r:25fe9141-0e2ce41f Factorytalk KepServer,✓,"",ok,0ppm,"","",$equipRef $navName,"","","","",@p:ubcv:r:2584399c-1ec9e805 Campus Energy Centre Boiler B-2,✓,"","",@p:ubcv:r:21dff50a-c031b152 Campus Energy Centre Plant Systems,✓,2ppm,15min,2020-05-12T14:15:00-07:00 Los_Angeles,"","",26189,2019-12-12T10:30:00-08:00 Los_Angeles,ok,"","",Number,"",Exhaust NOx,✓,"",@p:ubcv:r:25fe9141-0e2ce41f Factorytalk KepServer,ns=2;s=SkySpark.CEC.Boiler_2.Exhaust_NOX_Lvl,✓,✓,"","","","","","","",✓,@p:ubcv:r:205b02b4-224a0e75 Campus Energy Centre,"","","","","","",Los_Angeles,ppm,"","",2020-03-17T20:57:47.078Z UTC
@p:ubcv:r:25854150-0d983b8b Campus Energy Centre Boiler B-3 Efficiency,"","","","","","","",@p:ubcv:r:25fe9141-0e2ce41f Factorytalk KepServer,✓,"",ok,87.69999694824219%,"","",$equipRef $navName,✓,"","","",@p:ubcv:r:2584399f-0d18bd68 Campus Energy Centre Boiler B-3,"","","",@p:ubcv:r:21dff50a-c031b152 Campus Energy Centre Plant Systems,✓,2.5%,15min,2020-05-12T14:15:00-07:00 Los_Angeles,"","",14119,2019-12-12T10:30:00-08:00 Los_Angeles,ok,"","",Number,"",Efficiency,"","",@p:ubcv:r:25fe9141-0e2ce41f Factorytalk KepServer,ns=2;s=SkySpark.CEC.Boiler_3.Efficiency,✓,✓,"","","","","","","",✓,@p:ubcv:r:205b02b4-224a0e75 Campus Energy Centre,"","","","","","",Los_Angeles,%,"","",2020-03-17T20:57:47.078Z UTC
@p:ubcv:r:25a65ad0-0b19ae71 Campus Energy Centre Process System P-103 Status,"","","","","","","",@p:ubcv:r:25fe9141-0e2ce41f Factorytalk KepServer,✓,"",ok,false,"","",$equipRef $navName,"","","",✓,@p:ubcv:r:25a65484-0c6d176a Campus Energy Centre Process System,"","","",@p:ubcv:r:21dff50a-c031b152 Campus Energy Centre Plant Systems,✓,✓,"",2020-05-08T11:46:57-07:00 Los_Angeles,"","",106,2020-01-06T12:53:48-08:00 Los_Angeles,ok,"","",Bool,"",P-103 Status,"","",@p:ubcv:r:25fe9141-0e2ce41f Factorytalk KepServer,ns=2;s=SkySpark.CEC.Process.P_103_Status,✓,✓,"","","","",✓,"","",✓,@p:ubcv:r:205b02b4-224a0e75 Campus Energy Centre,"","","","","","",Los_Angeles,"","","",2020-03-17T20:57:47.078Z UTC
@p:ubcv:r:25a644c7-60799394 Campus Energy Centre Boiler B-1 Entering Water Temp,"","","","","","","",@p:ubcv:r:25fe9141-0e2ce41f Factorytalk KepServer,✓,"",ok,27.700498580932617°C,"","",$equipRef $navName,"","","",✓,@p:ubcv:r:258437cc-cc84334e Campus Energy Centre Boiler B-1,✓,"","",@p:ubcv:r:21dff50a-c031b152 Campus Energy Centre Plant Systems,✓,1°C,15min,2020-05-12T14:15:00-07:00 Los_Angeles,"","",21586,2020-01-06T11:30:00-08:00 Los_Angeles,ok,"",✓,Number,"",Entering Water Temp,"","",@p:ubcv:r:25fe9141-0e2ce41f Factorytalk KepServer,ns=2;s=SkySpark.CEC.Boiler_1.Entering_Water_Temp,✓,✓,"","","","","","","",✓,@p:ubcv:r:205b02b4-224a0e75 Campus Energy Centre,"","","","","",✓,Los_Angeles,°C,"",✓,2020-03-17T20:57:47.078Z UTC
@p:ubcv:r:258540c9-830b1d03 Campus Energy Centre Boiler B-2 Exhaust CO2,✓,"","","","","",✓,@p:ubcv:r:25fe9141-0e2ce41f Factorytalk KepServer,✓,"",ok,0%,"","",$equipRef $navName,"","","","",@p:ubcv:r:2584399c-1ec9e805 Campus Energy Centre Boiler B-2,✓,"","",@p:ubcv:r:21dff50a-c031b152 Campus Energy Centre Plant Systems,✓,1%,15min,2020-05-12T14:15:00-07:00 Los_Angeles,"","",17762,2019-12-12T10:30:00-08:00 Los_Angeles,ok,"","",Number,"",Exhaust CO2,"","",@p:ubcv:r:25fe9141-0e2ce41f Factorytalk KepServer,ns=2;s=SkySpark.CEC.Boiler_2.Exhaust_CO2_Lvl,✓,✓,"","","","","","","",✓,@p:ubcv:r:205b02b4-224a0e75 Campus Energy Centre,"","","","","","",Los_Angeles,%,"","",2020-03-17T20:57:47.078Z UTC
@p:ubcv:r:258578fe-73f17485 Campus Energy Centre Boiler B-1 Power,"","","","","","","",@p:ubcv:r:25fe9141-0e2ce41f Factorytalk KepServer,✓,"",ok,0MW,"","",$equipRef $navName,"","","","",@p:ubcv:r:258437cc-cc84334e Campus Energy Centre Boiler B-1,"","","",@p:ubcv:r:21dff50a-c031b152 Campus Energy Centre Plant Systems,✓,0.25MW,15min,2020-05-12T14:15:00-07:00 Los_Angeles,"","",88762,2019-12-12T14:30:00-08:00 Los_Angeles,ok,"",✓,Number,"",Power,"","",@p:ubcv:r:25fe9141-0e2ce41f Factorytalk KepServer,ns=2;s=SkySpark.CEC.Boiler_1.Heat_Output,✓,✓,"",✓,"","","","","",✓,@p:ubcv:r:205b02b4-224a0e75 Campus Energy Centre,"","","","","","",Los_Angeles,MW,"",✓,2020-03-17T20:57:47.078Z UTC
@p:ubcv:r:25853ec3-3b00e671 Campus Energy Centre Boiler B-1 Exhaust CO,✓,"","","","",✓,"",@p:ubcv:r:25fe9141-0e2ce41f Factorytalk KepServer,✓,"",ok,3ppm,"","",$equipRef $navName,"","","","",@p:ubcv:r:258437cc-cc84334e Campus Energy Centre Boiler B-1,✓,"","",@p:ubcv:r:21dff50a-c031b152 Campus Energy Centre Plant Systems,✓,2ppm,15min,2020-05-12T14:15:00-07:00 Los_Angeles,"","",14069,2019-12-12T10:15:00-08:00 Los_Angeles,ok,"","",Number,"",Exhaust CO,"","",@p:ubcv:r:25fe9141-0e2ce41f Factorytalk KepServer,ns=2;s=SkySpark.CEC.Boiler_1.Exhaust_CO_Lvl,✓,✓,"","","","","","","",✓,@p:ubcv:r:205b02b4-224a0e75 Campus Energy Centre,"","","","","","",Los_Angeles,ppm,"","",2020-03-17T20:57:47.078Z UTC
@p:ubcv:r:25a65b8f-83078fbc Campus Energy Centre Process System CEC Leaving Temp,"","","","","","","",@p:ubcv:r:25fe9141-0e2ce41f Factorytalk KepServer,✓,"",ok,85.66999816894531°C,"","",$equipRef $navName,"","","","",@p:ubcv:r:25a65484-0c6d176a Campus Energy Centre Process System,"","","",@p:ubcv:r:21dff50a-c031b152 Campus Energy Centre Plant Systems,✓,1°C,15min,2020-05-12T14:15:00-07:00 Los_Angeles,"","",14744,2020-01-06T13:00:00-08:00 Los_Angeles,ok,"",✓,Number,✓,CEC Leaving Temp,"","",@p:ubcv:r:25fe9141-0e2ce41f Factorytalk KepServer,ns=2;s=SkySpark.CEC.Process.CEC_Leaving_Temp,✓,✓,"","","",✓,"","","",✓,@p:ubcv:r:205b02b4-224a0e75 Campus Energy Centre,"","","","","",✓,Los_Angeles,°C,"",✓,2020-03-17T20:57:47.078Z UTC
@p:ubcv:r:25a641d1-1cfc1291 Campus Energy Centre Boiler B-2 Leaving Water Temp Setpoint,"","","","","","","",@p:ubcv:r:25fe9141-0e2ce41f Factorytalk KepServer,✓,"",ok,87.95758819580078°C,"","",$equipRef $navName,"","","","",@p:ubcv:r:2584399c-1ec9e805 Campus Energy Centre Boiler B-2,"","","",@p:ubcv:r:21dff50a-c031b152 Campus Energy Centre Plant Systems,✓,1°C,15min,2020-05-12T14:15:00-07:00 Los_Angeles,"","",12077,2020-01-06T11:15:00-08:00 Los_Angeles,ok,"",✓,Number,✓,Leaving Water Temp Setpoint,"","",@p:ubcv:r:25fe9141-0e2ce41f Factorytalk KepServer,ns=2;s=SkySpark.CEC.Boiler_2.Leaving_Water_Temp_SP,✓,✓,"","","","","","","","",@p:ubcv:r:205b02b4-224a0e75 Campus Energy Centre,"",✓,"","","",✓,Los_Angeles,°C,"",✓,2020-03-17T20:57:47.078Z UTC
@p:ubcv:r:258a7873-eeb0bda8 Campus Energy Centre Boiler B-2 Energy,"","","","","","","",@p:ubcv:r:25fe9141-0e2ce41f Factorytalk KepServer,✓,"",ok,131424.703125MWh,"","",$equipRef $navName,"","",✓,"",@p:ubcv:r:2584399c-1ec9e805 Campus Energy Centre Boiler B-2,"","","",@p:ubcv:r:21dff50a-c031b152 Campus Energy Centre Plant Systems,✓,"",15min,2020-05-12T14:15:00-07:00 Los_Angeles,"","",13641,2019-12-16T09:30:00-08:00 Los_Angeles,ok,✓,"",Number,"",Energy,"","",@p:ubcv:r:25fe9141-0e2ce41f Factorytalk KepServer,ns=2;s=SkySpark.CEC.Boiler_2.Total_Heat_Delivered,✓,✓,"","","","","","","",✓,@p:ubcv:r:205b02b4-224a0e75 Campus Energy Centre,"","","","","","",Los_Angeles,MWh,"","",2020-03-17T20:57:47.078Z UTC
@p:ubcv:r:205b03d6-b9859d31 Campus Energy Centre Campus HW Main Meter Flow,"","",@p:ubcv:r:24704ff2-42197e12 CEC DES Meter,AI4,✓,"","",@p:ubcv:r:24704ff2-42197e12 CEC DES Meter,✓,m³/h => L/s,ok,50L/s,"","",$equipRef $navName,"","","","",@p:ubcv:r:205b02f3-c9b5178f Campus Energy Centre Campus HW Main Meter,"",✓,"",@p:ubcv:r:21697fca-faa5ef20 Campus Energy Centre Utilities,✓,1L/s,10min,2020-05-12T14:25:25-07:00 Los_Angeles,"",consumption,475582,2016-05-20T10:15:00-07:00 Los_Angeles,ok,"",✓,Number,"",Flow,"","","","","",✓,✓,"","","","",10625,"",✓,@p:ubcv:r:205b02b4-224a0e75 Campus Energy Centre,538,"","",@p:ubcv:r:23060489-d61f5459 ION DB,✓,"",Los_Angeles,L/s,✓,✓,2020-04-28T00:03:35.878Z UTC
@p:ubcv:r:2584399f-9b7afe66 Campus Energy Centre Boiler B-3 Firing Rate,"","","","","","","",@p:ubcv:r:25fe9141-0e2ce41f Factorytalk KepServer,✓,"",ok,20%,"","",$equipRef $navName,"","","","",@p:ubcv:r:2584399f-0d18bd68 Campus Energy Centre Boiler B-3,"","","",@p:ubcv:r:21dff50a-c031b152 Campus Energy Centre Plant Systems,✓,2.5%,15min,2020-05-12T14:23:36-07:00 Los_Angeles,"","",39347,2019-12-12T08:45:00-08:00 Los_Angeles,ok,"","",Number,"",Firing Rate,"","",@p:ubcv:r:25fe9141-0e2ce41f Factorytalk KepServer,ns=2;s=SkySpark.CEC.Boiler_3.Firing_Rate,✓,✓,"","","","","","","",✓,@p:ubcv:r:205b02b4-224a0e75 Campus Energy Centre,"","","","","","",Los_Angeles,%,"","",2020-03-17T20:57:47.078Z UTC
@p:ubcv:r:25857ae6-20a14786 Campus Energy Centre Boiler B-3 Power,"","","","","","","",@p:ubcv:r:25fe9141-0e2ce41f Factorytalk KepServer,✓,"",ok,4MW,"","",$equipRef $navName,"","","","",@p:ubcv:r:2584399f-0d18bd68 Campus Energy Centre Boiler B-3,"","","",@p:ubcv:r:21dff50a-c031b152 Campus Energy Centre Plant Systems,✓,0.25MW,15min,2020-05-12T14:15:00-07:00 Los_Angeles,"","",36575,2019-12-12T14:45:00-08:00 Los_Angeles,ok,"",✓,Number,"",Power,"","",@p:ubcv:r:25fe9141-0e2ce41f Factorytalk KepServer,ns=2;s=SkySpark.CEC.Boiler_3.Heat_Output,✓,✓,"",✓,"","","","","",✓,@p:ubcv:r:205b02b4-224a0e75 Campus Energy Centre,"","","","","","",Los_Angeles,MW,"",✓,2020-03-17T20:57:47.078Z UTC
@p:ubcv:r:260bb256-4b5cb551 Campus Energy Centre Virtual Campus Meter Energy,"","","","","","","","","","","","","","",$equipRef $navName,"",✓,✓,"",@p:ubcv:r:260bb256-20d19871 Campus Energy Centre Virtual Campus Meter,"","","",@p:ubcv:r:21697fca-faa5ef20 Campus Energy Centre Utilities,✓,"","","",virtualCampusOverall,consumption,"","","",✓,"",Number,"",Energy,"","","","","",✓,"","","","","","","",✓,@p:ubcv:r:205b02b4-224a0e75 Campus Energy Centre,"","","","","","",Los_Angeles,kWh,✓,"",2020-04-28T00:03:35.854Z UTC
@p:ubcv:r:260bb256-93e85635 Campus Energy Centre Virtual Campus Meter Power,"","","","","","","","","","","","","","",$equipRef $navName,"",✓,"","",@p:ubcv:r:260bb256-20d19871 Campus Energy Centre Virtual Campus Meter,"","","",@p:ubcv:r:21697fca-faa5ef20 Campus Energy Centre Utilities,✓,"","","",virtualCampusOverall,"","","","","","",Number,"",Power,"","","","","",✓,"",✓,"","","","","",✓,@p:ubcv:r:205b02b4-224a0e75 Campus Energy Centre,"","","","","","",Los_Angeles,kW,✓,"",2020-05-06T19:21:27.426Z UTC
@p:ubcv:r:2388a048-80f29207 Campus Energy Centre Campus HW Main Meter Water Delta Temp,"","",@p:ubcv:r:24704ff2-42197e12 CEC DES Meter,"",✓,"","","","","","","",✓,✓,$equipRef $navName,"","","","",@p:ubcv:r:205b02f3-c9b5178f Campus Energy Centre Campus HW Main Meter,"","","",@p:ubcv:r:21697fca-faa5ef20 Campus Energy Centre Utilities,✓,"","","",deltaTemp,consumption,"","","","","",Number,"",Water Delta Temp,"","","","","",✓,"","","","","","","","",@p:ubcv:r:205b02b4-224a0e75 Campus Energy Centre,"","","","","",✓,Los_Angeles,°C,✓,✓,2020-04-28T00:03:35.879Z UTC
@p:ubcv:r:258540c9-2237c86a Campus Energy Centre Boiler B-2 Efficiency,"","","","","","","",@p:ubcv:r:25fe9141-0e2ce41f Factorytalk KepServer,✓,"",ok,0%,"","",$equipRef $navName,✓,"","","",@p:ubcv:r:2584399c-1ec9e805 Campus Energy Centre Boiler B-2,"","","",@p:ubcv:r:21dff50a-c031b152 Campus Energy Centre Plant Systems,✓,2.5%,15min,2020-05-12T14:15:00-07:00 Los_Angeles,"","",14091,2019-12-12T10:30:00-08:00 Los_Angeles,ok,"","",Number,"",Efficiency,"","",@p:ubcv:r:25fe9141-0e2ce41f Factorytalk KepServer,ns=2;s=SkySpark.CEC.Boiler_2.Efficiency,✓,✓,"","","","","","","",✓,@p:ubcv:r:205b02b4-224a0e75 Campus Energy Centre,"","","","","","",Los_Angeles,%,"","",2020-03-17T20:57:47.078Z UTC
@p:ubcv:r:25853fde-bc036e88 Campus Energy Centre Boiler B-1 Exhaust Temp,✓,"","","","","","",@p:ubcv:r:25fe9141-0e2ce41f Factorytalk KepServer,✓,"",ok,119°C,"","",$equipRef $navName,"","","","",@p:ubcv:r:258437cc-cc84334e Campus Energy Centre Boiler B-1,✓,"","",@p:ubcv:r:21dff50a-c031b152 Campus Energy Centre Plant Systems,✓,5°C,15min,2020-05-12T14:15:00-07:00 Los_Angeles,"","",14068,2019-12-12T10:15:00-08:00 Los_Angeles,ok,"","",Number,"",Exhaust Temp,"","",@p:ubcv:r:25fe9141-0e2ce41f Factorytalk KepServer,ns=2;s=SkySpark.CEC.Boiler_1.Exhaust_Temp,✓,✓,"","","","","","","",✓,@p:ubcv:r:205b02b4-224a0e75 Campus Energy Centre,"","","","","",✓,Los_Angeles,°C,"","",2020-03-17T20:57:47.078Z UTC
@p:ubcv:r:258a77fa-42b0c137 Campus Energy Centre Boiler B-1 Energy,"","","","","","","",@p:ubcv:r:25fe9141-0e2ce41f Factorytalk KepServer,✓,"",ok,127908.3046875MWh,"","",$equipRef $navName,"","",✓,"",@p:ubcv:r:258437cc-cc84334e Campus Energy Centre Boiler B-1,"","","",@p:ubcv:r:21dff50a-c031b152 Campus Energy Centre Plant Systems,✓,"",15min,2020-05-12T14:15:00-07:00 Los_Angeles,"","",13642,2019-12-16T09:15:00-08:00 Los_Angeles,ok,✓,"",Number,"",Energy,"","",@p:ubcv:r:25fe9141-0e2ce41f Factorytalk KepServer,ns=2;s=SkySpark.CEC.Boiler_1.Total_Heat_Delivered,✓,✓,"","","","","","","",✓,@p:ubcv:r:205b02b4-224a0e75 Campus Energy Centre,"","","","","","",Los_Angeles,MWh,"","",2020-03-17T20:57:47.078Z UTC
@p:ubcv:r:258540c9-8dbfd33c Campus Energy Centre Boiler B-2 Leaving Water Temp,"","","","","","","",@p:ubcv:r:25fe9141-0e2ce41f Factorytalk KepServer,✓,"",ok,0°C,"","",$equipRef $navName,"","","","",@p:ubcv:r:2584399c-1ec9e805 Campus Energy Centre Boiler B-2,"","","",@p:ubcv:r:21dff50a-c031b152 Campus Energy Centre Plant Systems,✓,2°C,15min,2020-05-12T14:15:00-07:00 Los_Angeles,"","",36461,2019-12-12T10:30:00-08:00 Los_Angeles,ok,"",✓,Number,✓,Leaving Water Temp,"","",@p:ubcv:r:25fe9141-0e2ce41f Factorytalk KepServer,ns=2;s=SkySpark.CEC.Boiler_2.Leaving_Water_Temp,✓,✓,"","","","","","","",✓,@p:ubcv:r:205b02b4-224a0e75 Campus Energy Centre,"","","","","",✓,Los_Angeles,°C,"",✓,2020-03-17T20:57:47.078Z UTC
@p:ubcv:r:25857ad0-311fe994 Campus Energy Centre Boiler B-2 Power,"","","","","","","",@p:ubcv:r:25fe9141-0e2ce41f Factorytalk KepServer,✓,"",ok,0MW,"","",$equipRef $navName,"","","","",@p:ubcv:r:2584399c-1ec9e805 Campus Energy Centre Boiler B-2,"","","",@p:ubcv:r:21dff50a-c031b152 Campus Energy Centre Plant Systems,✓,0.25MW,15min,2020-05-12T14:15:00-07:00 Los_Angeles,"","",49208,2019-12-13T00:00:00-08:00 Los_Angeles,ok,"",✓,Number,"",Power,"","",@p:ubcv:r:25fe9141-0e2ce41f Factorytalk KepServer,ns=2;s=SkySpark.CEC.Boiler_2.Heat_Output,✓,✓,"",✓,"","","","","",✓,@p:ubcv:r:205b02b4-224a0e75 Campus Energy Centre,"","","","","","",Los_Angeles,MW,"",✓,2020-03-17T20:57:47.078Z UTC
@p:ubcv:r:25a64385-012f116c Campus Energy Centre Boiler B-1 Water Flow Rate,"","","","","","","",@p:ubcv:r:25fe9141-0e2ce41f Factorytalk KepServer,✓,m³/h => L/s,ok,1.1328125203312489E-7L/s,"","",$equipRef $navName,"","","","",@p:ubcv:r:258437cc-cc84334e Campus Energy Centre Boiler B-1,"",✓,"",@p:ubcv:r:21dff50a-c031b152 Campus Energy Centre Plant Systems,✓,1L/s,15min,2020-05-12T14:15:00-07:00 Los_Angeles,"","",125406,2020-01-06T11:15:00-08:00 Los_Angeles,ok,"",✓,Number,"",Water Flow Rate,"","",@p:ubcv:r:25fe9141-0e2ce41f Factorytalk KepServer,ns=2;s=SkySpark.CEC.Boiler_1.Flow_Rate,✓,✓,"","","","","","","",✓,@p:ubcv:r:205b02b4-224a0e75 Campus Energy Centre,"","","","","","",Los_Angeles,L/s,"",✓,2020-03-17T20:57:47.078Z UTC
@p:ubcv:r:25a64231-fb1d8ef8 Campus Energy Centre Boiler B-3 Leaving Water Temp Setpoint,"","","","","","","",@p:ubcv:r:25fe9141-0e2ce41f Factorytalk KepServer,✓,"",ok,87.95758819580078°C,"","",$equipRef $navName,"","","","",@p:ubcv:r:2584399f-0d18bd68 Campus Energy Centre Boiler B-3,"","","",@p:ubcv:r:21dff50a-c031b152 Campus Energy Centre Plant Systems,✓,1°C,15min,2020-05-12T14:15:00-07:00 Los_Angeles,"","",12131,2020-01-06T11:15:00-08:00 Los_Angeles,ok,"",✓,Number,✓,Leaving Water Temp Setpoint,"","",@p:ubcv:r:25fe9141-0e2ce41f Factorytalk KepServer,ns=2;s=SkySpark.CEC.Boiler_3.Leaving_Water_Temp_SP,✓,✓,"","","","","","","","",@p:ubcv:r:205b02b4-224a0e75 Campus Energy Centre,"",✓,"","","",✓,Los_Angeles,°C,"",✓,2020-03-17T20:57:47.078Z UTC
@p:ubcv:r:25a7a02c-ba60d9f7 Campus Energy Centre Boiler B-1 Gas Pressure,"","","","","","","",@p:ubcv:r:25fe9141-0e2ce41f Factorytalk KepServer,✓,"",ok,137.19456481933594kPa,"","",$equipRef $navName,"","","","",@p:ubcv:r:258437cc-cc84334e Campus Energy Centre Boiler B-1,"","",✓,@p:ubcv:r:21dff50a-c031b152 Campus Energy Centre Plant Systems,✓,2.5kPa,15min,2020-05-12T14:15:00-07:00 Los_Angeles,"","",11874,2020-01-07T12:15:00-08:00 Los_Angeles,ok,"","",Number,"",Gas Pressure,"","",@p:ubcv:r:25fe9141-0e2ce41f Factorytalk KepServer,ns=2;s=SkySpark.CEC.Process.Gas_Pressure,✓,✓,"","",✓,"","","","",✓,@p:ubcv:r:205b02b4-224a0e75 Campus Energy Centre,"","","","","","",Los_Angeles,kPa,"","",2020-03-17T20:57:47.078Z UTC
@p:ubcv:r:2584399c-fb61160d Campus Energy Centre Boiler B-2 Firing Rate,"","","","","","","",@p:ubcv:r:25fe9141-0e2ce41f Factorytalk KepServer,✓,"",ok,0%,"","",$equipRef $navName,"","","","",@p:ubcv:r:2584399c-1ec9e805 Campus Energy Centre Boiler B-2,"","","",@p:ubcv:r:21dff50a-c031b152 Campus Energy Centre Plant Systems,✓,2.5%,15min,2020-05-12T14:15:00-07:00 Los_Angeles,"","",58096,2019-12-12T08:45:00-08:00 Los_Angeles,ok,"","",Number,"",Firing Rate,"","",@p:ubcv:r:25fe9141-0e2ce41f Factorytalk KepServer,ns=2;s=SkySpark.CEC.Boiler_2.Firing_Rate,✓,✓,"","","","","","","",✓,@p:ubcv:r:205b02b4-224a0e75 Campus Energy Centre,"","","","","","",Los_Angeles,%,"","",2020-03-17T20:57:47.078Z UTC
@p:ubcv:r:258540c9-c23e3e0b Campus Energy Centre Boiler B-2 Exhaust Temp,✓,"","","","","","",@p:ubcv:r:25fe9141-0e2ce41f Factorytalk KepServer,✓,"",ok,0°C,"","",$equipRef $navName,"","","","",@p:ubcv:r:2584399c-1ec9e805 Campus Energy Centre Boiler B-2,✓,"","",@p:ubcv:r:21dff50a-c031b152 Campus Energy Centre Plant Systems,✓,5°C,15min,2020-05-12T14:15:00-07:00 Los_Angeles,"","",30188,2019-12-12T10:30:00-08:00 Los_Angeles,ok,"","",Number,"",Exhaust Temp,"","",@p:ubcv:r:25fe9141-0e2ce41f Factorytalk KepServer,ns=2;s=SkySpark.CEC.Boiler_2.Exhaust_Temp,✓,✓,"","","","","","","",✓,@p:ubcv:r:205b02b4-224a0e75 Campus Energy Centre,"","","","","",✓,Los_Angeles,°C,"","",2020-03-17T20:57:47.078Z UTC
@p:ubcv:r:25a65cae-fd2d870f Campus Energy Centre Process System Pump Speed,"","","","","","","",@p:ubcv:r:25fe9141-0e2ce41f Factorytalk KepServer,✓,"",ok,63%,"","",$equipRef $navName,"","","",✓,@p:ubcv:r:25a65484-0c6d176a Campus Energy Centre Process System,"","","",@p:ubcv:r:21dff50a-c031b152 Campus Energy Centre Plant Systems,✓,5%,15min,2020-05-12T14:15:00-07:00 Los_Angeles,"","",11737,2020-01-08T12:00:00-08:00 Los_Angeles,ok,"","",Number,"",Pump Speed,"","",@p:ubcv:r:25fe9141-0e2ce41f Factorytalk KepServer,ns=2;s=SkySpark.CEC.Process.Pump_Speed,✓,✓,"","","","",✓,"","",✓,@p:ubcv:r:205b02b4-224a0e75 Campus Energy Centre,"","",✓,"","","",Los_Angeles,%,"","",2020-03-17T20:57:47.078Z UTC
@p:ubcv:r:25854150-6bc821b2 Campus Energy Centre Boiler B-3 Exhaust CO,✓,"","","","",✓,"",@p:ubcv:r:25fe9141-0e2ce41f Factorytalk KepServer,✓,"",ok,0ppm,"","",$equipRef $navName,"","","","",@p:ubcv:r:2584399f-0d18bd68 Campus Energy Centre Boiler B-3,✓,"","",@p:ubcv:r:21dff50a-c031b152 Campus Energy Centre Plant Systems,✓,2ppm,15min,2020-05-12T14:15:00-07:00 Los_Angeles,"","",14136,2019-12-12T10:30:00-08:00 Los_Angeles,ok,"","",Number,"",Exhaust CO,"","",@p:ubcv:r:25fe9141-0e2ce41f Factorytalk KepServer,ns=2;s=SkySpark.CEC.Boiler_3.Exhaust_CO_Lvl,✓,✓,"","","","","","","",✓,@p:ubcv:r:205b02b4-224a0e75 Campus Energy Centre,"","","","","","",Los_Angeles,ppm,"","",2020-03-17T20:57:47.078Z UTC
@p:ubcv:r:25854150-dadad2c7 Campus Energy Centre Boiler B-3 Leaving Water Temp,"","","","","","","",@p:ubcv:r:25fe9141-0e2ce41f Factorytalk KepServer,✓,"",ok,88°C,"","",$equipRef $navName,"","","","",@p:ubcv:r:2584399f-0d18bd68 Campus Energy Centre Boiler B-3,"","","",@p:ubcv:r:21dff50a-c031b152 Campus Energy Centre Plant Systems,✓,2°C,15min,2020-05-12T14:15:00-07:00 Los_Angeles,"","",19317,2019-12-12T10:30:00-08:00 Los_Angeles,ok,"",✓,Number,✓,Leaving Water Temp,"","",@p:ubcv:r:25fe9141-0e2ce41f Factorytalk KepServer,ns=2;s=SkySpark.CEC.Boiler_3.Leaving_Water_Temp,✓,✓,"","","","","","","",✓,@p:ubcv:r:205b02b4-224a0e75 Campus Energy Centre,"","","","","",✓,Los_Angeles,°C,"",✓,2020-03-17T20:57:47.078Z UTC
@p:ubcv:r:258540c9-f41e9fe8 Campus Energy Centre Boiler B-2 Exhaust O2,✓,"","","","","","",@p:ubcv:r:25fe9141-0e2ce41f Factorytalk KepServer,✓,"",ok,0%,"","",$equipRef $navName,"","","","",@p:ubcv:r:2584399c-1ec9e805 Campus Energy Centre Boiler B-2,✓,"","",@p:ubcv:r:21dff50a-c031b152 Campus Energy Centre Plant Systems,✓,1%,15min,2020-05-12T14:15:00-07:00 Los_Angeles,"","",20663,2019-12-12T10:30:00-08:00 Los_Angeles,ok,"","",Number,"",Exhaust O2,"",✓,@p:ubcv:r:25fe9141-0e2ce41f Factorytalk KepServer,ns=2;s=SkySpark.CEC.Boiler_2.Exhaust_O2_Lvl,✓,✓,"","","","","","","",✓,@p:ubcv:r:205b02b4-224a0e75 Campus Energy Centre,"","","","","","",Los_Angeles,%,"","",2020-03-17T20:57:47.078Z UTC
@p:ubcv:r:25a64cac-fba3e0fa Campus Energy Centre Boiler B-3 Entering Water Temp,"","","","","","","",@p:ubcv:r:25fe9141-0e2ce41f Factorytalk KepServer,✓,"",ok,81.66449737548828°C,"","",$equipRef $navName,"","","",✓,@p:ubcv:r:2584399f-0d18bd68 Campus Energy Centre Boiler B-3,"","","",@p:ubcv:r:21dff50a-c031b152 Campus Energy Centre Plant Systems,✓,1°C,15min,2020-05-12T14:15:00-07:00 Los_Angeles,"","",15226,2020-01-06T12:00:00-08:00 Los_Angeles,ok,"",✓,Number,"",Entering Water Temp,"","",@p:ubcv:r:25fe9141-0e2ce41f Factorytalk KepServer,ns=2;s=SkySpark.CEC.Boiler_3.Entering_Water_Temp,✓,✓,"","","","","","","",✓,@p:ubcv:r:205b02b4-224a0e75 Campus Energy Centre,"","","","","",✓,Los_Angeles,°C,"",✓,2020-03-17T20:57:47.078Z UTC
@p:ubcv:r:25a64961-a5a125fe Campus Energy Centre Boiler B-2 Gas Flow Rate,"","","","","","","",@p:ubcv:r:25fe9141-0e2ce41f Factorytalk KepServer,✓,"",ok,0.002812500111758709m³/h,"","",$equipRef $navName,"","","","",@p:ubcv:r:2584399c-1ec9e805 Campus Energy Centre Boiler B-2,"",✓,✓,@p:ubcv:r:21dff50a-c031b152 Campus Energy Centre Plant Systems,✓,2.5m³/h,15min,2020-05-12T14:15:00-07:00 Los_Angeles,"","",53690,2020-01-06T11:45:00-08:00 Los_Angeles,ok,"","",Number,"",Gas Flow Rate,"","",@p:ubcv:r:25fe9141-0e2ce41f Factorytalk KepServer,ns=2;s=SkySpark.CEC.Boiler_2.Flow_Rate,✓,✓,"","","","","","","",✓,@p:ubcv:r:205b02b4-224a0e75 Campus Energy Centre,"","","","","","",Los_Angeles,m³/h,"","",2020-04-20T17:22:15.061Z UTC
@p:ubcv:r:25843ffe-89a72ce9 Campus Energy Centre Process System CEC Heat Output,"","","","","","","",@p:ubcv:r:25fe9141-0e2ce41f Factorytalk KepServer,✓,"",ok,4.200000286102295MW,"","",$equipRef $navName,"","","","",@p:ubcv:r:25a65484-0c6d176a Campus Energy Centre Process System,"","","",@p:ubcv:r:21dff50a-c031b152 Campus Energy Centre Plant Systems,✓,0.25MW,15min,2020-05-12T14:25:09-07:00 Los_Angeles,"","",176366,2019-12-12T08:45:00-08:00 Los_Angeles,ok,"","",Number,"",CEC Heat Output,"","",@p:ubcv:r:25fe9141-0e2ce41f Factorytalk KepServer,ns=2;s=SkySpark.CEC.Process.CEC_Heat_Output,✓,✓,"",✓,"","","","","",✓,@p:ubcv:r:205b02b4-224a0e75 Campus Energy Centre,"","","","","","",Los_Angeles,MW,"","",2020-03-17T20:57:47.078Z UTC
@p:ubcv:r:205b17b3-76f4a76d Campus Energy Centre Campus HW Main Meter Entering Water Temperature,"","",@p:ubcv:r:24704ff2-42197e12 CEC DES Meter,AI10,✓,"","",@p:ubcv:r:24704ff2-42197e12 CEC DES Meter,✓,"",ok,64.93000030517578°C,"","",$equipRef $navName,"","","",✓,@p:ubcv:r:205b02f3-c9b5178f Campus Energy Centre Campus HW Main Meter,"","","",@p:ubcv:r:21697fca-faa5ef20 Campus Energy Centre Utilities,✓,0.5°C,10min,2020-05-12T14:24:15-07:00 Los_Angeles,"",consumption,199628,2016-11-01T09:30:00-07:00 Los_Angeles,ok,"",✓,Number,"",Entering Water Temperature,"","","","","",✓,✓,"","","","",10652,"",✓,@p:ubcv:r:205b02b4-224a0e75 Campus Energy Centre,538,"","",@p:ubcv:r:23060489-d61f5459 ION DB,✓,✓,Los_Angeles,°C,✓,✓,2020-04-28T00:03:35.88Z UTC
@p:ubcv:r:25a6554b-190f9e16 Campus Energy Centre Process System CEC Leaving Pressure,"","","","","","","",@p:ubcv:r:25fe9141-0e2ce41f Factorytalk KepServer,✓,"",ok,385.79852294921875kPa,"","",$equipRef $navName,"","","",✓,@p:ubcv:r:25a65484-0c6d176a Campus Energy Centre Process System,"","","",@p:ubcv:r:21dff50a-c031b152 Campus Energy Centre Plant Systems,✓,10kPa,15min,2020-05-12T14:15:00-07:00 Los_Angeles,"","",15113,2020-01-06T12:45:00-08:00 Los_Angeles,ok,"","",Number,"",CEC Leaving Pressure,"","",@p:ubcv:r:25fe9141-0e2ce41f Factorytalk KepServer,ns=2;s=SkySpark.CEC.Process.CEC_Leaving_Pres,✓,✓,"","",✓,"","","","",✓,@p:ubcv:r:205b02b4-224a0e75 Campus Energy Centre,"","","","","","",Los_Angeles,kPa,"","",2020-03-17T20:57:47.078Z UTC
@p:ubcv:r:25854150-0488a72f Campus Energy Centre Boiler B-3 Exhaust CO2,✓,"","","","","",✓,@p:ubcv:r:25fe9141-0e2ce41f Factorytalk KepServer,✓,"",ok,9.699999809265137%,"","",$equipRef $navName,"","","","",@p:ubcv:r:2584399f-0d18bd68 Campus Energy Centre Boiler B-3,✓,"","",@p:ubcv:r:21dff50a-c031b152 Campus Energy Centre Plant Systems,✓,1%,15min,2020-05-12T14:24:28-07:00 Los_Angeles,"","",14792,2019-12-12T10:30:00-08:00 Los_Angeles,ok,"","",Number,"",Exhaust CO2,"","",@p:ubcv:r:25fe9141-0e2ce41f Factorytalk KepServer,ns=2;s=SkySpark.CEC.Boiler_3.Exhaust_CO2_Lvl,✓,✓,"","","","","","","",✓,@p:ubcv:r:205b02b4-224a0e75 Campus Energy Centre,"","","","","","",Los_Angeles,%,"","",2020-03-17T20:57:47.078Z UTC
@p:ubcv:r:25853f8d-57f2394e Campus Energy Centre Boiler B-1 Exhaust O2,✓,"","","","","","",@p:ubcv:r:25fe9141-0e2ce41f Factorytalk KepServer,✓,"",ok,15.5%,"","",$equipRef $navName,"","","","",@p:ubcv:r:258437cc-cc84334e Campus Energy Centre Boiler B-1,✓,"","",@p:ubcv:r:21dff50a-c031b152 Campus Energy Centre Plant Systems,✓,1%,15min,2020-05-12T14:15:00-07:00 Los_Angeles,"","",14063,2019-12-12T10:15:00-08:00 Los_Angeles,ok,"","",Number,"",Exhaust O2,"",✓,@p:ubcv:r:25fe9141-0e2ce41f Factorytalk KepServer,ns=2;s=SkySpark.CEC.Boiler_1.Exhaust_O2_Lvl,✓,✓,"","","","","","","",✓,@p:ubcv:r:205b02b4-224a0e75 Campus Energy Centre,"","","","","","",Los_Angeles,%,"","",2020-03-17T20:57:47.078Z UTC
@p:ubcv:r:25a7a07b-104e8862 Campus Energy Centre Boiler B-2 Gas Pressure,"","","","","","","",@p:ubcv:r:25fe9141-0e2ce41f Factorytalk KepServer,✓,"",ok,137.19456481933594kPa,"","",$equipRef $navName,"","","","",@p:ubcv:r:2584399c-1ec9e805 Campus Energy Centre Boiler B-2,"","",✓,@p:ubcv:r:21dff50a-c031b152 Campus Energy Centre Plant Systems,✓,2.5kPa,15min,2020-05-12T14:15:00-07:00 Los_Angeles,"","",11873,2020-01-07T12:15:00-08:00 Los_Angeles,ok,"","",Number,"",Gas Pressure,"","",@p:ubcv:r:25fe9141-0e2ce41f Factorytalk KepServer,ns=2;s=SkySpark.CEC.Process.Gas_Pressure,✓,✓,"","",✓,"","","","",✓,@p:ubcv:r:205b02b4-224a0e75 Campus Energy Centre,"","","","","","",Los_Angeles,kPa,"","",2020-03-17T20:57:47.078Z UTC
@p:ubcv:r:25a645bc-f58a424f Campus Energy Centre Boiler B-1 Gas Flow Rate,"","","","","","","",@p:ubcv:r:25fe9141-0e2ce41f Factorytalk KepServer,✓,"",ok,1.6351700438121952E-8m³/h,"","",$equipRef $navName,"","","","",@p:ubcv:r:258437cc-cc84334e Campus Energy Centre Boiler B-1,"",✓,✓,@p:ubcv:r:21dff50a-c031b152 Campus Energy Centre Plant Systems,✓,2.5m³/h,15min,2020-05-12T14:15:00-07:00 Los_Angeles,"","",143035,2020-01-06T11:30:00-08:00 Los_Angeles,ok,"","",Number,"",Gas Flow Rate,"","",@p:ubcv:r:25fe9141-0e2ce41f Factorytalk KepServer,ns=2;s=SkySpark.CEC.Boiler_1.Gas_Flow_Rate,✓,✓,"","","","","","","",✓,@p:ubcv:r:205b02b4-224a0e75 Campus Energy Centre,"","","","","","",Los_Angeles,m³/h,"","",2020-04-20T17:22:15.128Z UTC
@p:ubcv:r:25854015-28434895 Campus Energy Centre Boiler B-1 Leaving Water Temp,"","","","","","","",@p:ubcv:r:25fe9141-0e2ce41f Factorytalk KepServer,✓,"",ok,71°C,"","",$equipRef $navName,"","","","",@p:ubcv:r:258437cc-cc84334e Campus Energy Centre Boiler B-1,"","","",@p:ubcv:r:21dff50a-c031b152 Campus Energy Centre Plant Systems,✓,2°C,15min,2020-05-12T14:15:00-07:00 Los_Angeles,"","",47499,2019-12-12T10:15:00-08:00 Los_Angeles,ok,"",✓,Number,✓,Leaving Water Temp,"","",@p:ubcv:r:25fe9141-0e2ce41f Factorytalk KepServer,ns=2;s=SkySpark.CEC.Boiler_1.Leaving_Water_Temp,✓,✓,"","","","","","","",✓,@p:ubcv:r:205b02b4-224a0e75 Campus Energy Centre,"","","","","",✓,Los_Angeles,°C,"",✓,2020-03-17T20:57:47.078Z UTC
@p:ubcv:r:25a65ac1-1c45bb80 Campus Energy Centre Process System P-102 Status,"","","","","","","",@p:ubcv:r:25fe9141-0e2ce41f Factorytalk KepServer,✓,"",ok,true,"","",$equipRef $navName,"","","",✓,@p:ubcv:r:25a65484-0c6d176a Campus Energy Centre Process System,"","","",@p:ubcv:r:21dff50a-c031b152 Campus Energy Centre Plant Systems,✓,✓,"",2020-05-08T12:54:19-07:00 Los_Angeles,"","",87,2020-01-06T12:53:31-08:00 Los_Angeles,ok,"","",Bool,"",P-102 Status,"","",@p:ubcv:r:25fe9141-0e2ce41f Factorytalk KepServer,ns=2;s=SkySpark.CEC.Process.P_102_Status,✓,✓,"","","","",✓,"","",✓,@p:ubcv:r:205b02b4-224a0e75 Campus Energy Centre,"","","","","","",Los_Angeles,"","","",2020-03-17T20:57:47.078Z UTC
@p:ubcv:r:205b0343-70d7c00c Campus Energy Centre Campus HW Main Meter Energy,"","",@p:ubcv:r:24704ff2-42197e12 CEC DES Meter,AI1,✓,"","",@p:ubcv:r:24704ff2-42197e12 CEC DES Meter,✓,"",ok,432027.3125MWh,"","",$equipRef $navName,"","",✓,"",@p:ubcv:r:205b02f3-c9b5178f Campus Energy Centre Campus HW Main Meter,"","","",@p:ubcv:r:21697fca-faa5ef20 Campus Energy Centre Utilities,✓,"",15min,2020-05-12T14:15:00-07:00 Los_Angeles,"",consumption,137184,2016-05-20T10:00:00-07:00 Los_Angeles,ok,✓,✓,Number,"",Energy,"","","","","",✓,"","","","","",10364,"",✓,@p:ubcv:r:205b02b4-224a0e75 Campus Energy Centre,538,"","",@p:ubcv:r:23060489-d61f5459 ION DB,✓,"",Los_Angeles,MWh,✓,✓,2020-04-28T00:03:35.881Z UTC
@p:ubcv:r:205b1697-84986d73 Campus Energy Centre Campus HW Main Meter Leaving Water Temperature,"","",@p:ubcv:r:24704ff2-42197e12 CEC DES Meter,AI9,✓,"","",@p:ubcv:r:24704ff2-42197e12 CEC DES Meter,✓,"",ok,85.18999481201172°C,"","",$equipRef $navName,"","","","",@p:ubcv:r:205b02f3-c9b5178f Campus Energy Centre Campus HW Main Meter,"","","",@p:ubcv:r:21697fca-faa5ef20 Campus Energy Centre Utilities,✓,0.5°C,10min,2020-05-12T14:25:35-07:00 Los_Angeles,"",consumption,190954,2016-11-01T09:30:00-07:00 Los_Angeles,ok,"",✓,Number,✓,Leaving Water Temperature,"","","","","",✓,✓,"","","","",10651,"",✓,@p:ubcv:r:205b02b4-224a0e75 Campus Energy Centre,538,"","",@p:ubcv:r:23060489-d61f5459 ION DB,✓,✓,Los_Angeles,°C,✓,✓,2020-04-28T00:03:35.882Z UTC
@p:ubcv:r:25853e91-8cf08b06 Campus Energy Centre Boiler B-1 Efficiency,"","","","","","","",@p:ubcv:r:25fe9141-0e2ce41f Factorytalk KepServer,✓,"",ok,78.69999694824219%,"","",$equipRef $navName,✓,"","","",@p:ubcv:r:258437cc-cc84334e Campus Energy Centre Boiler B-1,"","","",@p:ubcv:r:21dff50a-c031b152 Campus Energy Centre Plant Systems,✓,2.5%,15min,2020-05-12T14:15:00-07:00 Los_Angeles,"","",14064,2019-12-12T10:15:00-08:00 Los_Angeles,ok,"","",Number,"",Efficiency,"","",@p:ubcv:r:25fe9141-0e2ce41f Factorytalk KepServer,ns=2;s=SkySpark.CEC.Boiler_1.Efficiency,✓,✓,"","","","","","","",✓,@p:ubcv:r:205b02b4-224a0e75 Campus Energy Centre,"","","","","","",Los_Angeles,%,"","",2020-03-17T20:57:47.078Z UTC
@p:ubcv:r:263b6ae8-50483173 Campus Energy Centre Feeder 12F26 Apparent Power,"",✓,"","","","","","",✓,"",ok,0kVA,"","",$equipRef $navName,"","","","",@p:ubcv:r:263b6ae8-3547b69d Campus Energy Centre Feeder 12F26,"","","",@p:ubcv:r:21697fca-faa5ef20 Campus Energy Centre Utilities,✓,15.258787113170417kVA,15min,2020-05-12T14:15:00-07:00 Los_Angeles,"","",12396,2020-04-28T15:45:00-07:00 Los_Angeles,ok,"","",Number,"",Apparent Power,"","",@p:ubcv:r:26349586-6a57daa8 Substation KepServer,ns=2;s=Utilities.UNY Substation.UNY_Feeder_12F26.kVA tot,✓,✓,"",✓,"","","","","",✓,@p:ubcv:r:205b02b4-224a0e75 Campus Energy Centre,"","","","","","",Los_Angeles,kVA,"","",2020-05-12T08:00:09.763Z UTC
@p:ubcv:r:205b0392-31f31280 Campus Energy Centre Campus HW Main Meter Power,"","",@p:ubcv:r:24704ff2-42197e12 CEC DES Meter,AI5,✓,"","",@p:ubcv:r:24704ff2-42197e12 CEC DES Meter,✓,"",ok,4.099999904632568MW,"","",$equipRef $navName,"","","","",@p:ubcv:r:205b02f3-c9b5178f Campus Energy Centre Campus HW Main Meter,"","","",@p:ubcv:r:21697fca-faa5ef20 Campus Energy Centre Utilities,✓,0.2904420552927359MW,15min,2020-05-12T14:25:25-07:00 Los_Angeles,"","",333359,2016-05-20T10:30:00-07:00 Los_Angeles,ok,"",✓,Number,"",Power,"","","","","",✓,✓,✓,"","","",10640,"",✓,@p:ubcv:r:205b02b4-224a0e75 Campus Energy Centre,538,"","",@p:ubcv:r:23060489-d61f5459 ION DB,✓,"",Los_Angeles,MW,✓,✓,2020-05-12T08:00:09.76Z UTC
@p:ubcv:r:25a64d3c-a46118d7 Campus Energy Centre Boiler B-3 Gas Flow Rate,"","","","","","","",@p:ubcv:r:25fe9141-0e2ce41f Factorytalk KepServer,✓,"",ok,409.7535400390625m³/h,"","",$equipRef $navName,"","","","",@p:ubcv:r:2584399f-0d18bd68 Campus Energy Centre Boiler B-3,"",✓,✓,@p:ubcv:r:21dff50a-c031b152 Campus Energy Centre Plant Systems,✓,2.5m³/h,15min,2020-05-12T14:24:36-07:00 Los_Angeles,"","",75194,2020-01-06T12:00:00-08:00 Los_Angeles,ok,"","",Number,"",Gas Flow Rate,"","",@p:ubcv:r:25fe9141-0e2ce41f Factorytalk KepServer,ns=2;s=SkySpark.CEC.Boiler_3.Gas_Flow_Rate,✓,✓,"","","","","","","",✓,@p:ubcv:r:205b02b4-224a0e75 Campus Energy Centre,"","","","","","",Los_Angeles,m³/h,"","",2020-04-20T17:22:15.285Z UTC
