id,air,alarm,bacnetConnRef,bacnetCur,bacnetHis,bacnetPoint,bmsName,cmd,connRef,cur,curConvert,curStatus,curVal,delta,deltaTempPoint,disMacro,discharge,elec,energy,entering,enum,equipName,equipRef,exhaust,fan,flow,groupRef,his,hisCollectCov,hisCollectInterval,hisEnd,hisFunc,hisMode,hisSize,hisStart,hisStatus,hisTotalized,hot,jci,kind,lastSynced,leaving,low,navName,noTagMatch,objectId,occ,opcConnRef,opcCur,opcPoint,outside,point,power,pressure,pump,quantityID,run,scheduled,sensor,siteRef,sourceID,sp,sqlConnRef,sqlPoint,tagTableRef,temp,tlName,tz,unit,utilityPoint,valve,volume,water,zachName,zone,mod
@p:ubcv:r:25a64868-d0892507 FNH Unsorted Points JCL-NAE20/N2-A.20A012UN.RHC-D,"","",@p:ubcv:r:25a64785-e0f44e2e FNH (NAE-20),"",TL3000196,"",JCL-NAE20/N2-A.20A012UN.RHC-D,"",@p:ubcv:r:25a64785-e0f44e2e FNH (NAE-20),"","","","","","",$equipRef $bmsName,"","","","","","",@p:ubcv:r:25a64868-2ec1707e FNH Unsorted Points,"","","",@p:ubcv:r:25a64868-ea8dec3e FNH Unsorted Points,✓,"","",2020-05-12T14:30:00-07:00 Los_Angeles,"","",6026,2020-01-05T12:00:00-08:00 Los_Angeles,ok,"","",✓,Number,2020-05-12T14:33:17.935-07:00 Los_Angeles,"","",JCL-NAE20/N2-A.20A012UN.RHC-D,✓,AO3000195,"","","","","",✓,"","","","","","","",@p:ubcv:r:20a64546-f3ae027f FNH,"","","","","","",JCL-NAE20/N2-A.20A012UN.RHC-D.Trend1,Los_Angeles,_,"","","","",FNH.DMP3.RHC-D,"",2020-04-09T19:15:04.398Z UTC
@p:ubcv:r:25a64868-a61fadbf FNH Unsorted Points JCL-NAE20/N2-A.20A003UN.RHC-D3,"","",@p:ubcv:r:25a64785-e0f44e2e FNH (NAE-20),"",TL3000075,"",JCL-NAE20/N2-A.20A003UN.RHC-D3,"",@p:ubcv:r:25a64785-e0f44e2e FNH (NAE-20),"","","","","","",$equipRef $bmsName,"","","","","","",@p:ubcv:r:25a64868-2ec1707e FNH Unsorted Points,"","","",@p:ubcv:r:25a64868-ea8dec3e FNH Unsorted Points,✓,"","",2020-05-12T12:00:00-07:00 Los_Angeles,"","",282,2019-12-24T00:00:00-08:00 Los_Angeles,ok,"","",✓,Number,2020-05-12T14:33:17.813-07:00 Los_Angeles,"","",JCL-NAE20/N2-A.20A003UN.RHC-D3,✓,AO3000074,"","","","","",✓,"","","","","","","",@p:ubcv:r:20a64546-f3ae027f FNH,"","","","","","",JCL-NAE20/N2-A.20A003UN.RHC-D3.Trend1,Los_Angeles,_,"","","","",FNH.DMP1.RHC-D3,"",2020-04-09T19:15:04.399Z UTC
@p:ubcv:r:25a64868-0fd4f5c9 FNH Unsorted Points JCL-NAE20/N2-A.20A012UN.RHC-D2,"","",@p:ubcv:r:25a64785-e0f44e2e FNH (NAE-20),"",TL3000190,"",JCL-NAE20/N2-A.20A012UN.RHC-D2,"",@p:ubcv:r:25a64785-e0f44e2e FNH (NAE-20),"","","","","","",$equipRef $bmsName,"","","","","","",@p:ubcv:r:25a64868-2ec1707e FNH Unsorted Points,"","","",@p:ubcv:r:25a64868-ea8dec3e FNH Unsorted Points,✓,"","",2020-05-12T14:30:00-07:00 Los_Angeles,"","",6026,2020-01-05T12:00:00-08:00 Los_Angeles,ok,"","",✓,Number,2020-05-12T14:33:17.942-07:00 Los_Angeles,"","",JCL-NAE20/N2-A.20A012UN.RHC-D2,✓,AO3000189,"","","","","",✓,"","","","","","","",@p:ubcv:r:20a64546-f3ae027f FNH,"","","","","","",JCL-NAE20/N2-A.20A012UN.RHC-D2.Trend1,Los_Angeles,_,"","","","",FNH.DMP3.RHC-D2,"",2020-04-09T19:15:04.4Z UTC
@p:ubcv:r:25a64868-a7ae7934 FNH Unsorted Points JCL-NAE20/N2-A.20A011UN.RHC-D3,"","",@p:ubcv:r:25a64785-e0f44e2e FNH (NAE-20),"",TL3000188,"",JCL-NAE20/N2-A.20A011UN.RHC-D3,"",@p:ubcv:r:25a64785-e0f44e2e FNH (NAE-20),"","","","","","",$equipRef $bmsName,"","","","","","",@p:ubcv:r:25a64868-2ec1707e FNH Unsorted Points,"","","",@p:ubcv:r:25a64868-ea8dec3e FNH Unsorted Points,✓,"","",2020-05-12T14:30:00-07:00 Los_Angeles,"","",6026,2020-01-05T12:00:00-08:00 Los_Angeles,ok,"","",✓,Number,2020-05-12T14:33:17.949-07:00 Los_Angeles,"","",JCL-NAE20/N2-A.20A011UN.RHC-D3,✓,AO3000187,"","","","","",✓,"","","","","","","",@p:ubcv:r:20a64546-f3ae027f FNH,"","","","","","",JCL-NAE20/N2-A.20A011UN.RHC-D3.Trend1,Los_Angeles,_,"","","","",FNH.DMP3.RHC-D3,"",2020-04-09T19:15:04.401Z UTC
@p:ubcv:r:25a64868-5e145e21 FNH Unsorted Points JCL-NAE20/N2-A.20A001UN.ZN-SP1,"","",@p:ubcv:r:25a64785-e0f44e2e FNH (NAE-20),"",TL3000220,"",JCL-NAE20/N2-A.20A001UN.ZN-SP1,"",@p:ubcv:r:25a64785-e0f44e2e FNH (NAE-20),"","","","","","",$equipRef $bmsName,"","","","","","",@p:ubcv:r:25a64868-2ec1707e FNH Unsorted Points,"","","",@p:ubcv:r:25a64868-ea8dec3e FNH Unsorted Points,✓,"","",2020-05-12T14:30:00-07:00 Los_Angeles,"","",6026,2020-01-05T12:00:00-08:00 Los_Angeles,ok,"","",✓,Number,2020-05-12T14:33:17.956-07:00 Los_Angeles,"","",JCL-NAE20/N2-A.20A001UN.ZN-SP1,✓,AO3000219,"","","","","",✓,"","","","","","","",@p:ubcv:r:20a64546-f3ae027f FNH,"","","","","","",JCL-NAE20/N2-A.20A001UN.ZN-SP1.Trend1,Los_Angeles,°C,"","","","",FNH.RH1.ZN-SP1,"",2020-04-09T19:02:01.316Z UTC
@p:ubcv:r:25a64868-1650f582 FNH Unsorted Points JCL-NAE20/N2-A.20A001UN.ZN-T3,"","",@p:ubcv:r:25a64785-e0f44e2e FNH (NAE-20),"",TL3000032,"",JCL-NAE20/N2-A.20A001UN.ZN-T3,"",@p:ubcv:r:25a64785-e0f44e2e FNH (NAE-20),"","","","","","",$equipRef $bmsName,"","","","","","",@p:ubcv:r:25a64868-2ec1707e FNH Unsorted Points,"","","",@p:ubcv:r:25a64868-ea8dec3e FNH Unsorted Points,✓,"","",2020-05-12T14:30:00-07:00 Los_Angeles,"","",6026,2020-01-05T12:00:00-08:00 Los_Angeles,ok,"","",✓,Number,2020-05-12T14:33:17.963-07:00 Los_Angeles,"","",JCL-NAE20/N2-A.20A001UN.ZN-T3,✓,AI3000030,"","","","","",✓,"","","","","","","",@p:ubcv:r:20a64546-f3ae027f FNH,"","","","","","",JCL-NAE20/N2-A.20A001UN.ZN-T3.Trend1,Los_Angeles,°C,"","","","",FNH.RH1.ZN-T3,"",2020-04-09T19:02:01.317Z UTC
@p:ubcv:r:25a64868-c5c591b0 FNH Unsorted Points JCL-NAE20/N2-A.20A002UN.ZN-SP2,"","",@p:ubcv:r:25a64785-e0f44e2e FNH (NAE-20),"",TL3000247,"",JCL-NAE20/N2-A.20A002UN.ZN-SP2,"",@p:ubcv:r:25a64785-e0f44e2e FNH (NAE-20),"","","","","","",$equipRef $bmsName,"","","","","","",@p:ubcv:r:25a64868-2ec1707e FNH Unsorted Points,"","","",@p:ubcv:r:25a64868-ea8dec3e FNH Unsorted Points,✓,"","",2020-05-12T14:30:00-07:00 Los_Angeles,"","",6026,2020-01-05T12:00:00-08:00 Los_Angeles,ok,"","",✓,Number,2020-05-12T14:33:17.974-07:00 Los_Angeles,"","",JCL-NAE20/N2-A.20A002UN.ZN-SP2,✓,AO3000246,"","","","","",✓,"","","","","","","",@p:ubcv:r:20a64546-f3ae027f FNH,"","","","","","",JCL-NAE20/N2-A.20A002UN.ZN-SP2.Trend1,Los_Angeles,°C,"","","","",FNH.RH1.ZN-SP2,"",2020-04-09T19:02:01.318Z UTC
@p:ubcv:r:25a64868-f3ceec2d FNH Unsorted Points JCL-NAE20/N2-A.20A006UN.ZN-T2,"","",@p:ubcv:r:25a64785-e0f44e2e FNH (NAE-20),"",TL3000106,"",JCL-NAE20/N2-A.20A006UN.ZN-T2,"",@p:ubcv:r:25a64785-e0f44e2e FNH (NAE-20),"","","","","","",$equipRef $bmsName,"","","","","","",@p:ubcv:r:25a64868-2ec1707e FNH Unsorted Points,"","","",@p:ubcv:r:25a64868-ea8dec3e FNH Unsorted Points,✓,"","",2020-05-12T14:30:00-07:00 Los_Angeles,"","",6026,2020-01-05T12:00:00-08:00 Los_Angeles,ok,"","",✓,Number,2020-05-12T14:33:17.981-07:00 Los_Angeles,"","",JCL-NAE20/N2-A.20A006UN.ZN-T2,✓,AI3000104,"","","","","",✓,"","","","","","","",@p:ubcv:r:20a64546-f3ae027f FNH,"","","","","","",JCL-NAE20/N2-A.20A006UN.ZN-T2.Trend1,Los_Angeles,°C,"","","","",FNH.RH2.ZN-T2,"",2020-04-09T19:02:01.319Z UTC
@p:ubcv:r:25a64868-29a8f2e6 FNH Unsorted Points JCL-NAE20/N2-A.20A003UN.COOL1-T,"","",@p:ubcv:r:25a64785-e0f44e2e FNH (NAE-20),"",TL3000064,"",JCL-NAE20/N2-A.20A003UN.COOL1-T,"",@p:ubcv:r:25a64785-e0f44e2e FNH (NAE-20),"","","","","","",$equipRef $bmsName,"","","","","","",@p:ubcv:r:25a64868-2ec1707e FNH Unsorted Points,"","","",@p:ubcv:r:25a64868-ea8dec3e FNH Unsorted Points,✓,"","",2020-05-12T14:30:00-07:00 Los_Angeles,"","",6026,2020-01-05T12:00:00-08:00 Los_Angeles,ok,"","",✓,Number,2020-05-12T14:33:17.989-07:00 Los_Angeles,"","",JCL-NAE20/N2-A.20A003UN.COOL1-T,✓,AI3000062,"","","","","",✓,"","","","","","","",@p:ubcv:r:20a64546-f3ae027f FNH,"","","","","","",JCL-NAE20/N2-A.20A003UN.COOL1-T.Trend1,Los_Angeles,°C,"","","","",FNH.MISC.COOL1-T,"",2020-04-09T19:02:01.32Z UTC
@p:ubcv:r:25a64868-dcffa3fc FNH Unsorted Points JCL-NAE20/N2-A.20A015UN.DX1-C,"","",@p:ubcv:r:25a64785-e0f44e2e FNH (NAE-20),"",TL3000341,"",JCL-NAE20/N2-A.20A015UN.DX1-C,"",@p:ubcv:r:25a64785-e0f44e2e FNH (NAE-20),"","","","","","",$equipRef $bmsName,"","","","","Off,On","",@p:ubcv:r:25a64868-2ec1707e FNH Unsorted Points,"","","",@p:ubcv:r:25a64868-ea8dec3e FNH Unsorted Points,✓,"","",2020-05-12T13:42:35-07:00 Los_Angeles,"","",38,2020-01-08T08:02:32-08:00 Los_Angeles,ok,"","",✓,Bool,2020-05-12T14:33:17.918-07:00 Los_Angeles,"","",JCL-NAE20/N2-A.20A015UN.DX1-C,✓,BO3000340,"","","","","",✓,"","","","","","","",@p:ubcv:r:20a64546-f3ae027f FNH,"","","","","","",JCL-NAE20/N2-A.20A015UN.DX1-C.Trend1,Los_Angeles,"","","","","",FNH.HVAC1.DX1-C,"",2020-04-08T18:55:34.247Z UTC
@p:ubcv:r:25a64868-0077d57c FNH Unsorted Points JCL-NAE20/N2-A.20A001UN.RHC-V4,"","",@p:ubcv:r:25a64785-e0f44e2e FNH (NAE-20),"",TL3000043,"",JCL-NAE20/N2-A.20A001UN.RHC-V4,"",@p:ubcv:r:25a64785-e0f44e2e FNH (NAE-20),"","","","","","",$equipRef $bmsName,"","","","","","",@p:ubcv:r:25a64868-2ec1707e FNH Unsorted Points,"","","",@p:ubcv:r:25a64868-ea8dec3e FNH Unsorted Points,✓,"","",2020-05-12T14:30:00-07:00 Los_Angeles,"","",6026,2020-01-05T12:00:00-08:00 Los_Angeles,ok,"","",✓,Number,2020-05-12T14:33:17.996-07:00 Los_Angeles,"","",JCL-NAE20/N2-A.20A001UN.RHC-V4,✓,AO3000042,"","","","","",✓,"","","","","","","",@p:ubcv:r:20a64546-f3ae027f FNH,"","","","","","",JCL-NAE20/N2-A.20A001UN.RHC-V4.Trend1,Los_Angeles,%,"","","","",FNH.RH1.RHC-V4,"",2020-04-09T19:02:01.321Z UTC
@p:ubcv:r:25a64868-4e4481e2 FNH Unsorted Points JCL-NAE20/N2-A.20A009UN.ZN-T2,"","",@p:ubcv:r:25a64785-e0f44e2e FNH (NAE-20),"",TL3000148,"",JCL-NAE20/N2-A.20A009UN.ZN-T2,"",@p:ubcv:r:25a64785-e0f44e2e FNH (NAE-20),"","","","","","",$equipRef $bmsName,"","","","","","",@p:ubcv:r:25a64868-2ec1707e FNH Unsorted Points,"","","",@p:ubcv:r:25a64868-ea8dec3e FNH Unsorted Points,✓,"","",2020-05-12T14:30:00-07:00 Los_Angeles,"","",6026,2020-01-05T12:00:00-08:00 Los_Angeles,ok,"","",✓,Number,2020-05-12T14:33:18.003-07:00 Los_Angeles,"","",JCL-NAE20/N2-A.20A009UN.ZN-T2,✓,AI3000146,"","","","","",✓,"","","","","","","",@p:ubcv:r:20a64546-f3ae027f FNH,"","","","","","",JCL-NAE20/N2-A.20A009UN.ZN-T2.Trend1,Los_Angeles,°C,"","","","",FNH.RH3.ZN-T2,"",2020-04-09T19:02:01.322Z UTC
@p:ubcv:r:25a64868-f945414a FNH Unsorted Points JCL-NAE20/N2-A.20A007UN.RHC-D2,"","",@p:ubcv:r:25a64785-e0f44e2e FNH (NAE-20),"",TL3000132,"",JCL-NAE20/N2-A.20A007UN.RHC-D2,"",@p:ubcv:r:25a64785-e0f44e2e FNH (NAE-20),"","","","","","",$equipRef $bmsName,"","","","","","",@p:ubcv:r:25a64868-2ec1707e FNH Unsorted Points,"","","",@p:ubcv:r:25a64868-ea8dec3e FNH Unsorted Points,✓,"","",2020-05-12T14:30:00-07:00 Los_Angeles,"","",6026,2020-01-05T12:00:00-08:00 Los_Angeles,ok,"","",✓,Number,2020-05-12T14:33:24.363-07:00 Los_Angeles,"","",JCL-NAE20/N2-A.20A007UN.RHC-D2,✓,AO3000131,"","","","","",✓,"","","","","","","",@p:ubcv:r:20a64546-f3ae027f FNH,"","","","","","",JCL-NAE20/N2-A.20A007UN.RHC-D2.Trend1,Los_Angeles,_,"","","","",FNH.DMP2.RHC-D2,"",2020-04-09T19:15:04.402Z UTC
@p:ubcv:r:25a64868-b0fc08ed FNH Unsorted Points P1 JCL-NAE20/N2-A.20A013UN.P1-S,"","",@p:ubcv:r:25a64785-e0f44e2e FNH (NAE-20),"",TL3000203,"",JCL-NAE20/N2-A.20A013UN.P1-S,"",@p:ubcv:r:25a64785-e0f44e2e FNH (NAE-20),"","","","","","",$equipRef $equipName $bmsName,"","","","","Off,On",P1,@p:ubcv:r:25a64868-2ec1707e FNH Unsorted Points,"","","",@p:ubcv:r:25a64868-ea8dec3e FNH Unsorted Points,✓,"","",2020-05-12T12:00:00-07:00 Los_Angeles,"","",265,2020-01-01T12:00:00-08:00 Los_Angeles,ok,"","",✓,Bool,2020-05-12T14:33:17.82-07:00 Los_Angeles,"","",Run Status,"",BI3000202,"","","","","",✓,"","",✓,"",✓,"",✓,@p:ubcv:r:20a64546-f3ae027f FNH,"","","","",@p:ubcv:r:23e65d3d-742086c0 .+(\.|-|_)P\d+-(FS-)?S,"",JCL-NAE20/N2-A.20A013UN.P1-S.Trend1,Los_Angeles,"","","","","",FNH.HX1.P1-S,"",2020-05-12T11:03:27.55Z UTC
@p:ubcv:r:25a64868-d44696c6 FNH Unsorted Points JCL-NAE20/N2-A.20A003UN.RHC-D2,"","",@p:ubcv:r:25a64785-e0f44e2e FNH (NAE-20),"",TL3000073,"",JCL-NAE20/N2-A.20A003UN.RHC-D2,"",@p:ubcv:r:25a64785-e0f44e2e FNH (NAE-20),"","","","","","",$equipRef $bmsName,"","","","","","",@p:ubcv:r:25a64868-2ec1707e FNH Unsorted Points,"","","",@p:ubcv:r:25a64868-ea8dec3e FNH Unsorted Points,✓,"","",2020-05-12T12:00:00-07:00 Los_Angeles,"","",282,2019-12-24T00:00:00-08:00 Los_Angeles,ok,"","",✓,Number,2020-05-12T14:33:17.829-07:00 Los_Angeles,"","",JCL-NAE20/N2-A.20A003UN.RHC-D2,✓,AO3000072,"","","","","",✓,"","","","","","","",@p:ubcv:r:20a64546-f3ae027f FNH,"","","","","","",JCL-NAE20/N2-A.20A003UN.RHC-D2.Trend1,Los_Angeles,_,"","","","",FNH.DMP1.RHC-D2,"",2020-04-09T19:15:04.403Z UTC
@p:ubcv:r:25a64868-375bc2e0 FNH Unsorted Points JCL-NAE20/N2-A.20A004UN.RHC-D2,"","",@p:ubcv:r:25a64785-e0f44e2e FNH (NAE-20),"",TL3000077,"",JCL-NAE20/N2-A.20A004UN.RHC-D2,"",@p:ubcv:r:25a64785-e0f44e2e FNH (NAE-20),"","","","","","",$equipRef $bmsName,"","","","","","",@p:ubcv:r:25a64868-2ec1707e FNH Unsorted Points,"","","",@p:ubcv:r:25a64868-ea8dec3e FNH Unsorted Points,✓,"","",2020-05-12T12:00:00-07:00 Los_Angeles,"","",282,2019-12-24T00:00:00-08:00 Los_Angeles,ok,"","",✓,Number,2020-05-12T14:33:17.836-07:00 Los_Angeles,"","",JCL-NAE20/N2-A.20A004UN.RHC-D2,✓,AO3000076,"","","","","",✓,"","","","","","","",@p:ubcv:r:20a64546-f3ae027f FNH,"","","","","","",JCL-NAE20/N2-A.20A004UN.RHC-D2.Trend1,Los_Angeles,_,"","","","",FNH.DMP1.RHC-D2,"",2020-04-09T19:15:04.404Z UTC
@p:ubcv:r:25a64868-364b6cfc FNH Unsorted Points JCL-NAE20/N2-A.20A001UN.ZN-T4,"","",@p:ubcv:r:25a64785-e0f44e2e FNH (NAE-20),"",TL3000035,"",JCL-NAE20/N2-A.20A001UN.ZN-T4,"",@p:ubcv:r:25a64785-e0f44e2e FNH (NAE-20),"","","","","","",$equipRef $bmsName,"","","","","","",@p:ubcv:r:25a64868-2ec1707e FNH Unsorted Points,"","","",@p:ubcv:r:25a64868-ea8dec3e FNH Unsorted Points,✓,"","",2020-05-12T14:30:00-07:00 Los_Angeles,"","",6026,2020-01-05T12:00:00-08:00 Los_Angeles,ok,"","",✓,Number,2020-05-12T14:33:24.369-07:00 Los_Angeles,"","",JCL-NAE20/N2-A.20A001UN.ZN-T4,✓,AI3000033,"","","","","",✓,"","","","","","","",@p:ubcv:r:20a64546-f3ae027f FNH,"","","","","","",JCL-NAE20/N2-A.20A001UN.ZN-T4.Trend1,Los_Angeles,°C,"","","","",FNH.RH1.ZN-T4,"",2020-04-09T19:02:01.326Z UTC
@p:ubcv:r:25a64868-04fad0d0 FNH Unsorted Points JCL-NAE20/N2-A.20A010UN.ZN-SP1,"","",@p:ubcv:r:25a64785-e0f44e2e FNH (NAE-20),"",TL3000305,"",JCL-NAE20/N2-A.20A010UN.ZN-SP1,"",@p:ubcv:r:25a64785-e0f44e2e FNH (NAE-20),"","","","","","",$equipRef $bmsName,"","","","","","",@p:ubcv:r:25a64868-2ec1707e FNH Unsorted Points,"","","",@p:ubcv:r:25a64868-ea8dec3e FNH Unsorted Points,✓,"","",2020-05-12T14:30:00-07:00 Los_Angeles,"","",6026,2020-01-05T12:00:00-08:00 Los_Angeles,ok,"","",✓,Number,2020-05-12T14:33:24.376-07:00 Los_Angeles,"","",JCL-NAE20/N2-A.20A010UN.ZN-SP1,✓,AO3000304,"","","","","",✓,"","","","","","","",@p:ubcv:r:20a64546-f3ae027f FNH,"","","","","","",JCL-NAE20/N2-A.20A010UN.ZN-SP1.Trend1,Los_Angeles,°C,"","","","",FNH.RH3.ZN-SP1,"",2020-04-09T19:02:01.327Z UTC
@p:ubcv:r:25a64868-44f27e33 FNH Unsorted Points JCL-NAE20/N2-A.20A002UN.ZN-T2,"","",@p:ubcv:r:25a64785-e0f44e2e FNH (NAE-20),"",TL3000049,"",JCL-NAE20/N2-A.20A002UN.ZN-T2,"",@p:ubcv:r:25a64785-e0f44e2e FNH (NAE-20),"","","","","","",$equipRef $bmsName,"","","","","","",@p:ubcv:r:25a64868-2ec1707e FNH Unsorted Points,"","","",@p:ubcv:r:25a64868-ea8dec3e FNH Unsorted Points,✓,"","",2020-05-12T14:30:00-07:00 Los_Angeles,"","",6026,2020-01-05T12:00:00-08:00 Los_Angeles,ok,"","",✓,Number,2020-05-12T14:33:24.383-07:00 Los_Angeles,"","",JCL-NAE20/N2-A.20A002UN.ZN-T2,✓,AI3000047,"","","","","",✓,"","","","","","","",@p:ubcv:r:20a64546-f3ae027f FNH,"","","","","","",JCL-NAE20/N2-A.20A002UN.ZN-T2.Trend1,Los_Angeles,°C,"","","","",FNH.RH1.ZN-T2,"",2020-04-09T19:02:01.328Z UTC
@p:ubcv:r:25a64868-d55df806 FNH Unsorted Points JCL-NAE20/N2-A.20A006UN.ZN-T,✓,"",@p:ubcv:r:25a64785-e0f44e2e FNH (NAE-20),"",TL3000109,"",JCL-NAE20/N2-A.20A006UN.ZN-T,"",@p:ubcv:r:25a64785-e0f44e2e FNH (NAE-20),"","","","","","",$equipRef $bmsName,"","","","","","",@p:ubcv:r:25a64868-2ec1707e FNH Unsorted Points,"","","",@p:ubcv:r:25a64868-ea8dec3e FNH Unsorted Points,✓,"","",2020-05-12T14:30:00-07:00 Los_Angeles,"","",6026,2020-01-05T12:00:00-08:00 Los_Angeles,ok,"","",✓,Number,2020-05-12T14:33:24.391-07:00 Los_Angeles,"","",Zone Temp,"",AI3000107,"","","","","",✓,"","","","","","",✓,@p:ubcv:r:20a64546-f3ae027f FNH,"","","","",@p:ubcv:r:23e65d3e-80cb0985 .+(\.|-| |_)(SUPRAD)?ZN(LL)?(\d+)?\w?-T,✓,JCL-NAE20/N2-A.20A006UN.ZN-T.Trend1,Los_Angeles,°C,"","","","",FNH.RH2.ZN-T,✓,2020-04-09T19:02:01.329Z UTC
@p:ubcv:r:25a64868-1acc94a8 FNH Unsorted Points JCL-NAE20/N2-A.20A009UN.RHC-V2,"","",@p:ubcv:r:25a64785-e0f44e2e FNH (NAE-20),"",TL3000158,"",JCL-NAE20/N2-A.20A009UN.RHC-V2,"",@p:ubcv:r:25a64785-e0f44e2e FNH (NAE-20),"","","","","","",$equipRef $bmsName,"","","","","","",@p:ubcv:r:25a64868-2ec1707e FNH Unsorted Points,"","","",@p:ubcv:r:25a64868-ea8dec3e FNH Unsorted Points,✓,"","",2020-05-12T14:30:00-07:00 Los_Angeles,"","",6026,2020-01-05T12:00:00-08:00 Los_Angeles,ok,"","",✓,Number,2020-05-12T14:33:24.398-07:00 Los_Angeles,"","",JCL-NAE20/N2-A.20A009UN.RHC-V2,✓,AO3000157,"","","","","",✓,"","","","","","","",@p:ubcv:r:20a64546-f3ae027f FNH,"","","","","","",JCL-NAE20/N2-A.20A009UN.RHC-V2.Trend1,Los_Angeles,%,"","","","",FNH.RH3.RHC-V2,"",2020-04-09T19:02:01.33Z UTC
@p:ubcv:r:25a64868-cf4a4905 FNH Unsorted Points JCL-NAE20/N2-A.20A014UN.PID-OP,"","",@p:ubcv:r:25a64785-e0f44e2e FNH (NAE-20),"",TL3000591,"",JCL-NAE20/N2-A.20A014UN.PID-OP,"",@p:ubcv:r:25a64785-e0f44e2e FNH (NAE-20),"","","","","","",$equipRef $bmsName,"","","","","","",@p:ubcv:r:25a64868-2ec1707e FNH Unsorted Points,"","","",@p:ubcv:r:25a64868-ea8dec3e FNH Unsorted Points,✓,"","",2020-05-12T13:12:15-07:00 Los_Angeles,"","",7641,2020-01-01T13:44:11-08:00 Los_Angeles,ok,"","",✓,Number,2020-05-12T14:33:17.926-07:00 Los_Angeles,"","",JCL-NAE20/N2-A.20A014UN.PID-OP,✓,AO3000590,"","","","","",✓,"","","","","","","",@p:ubcv:r:20a64546-f3ae027f FNH,"","","","","","",JCL-NAE20/N2-A.20A014UN.PID-OP.Trend1,Los_Angeles,%,"","","","",FNH.HVAC1.PID-OP,"",2020-04-09T19:02:01.331Z UTC
@p:ubcv:r:25a64868-9f628acf FNH Unsorted Points JCL-NAE20/N2-A.20A009UN.ZN-SP2,"","",@p:ubcv:r:25a64785-e0f44e2e FNH (NAE-20),"",TL3000290,"",JCL-NAE20/N2-A.20A009UN.ZN-SP2,"",@p:ubcv:r:25a64785-e0f44e2e FNH (NAE-20),"","","","","","",$equipRef $bmsName,"","","","","","",@p:ubcv:r:25a64868-2ec1707e FNH Unsorted Points,"","","",@p:ubcv:r:25a64868-ea8dec3e FNH Unsorted Points,✓,"","",2020-05-12T14:30:00-07:00 Los_Angeles,"","",6026,2020-01-05T12:00:00-08:00 Los_Angeles,ok,"","",✓,Number,2020-05-12T14:33:24.405-07:00 Los_Angeles,"","",JCL-NAE20/N2-A.20A009UN.ZN-SP2,✓,AO3000289,"","","","","",✓,"","","","","","","",@p:ubcv:r:20a64546-f3ae027f FNH,"","","","","","",JCL-NAE20/N2-A.20A009UN.ZN-SP2.Trend1,Los_Angeles,°C,"","","","",FNH.RH3.ZN-SP2,"",2020-04-09T19:02:01.332Z UTC
@p:ubcv:r:263b7697-9ebb6a92 FNH Elec Main Meter Energy,"","","","","","","","",@p:ubcv:r:2549fd47-39d2c491 ION KepServer,✓,"",ok,4313442kWh,"","",$equipRef $navName,"",✓,✓,"","","",@p:ubcv:r:20a64546-8544b88b FNH Elec Main Meter,"","","",@p:ubcv:r:21697fca-d8ee0da0 FNH Utilities,✓,"",15min,2020-05-12T14:30:00-07:00 Los_Angeles,"",consumption,319750,2011-03-31T17:00:00-07:00 Los_Angeles,ok,✓,"","",Number,"","","",Energy,"","","",@p:ubcv:r:2549fd47-39d2c491 ION KepServer,ns=2;s=ION - Local.OPC DA.Buildings_FNH_449.Elec_Energy,✓,"",✓,"","","",10393,"","",✓,@p:ubcv:r:20a64546-f3ae027f FNH,62,"",@p:ubcv:r:23060489-d61f5459 ION DB,✓,"","","",Los_Angeles,kWh,✓,"","","","","",2020-05-04T19:39:55.077Z UTC
@p:ubcv:r:25a64868-3ba4bbc5 FNH Unsorted Points JCL-NAE20/N2-A.20A003UN.COOL2-T,"","",@p:ubcv:r:25a64785-e0f44e2e FNH (NAE-20),"",TL3000067,"",JCL-NAE20/N2-A.20A003UN.COOL2-T,"",@p:ubcv:r:25a64785-e0f44e2e FNH (NAE-20),"","","","","","",$equipRef $bmsName,"","","","","","",@p:ubcv:r:25a64868-2ec1707e FNH Unsorted Points,"","","",@p:ubcv:r:25a64868-ea8dec3e FNH Unsorted Points,✓,"","",2020-05-12T14:33:00-07:00 Los_Angeles,"","",31219,2020-01-05T12:00:00-08:00 Los_Angeles,ok,"","",✓,Number,2020-05-12T14:33:24.985-07:00 Los_Angeles,"","",JCL-NAE20/N2-A.20A003UN.COOL2-T,✓,AI3000065,"","","","","",✓,"","","","","","","",@p:ubcv:r:20a64546-f3ae027f FNH,"","","","","","",JCL-NAE20/N2-A.20A003UN.COOL2-T.Trend1,Los_Angeles,°C,"","","","",FNH.MISC.COOL2-T,"",2020-04-09T19:02:01.333Z UTC
@p:ubcv:r:25a64868-1e3cc93b FNH Unsorted Points JCL-NAE20/N2-A.20A015UN.LT-A,"",✓,@p:ubcv:r:25a64785-e0f44e2e FNH (NAE-20),"",TL3000339,"",JCL-NAE20/N2-A.20A015UN.LT-A,"",@p:ubcv:r:25a64785-e0f44e2e FNH (NAE-20),"","","","","","",$equipRef $bmsName,"","","","","Normal,Alarm","",@p:ubcv:r:25a64868-2ec1707e FNH Unsorted Points,"","","",@p:ubcv:r:25a64868-ea8dec3e FNH Unsorted Points,✓,"","",2020-04-07T16:20:23-07:00 Los_Angeles,"","",23,2020-01-08T08:06:46-08:00 Los_Angeles,ok,"","",✓,Bool,2020-05-12T14:33:17.793-07:00 Los_Angeles,"",✓,Low Temp Alarm,"",BI3000337,"","","","","",✓,"","","","","","","",@p:ubcv:r:20a64546-f3ae027f FNH,"","","","",@p:ubcv:r:24f02881-3b6e10f7 .+(\.|-| |_)LT-A(LM)?,✓,JCL-NAE20/N2-A.20A015UN.LT-A.Trend1,Los_Angeles,"","","","","",FNH.HVAC1.LT-A,"",2020-04-08T18:55:34.037Z UTC
@p:ubcv:r:25a64868-48524369 FNH Unsorted Points JCL-NAE20/N2-A.20A008UN.RHC-D2,"","",@p:ubcv:r:25a64785-e0f44e2e FNH (NAE-20),"",TL3000136,"",JCL-NAE20/N2-A.20A008UN.RHC-D2,"",@p:ubcv:r:25a64785-e0f44e2e FNH (NAE-20),"","","","","","",$equipRef $bmsName,"","","","","","",@p:ubcv:r:25a64868-2ec1707e FNH Unsorted Points,"","","",@p:ubcv:r:25a64868-ea8dec3e FNH Unsorted Points,✓,"","",2020-05-12T14:30:00-07:00 Los_Angeles,"","",6026,2020-01-05T12:00:00-08:00 Los_Angeles,ok,"","",✓,Number,2020-05-12T14:33:24.412-07:00 Los_Angeles,"","",JCL-NAE20/N2-A.20A008UN.RHC-D2,✓,AO3000135,"","","","","",✓,"","","","","","","",@p:ubcv:r:20a64546-f3ae027f FNH,"","","","","","",JCL-NAE20/N2-A.20A008UN.RHC-D2.Trend1,Los_Angeles,_,"","","","",FNH.DMP2.RHC-D2,"",2020-04-09T19:15:04.405Z UTC
@p:ubcv:r:21dffdad-968031b8 FNH HW Main Meter Entering Water Temp,"","",@p:ubcv:r:21caccc0-e723dab3 FNH DES Meter,AI9,"",✓,"","",@p:ubcv:r:21caccc0-e723dab3 FNH DES Meter,✓,"",ok,84.90999603271484°C,"","",$equipRef $navName,"","","",✓,"","",@p:ubcv:r:20a64546-dcb2ab24 FNH HW Main Meter,"","","",@p:ubcv:r:21697fca-d8ee0da0 FNH Utilities,✓,0.5°C,10min,2020-05-12T14:40:00-07:00 Los_Angeles,"",consumption,199162,2018-01-03T14:10:00-08:00 Los_Angeles,ok,"",✓,"",Number,"","","",Entering Water Temp,"","","","","","","",✓,"","","","","","",✓,@p:ubcv:r:20a64546-f3ae027f FNH,"","","","","",✓,"",Los_Angeles,°C,✓,"","",✓,"","",2020-04-28T00:03:35.727Z UTC
@p:ubcv:r:25a64868-c263a0b2 FNH Unsorted Points P1 JCL-NAE20/N2-A.20A013UN.P1-C,"","",@p:ubcv:r:25a64785-e0f44e2e FNH (NAE-20),"",TL3000741,"",JCL-NAE20/N2-A.20A013UN.P1-C,✓,@p:ubcv:r:25a64785-e0f44e2e FNH (NAE-20),"","","","","","",$equipRef $equipName $bmsName,"","","","","Off,On",P1,@p:ubcv:r:25a64868-2ec1707e FNH Unsorted Points,"","","",@p:ubcv:r:25a64868-ea8dec3e FNH Unsorted Points,✓,"","",2020-05-12T12:00:00-07:00 Los_Angeles,"","",265,2020-01-01T12:00:00-08:00 Los_Angeles,ok,"","",✓,Bool,2020-05-12T14:33:17.844-07:00 Los_Angeles,"","",Run Cmd,"",BO3000208,"","","","","",✓,"","",✓,"",✓,"","",@p:ubcv:r:20a64546-f3ae027f FNH,"","","","",@p:ubcv:r:23e65d3d-604110c2 .+(\.|-|_)C?H?P\d+(-)?C,"",JCL-NAE20/N2-A.20A013UN.P1-C.Trend1,Los_Angeles,"","","","","",FNH.HX1.P1-C,"",2020-05-12T11:03:27.907Z UTC
@p:ubcv:r:25a64868-d2973ff8 FNH Unsorted Points JCL-NAE20/N2-A.20A010UN.ZN-T2,"","",@p:ubcv:r:25a64785-e0f44e2e FNH (NAE-20),"",TL3000165,"",JCL-NAE20/N2-A.20A010UN.ZN-T2,"",@p:ubcv:r:25a64785-e0f44e2e FNH (NAE-20),"","","","","","",$equipRef $bmsName,"","","","","","",@p:ubcv:r:25a64868-2ec1707e FNH Unsorted Points,"","","",@p:ubcv:r:25a64868-ea8dec3e FNH Unsorted Points,✓,"","",2020-05-12T14:30:00-07:00 Los_Angeles,"","",6026,2020-01-05T12:00:00-08:00 Los_Angeles,ok,"","",✓,Number,2020-05-12T14:33:24.42-07:00 Los_Angeles,"","",JCL-NAE20/N2-A.20A010UN.ZN-T2,✓,AI3000163,"","","","","",✓,"","","","","","","",@p:ubcv:r:20a64546-f3ae027f FNH,"","","","","","",JCL-NAE20/N2-A.20A010UN.ZN-T2.Trend1,Los_Angeles,°C,"","","","",FNH.RH3.ZN-T2,"",2020-04-09T19:02:01.335Z UTC
@p:ubcv:r:25a64868-a07e64a5 FNH Unsorted Points JCL-NAE20/N2-A.20A010UN.EA3-D,"","",@p:ubcv:r:25a64785-e0f44e2e FNH (NAE-20),"",TL3000180,"",JCL-NAE20/N2-A.20A010UN.EA3-D,"",@p:ubcv:r:25a64785-e0f44e2e FNH (NAE-20),"","","","","","",$equipRef $bmsName,"","","","","","",@p:ubcv:r:25a64868-2ec1707e FNH Unsorted Points,"","","",@p:ubcv:r:25a64868-ea8dec3e FNH Unsorted Points,✓,"","",2020-05-12T14:30:00-07:00 Los_Angeles,"","",6026,2020-01-05T12:00:00-08:00 Los_Angeles,ok,"","",✓,Number,2020-05-12T14:33:24.428-07:00 Los_Angeles,"","",JCL-NAE20/N2-A.20A010UN.EA3-D,✓,AO3000179,"","","","","",✓,"","","","","","","",@p:ubcv:r:20a64546-f3ae027f FNH,"","","","","","",JCL-NAE20/N2-A.20A010UN.EA3-D.Trend1,Los_Angeles,%,"","","","",FNH.HVAC1.EA3-D,"",2020-04-09T19:02:01.336Z UTC
@p:ubcv:r:25a64868-931ad9b0 FNH Unsorted Points JCL-NAE20/N2-A.20A013UN.HWS-T,"","",@p:ubcv:r:25a64785-e0f44e2e FNH (NAE-20),"",TL3000199,"",JCL-NAE20/N2-A.20A013UN.HWS-T,"",@p:ubcv:r:25a64785-e0f44e2e FNH (NAE-20),"","","","","","",$equipRef $bmsName,"","","","","","",@p:ubcv:r:25a64868-2ec1707e FNH Unsorted Points,"","","",@p:ubcv:r:25a64868-ea8dec3e FNH Unsorted Points,✓,"","",2020-05-12T14:30:00-07:00 Los_Angeles,"","",6026,2020-01-05T12:00:00-08:00 Los_Angeles,ok,"",✓,✓,Number,2020-05-12T14:33:24.435-07:00 Los_Angeles,✓,"",Leaving Hot Water Temp,"",AI3000197,"","","","","",✓,"","","","","","",✓,@p:ubcv:r:20a64546-f3ae027f FNH,"","","","",@p:ubcv:r:23e65d3d-654bc1a2 .+(\.|-|_| )HWS\d?-T,✓,JCL-NAE20/N2-A.20A013UN.HWS-T.Trend1,Los_Angeles,°C,"","","",✓,FNH.HX1.HWS-T,"",2020-04-09T19:02:01.337Z UTC
@p:ubcv:r:25a64868-a42d25d4 FNH Unsorted Points JCL-NAE20/N2-A.20A014UN.EF-VSD,"","",@p:ubcv:r:25a64785-e0f44e2e FNH (NAE-20),"",TL3000323,"",JCL-NAE20/N2-A.20A014UN.EF-VSD,"",@p:ubcv:r:25a64785-e0f44e2e FNH (NAE-20),"","","","","","",$equipRef $bmsName,"","","","","","",@p:ubcv:r:25a64868-2ec1707e FNH Unsorted Points,"","","",@p:ubcv:r:25a64868-ea8dec3e FNH Unsorted Points,✓,"","",2020-05-12T12:00:00-07:00 Los_Angeles,"","",282,2019-12-24T00:00:00-08:00 Los_Angeles,ok,"","",✓,Number,2020-05-12T14:33:17.851-07:00 Los_Angeles,"","",JCL-NAE20/N2-A.20A014UN.EF-VSD,✓,AO3000322,"","","","","",✓,"","","","","","","",@p:ubcv:r:20a64546-f3ae027f FNH,"","","","","","",JCL-NAE20/N2-A.20A014UN.EF-VSD.Trend1,Los_Angeles,%,"","","","",FNH.HVAC1.EF-VSD,"",2020-04-09T19:02:01.338Z UTC
@p:ubcv:r:25a64868-28b2245b FNH Unsorted Points JCL-NAE20/N2-A.20A014UN.Parameters.OCCSTS,"","",@p:ubcv:r:25a64785-e0f44e2e FNH (NAE-20),"",TL3000716,"",JCL-NAE20/N2-A.20A014UN.Parameters.OCCSTS,"",@p:ubcv:r:25a64785-e0f44e2e FNH (NAE-20),"","","","","","",$equipRef $bmsName,"","","","","Unoccupied,Occupied","",@p:ubcv:r:25a64868-2ec1707e FNH Unsorted Points,"","","",@p:ubcv:r:25a64868-ea8dec3e FNH Unsorted Points,✓,"","",2020-05-12T14:30:00-07:00 Los_Angeles,"","",18001,2020-01-05T11:40:00-08:00 Los_Angeles,ok,"","",✓,Bool,2020-05-12T14:33:24.951-07:00 Los_Angeles,"","",JCL-NAE20/N2-A.20A014UN.Parameters.OCCSTS,✓,BI3000327,"","","","","",✓,"","","","","","","",@p:ubcv:r:20a64546-f3ae027f FNH,"","","","","","",JCL-NAE20/N2-A.20A014UN.Parameters.OCCSTS.Trend1,Los_Angeles,"","","","","",FNH.HVAC1.OCCSTS,"",2020-04-08T18:55:19.932Z UTC
@p:ubcv:r:25a64868-dfe41c23 FNH Unsorted Points JCL-NAE20/N2-A.20A012UN.RHC-D4,"","",@p:ubcv:r:25a64785-e0f44e2e FNH (NAE-20),"",TL3000194,"",JCL-NAE20/N2-A.20A012UN.RHC-D4,"",@p:ubcv:r:25a64785-e0f44e2e FNH (NAE-20),"","","","","","",$equipRef $bmsName,"","","","","","",@p:ubcv:r:25a64868-2ec1707e FNH Unsorted Points,"","","",@p:ubcv:r:25a64868-ea8dec3e FNH Unsorted Points,✓,"","",2020-05-12T14:30:00-07:00 Los_Angeles,"","",6026,2020-01-05T12:00:00-08:00 Los_Angeles,ok,"","",✓,Number,2020-05-12T14:33:24.442-07:00 Los_Angeles,"","",JCL-NAE20/N2-A.20A012UN.RHC-D4,✓,AO3000193,"","","","","",✓,"","","","","","","",@p:ubcv:r:20a64546-f3ae027f FNH,"","","","","","",JCL-NAE20/N2-A.20A012UN.RHC-D4.Trend1,Los_Angeles,_,"","","","",FNH.DMP3.RHC-D4,"",2020-04-09T19:15:04.406Z UTC
@p:ubcv:r:25a64868-c61635fc FNH Unsorted Points JCL-NAE20/N2-A.20A007UN.RHC-D,"","",@p:ubcv:r:25a64785-e0f44e2e FNH (NAE-20),"",TL3000128,"",JCL-NAE20/N2-A.20A007UN.RHC-D,"",@p:ubcv:r:25a64785-e0f44e2e FNH (NAE-20),"","","","","","",$equipRef $bmsName,"","","","","","",@p:ubcv:r:25a64868-2ec1707e FNH Unsorted Points,"","","",@p:ubcv:r:25a64868-ea8dec3e FNH Unsorted Points,✓,"","",2020-05-12T14:30:00-07:00 Los_Angeles,"","",6026,2020-01-05T12:00:00-08:00 Los_Angeles,ok,"","",✓,Number,2020-05-12T14:33:24.449-07:00 Los_Angeles,"","",JCL-NAE20/N2-A.20A007UN.RHC-D,✓,AO3000127,"","","","","",✓,"","","","","","","",@p:ubcv:r:20a64546-f3ae027f FNH,"","","","","","",JCL-NAE20/N2-A.20A007UN.RHC-D.Trend1,Los_Angeles,_,"","","","",FNH.DMP2.RHC-D,"",2020-04-09T19:15:04.407Z UTC
@p:ubcv:r:25a64868-cc68face FNH Unsorted Points JCL-NAE20/N2-A.20A009UN.ZN-T4,"","",@p:ubcv:r:25a64785-e0f44e2e FNH (NAE-20),"",TL3000154,"",JCL-NAE20/N2-A.20A009UN.ZN-T4,"",@p:ubcv:r:25a64785-e0f44e2e FNH (NAE-20),"","","","","","",$equipRef $bmsName,"","","","","","",@p:ubcv:r:25a64868-2ec1707e FNH Unsorted Points,"","","",@p:ubcv:r:25a64868-ea8dec3e FNH Unsorted Points,✓,"","",2020-05-12T14:30:00-07:00 Los_Angeles,"","",6026,2020-01-05T12:00:00-08:00 Los_Angeles,ok,"","",✓,Number,2020-05-12T14:33:24.456-07:00 Los_Angeles,"","",JCL-NAE20/N2-A.20A009UN.ZN-T4,✓,AI3000152,"","","","","",✓,"","","","","","","",@p:ubcv:r:20a64546-f3ae027f FNH,"","","","","","",JCL-NAE20/N2-A.20A009UN.ZN-T4.Trend1,Los_Angeles,°C,"","","","",FNH.RH3.ZN-T4,"",2020-04-09T19:02:01.341Z UTC
@p:ubcv:r:25a64868-a136ff75 FNH Unsorted Points JCL-NAE20/N2-A.20A005UN.ZN-SP1,"","",@p:ubcv:r:25a64785-e0f44e2e FNH (NAE-20),"",TL3000252,"",JCL-NAE20/N2-A.20A005UN.ZN-SP1,"",@p:ubcv:r:25a64785-e0f44e2e FNH (NAE-20),"","","","","","",$equipRef $bmsName,"","","","","","",@p:ubcv:r:25a64868-2ec1707e FNH Unsorted Points,"","","",@p:ubcv:r:25a64868-ea8dec3e FNH Unsorted Points,✓,"","",2020-05-12T14:30:00-07:00 Los_Angeles,"","",6026,2020-01-05T12:00:00-08:00 Los_Angeles,ok,"","",✓,Number,2020-05-12T14:33:24.462-07:00 Los_Angeles,"","",JCL-NAE20/N2-A.20A005UN.ZN-SP1,✓,AO3000251,"","","","","",✓,"","","","","","","",@p:ubcv:r:20a64546-f3ae027f FNH,"","","","","","",JCL-NAE20/N2-A.20A005UN.ZN-SP1.Trend1,Los_Angeles,°C,"","","","",FNH.RH2.ZN-SP1,"",2020-04-09T19:02:01.342Z UTC
@p:ubcv:r:25a64868-fe369872 FNH Unsorted Points JCL-NAE20/N2-A.20A010UN.ZN-T,✓,"",@p:ubcv:r:25a64785-e0f44e2e FNH (NAE-20),"",TL3000168,"",JCL-NAE20/N2-A.20A010UN.ZN-T,"",@p:ubcv:r:25a64785-e0f44e2e FNH (NAE-20),"","","","","","",$equipRef $bmsName,"","","","","","",@p:ubcv:r:25a64868-2ec1707e FNH Unsorted Points,"","","",@p:ubcv:r:25a64868-ea8dec3e FNH Unsorted Points,✓,"","",2020-05-12T14:30:00-07:00 Los_Angeles,"","",6026,2020-01-05T12:00:00-08:00 Los_Angeles,ok,"","",✓,Number,2020-05-12T14:33:24.469-07:00 Los_Angeles,"","",Zone Temp,"",AI3000166,"","","","","",✓,"","","","","","",✓,@p:ubcv:r:20a64546-f3ae027f FNH,"","","","",@p:ubcv:r:23e65d3e-80cb0985 .+(\.|-| |_)(SUPRAD)?ZN(LL)?(\d+)?\w?-T,✓,JCL-NAE20/N2-A.20A010UN.ZN-T.Trend1,Los_Angeles,°C,"","","","",FNH.RH3.ZN-T,✓,2020-04-09T19:02:01.343Z UTC
@p:ubcv:r:25a64868-57b4f9ab FNH Unsorted Points JCL-NAE20/N2-A.20A006UN.EA2-D,"","",@p:ubcv:r:25a64785-e0f44e2e FNH (NAE-20),"",TL3000120,"",JCL-NAE20/N2-A.20A006UN.EA2-D,"",@p:ubcv:r:25a64785-e0f44e2e FNH (NAE-20),"","","","","","",$equipRef $bmsName,"","","","","","",@p:ubcv:r:25a64868-2ec1707e FNH Unsorted Points,"","","",@p:ubcv:r:25a64868-ea8dec3e FNH Unsorted Points,✓,"","",2020-05-12T14:30:00-07:00 Los_Angeles,"","",6026,2020-01-05T12:00:00-08:00 Los_Angeles,ok,"","",✓,Number,2020-05-12T14:33:24.476-07:00 Los_Angeles,"","",JCL-NAE20/N2-A.20A006UN.EA2-D,✓,AO3000119,"","","","","",✓,"","","","","","","",@p:ubcv:r:20a64546-f3ae027f FNH,"","","","","","",JCL-NAE20/N2-A.20A006UN.EA2-D.Trend1,Los_Angeles,%,"","","","",FNH.HVAC1.EA2-D,"",2020-04-09T19:02:01.344Z UTC
@p:ubcv:r:25a64868-f060441e FNH Unsorted Points JCL-NAE20/N2-A.20A015UN.OA-T,✓,"",@p:ubcv:r:25a64785-e0f44e2e FNH (NAE-20),"",TL3000332,"",JCL-NAE20/N2-A.20A015UN.OA-T,"",@p:ubcv:r:25a64785-e0f44e2e FNH (NAE-20),"","","","","","",$equipRef $bmsName,"","","","","","",@p:ubcv:r:25a64868-2ec1707e FNH Unsorted Points,"","","",@p:ubcv:r:25a64868-ea8dec3e FNH Unsorted Points,✓,"","",2020-05-12T14:30:00-07:00 Los_Angeles,"","",6026,2020-01-05T12:00:00-08:00 Los_Angeles,ok,"","",✓,Number,2020-05-12T14:33:24.483-07:00 Los_Angeles,"","",Outside Air Temp,"",AI3000331,"","","","",✓,✓,"","","","","","",✓,@p:ubcv:r:20a64546-f3ae027f FNH,"","","","",@p:ubcv:r:23e65d3d-5671e7b8 .+(\.|-| |_)OA(_|-)T,✓,JCL-NAE20/N2-A.20A015UN.OA-T.Trend1,Los_Angeles,°C,"","","","",FNH.HVAC1.OA-T,"",2020-04-09T19:02:01.345Z UTC
@p:ubcv:r:25a64868-d6161554 FNH Unsorted Points JCL-NAE20/N2-A.20A002UN.EA1-D2,"","",@p:ubcv:r:25a64785-e0f44e2e FNH (NAE-20),"",TL3000061,"",JCL-NAE20/N2-A.20A002UN.EA1-D2,"",@p:ubcv:r:25a64785-e0f44e2e FNH (NAE-20),"","","","","","",$equipRef $bmsName,"","","","","","",@p:ubcv:r:25a64868-2ec1707e FNH Unsorted Points,"","","",@p:ubcv:r:25a64868-ea8dec3e FNH Unsorted Points,✓,"","",2020-05-12T14:30:00-07:00 Los_Angeles,"","",6026,2020-01-05T12:00:00-08:00 Los_Angeles,ok,"","",✓,Number,2020-05-12T14:33:24.49-07:00 Los_Angeles,"","",JCL-NAE20/N2-A.20A002UN.EA1-D2,✓,AO3000060,"","","","","",✓,"","","","","","","",@p:ubcv:r:20a64546-f3ae027f FNH,"","","","","","",JCL-NAE20/N2-A.20A002UN.EA1-D2.Trend1,Los_Angeles,%,"","","","",FNH.HVAC1.EA1-D2,"",2020-04-09T19:02:01.346Z UTC
@p:ubcv:r:25a64868-6017b830 FNH Unsorted Points JCL-NAE20/N2-A.20A015UN.SF-S,✓,"",@p:ubcv:r:25a64785-e0f44e2e FNH (NAE-20),"",TL3000683,"",JCL-NAE20/N2-A.20A015UN.SF-S,"",@p:ubcv:r:25a64785-e0f44e2e FNH (NAE-20),"","","","","","",$equipRef $bmsName,✓,"","","","Off,On","",@p:ubcv:r:25a64868-2ec1707e FNH Unsorted Points,"",✓,"",@p:ubcv:r:25a64868-ea8dec3e FNH Unsorted Points,✓,"","",2020-05-12T14:00:00-07:00 Los_Angeles,"","",3126,2020-01-01T12:00:00-08:00 Los_Angeles,ok,"","",✓,Bool,2020-05-12T14:33:24.501-07:00 Los_Angeles,"","",Discharge Fan Run Status,"",BI3000335,"","","","","",✓,"","","","",✓,"",✓,@p:ubcv:r:20a64546-f3ae027f FNH,"","","","",@p:ubcv:r:23e65d3d-fc9f50e0 .+(\.|-| )SF(\d+)?-S(.Trend\d)?,"",JCL-NAE20/N2-A.20A015UN.SF-S.Trend2,Los_Angeles,"","","","","",FNH.HVAC1.SF-S,"",2020-04-08T18:55:28.494Z UTC
@p:ubcv:r:25a64868-8daccea1 FNH Unsorted Points JCL-NAE20/N2-A.20A009UN.RHC-V4,"","",@p:ubcv:r:25a64785-e0f44e2e FNH (NAE-20),"",TL3000162,"",JCL-NAE20/N2-A.20A009UN.RHC-V4,"",@p:ubcv:r:25a64785-e0f44e2e FNH (NAE-20),"","","","","","",$equipRef $bmsName,"","","","","","",@p:ubcv:r:25a64868-2ec1707e FNH Unsorted Points,"","","",@p:ubcv:r:25a64868-ea8dec3e FNH Unsorted Points,✓,"","",2020-05-12T14:30:00-07:00 Los_Angeles,"","",6026,2020-01-05T12:00:00-08:00 Los_Angeles,ok,"","",✓,Number,2020-05-12T14:33:24.508-07:00 Los_Angeles,"","",JCL-NAE20/N2-A.20A009UN.RHC-V4,✓,AO3000161,"","","","","",✓,"","","","","","","",@p:ubcv:r:20a64546-f3ae027f FNH,"","","","","","",JCL-NAE20/N2-A.20A009UN.RHC-V4.Trend1,Los_Angeles,%,"","","","",FNH.RH3.RHC-V4,"",2020-04-09T19:02:01.347Z UTC
@p:ubcv:r:25a64868-b6d27015 FNH Unsorted Points JCL-NAE20/N2-A.20A011UN.RHC-D1,"","",@p:ubcv:r:25a64785-e0f44e2e FNH (NAE-20),"",TL3000184,"",JCL-NAE20/N2-A.20A011UN.RHC-D1,"",@p:ubcv:r:25a64785-e0f44e2e FNH (NAE-20),"","","","","","",$equipRef $bmsName,"","","","","","",@p:ubcv:r:25a64868-2ec1707e FNH Unsorted Points,"","","",@p:ubcv:r:25a64868-ea8dec3e FNH Unsorted Points,✓,"","",2020-05-12T14:30:00-07:00 Los_Angeles,"","",6026,2020-01-05T12:00:00-08:00 Los_Angeles,ok,"","",✓,Number,2020-05-12T14:33:24.515-07:00 Los_Angeles,"","",JCL-NAE20/N2-A.20A011UN.RHC-D1,✓,AO3000183,"","","","","",✓,"","","","","","","",@p:ubcv:r:20a64546-f3ae027f FNH,"","","","","","",JCL-NAE20/N2-A.20A011UN.RHC-D1.Trend1,Los_Angeles,_,"","","","",FNH.DMP3.RHC-D1,"",2020-04-09T19:15:04.408Z UTC
@p:ubcv:r:25a64868-de9e1a1e FNH Unsorted Points JCL-NAE20/N2-A.20A004UN.RHC-D4,"","",@p:ubcv:r:25a64785-e0f44e2e FNH (NAE-20),"",TL3000081,"",JCL-NAE20/N2-A.20A004UN.RHC-D4,"",@p:ubcv:r:25a64785-e0f44e2e FNH (NAE-20),"","","","","","",$equipRef $bmsName,"","","","","","",@p:ubcv:r:25a64868-2ec1707e FNH Unsorted Points,"","","",@p:ubcv:r:25a64868-ea8dec3e FNH Unsorted Points,✓,"","",2020-05-12T14:30:00-07:00 Los_Angeles,"","",6026,2020-01-05T12:00:00-08:00 Los_Angeles,ok,"","",✓,Number,2020-05-12T14:33:24.522-07:00 Los_Angeles,"","",JCL-NAE20/N2-A.20A004UN.RHC-D4,✓,AO3000080,"","","","","",✓,"","","","","","","",@p:ubcv:r:20a64546-f3ae027f FNH,"","","","","","",JCL-NAE20/N2-A.20A004UN.RHC-D4.Trend1,Los_Angeles,_,"","","","",FNH.DMP1.RHC-D4,"",2020-04-09T19:15:04.409Z UTC
@p:ubcv:r:25a64868-cfe52a6e FNH Unsorted Points JCL-NAE20/N2-A.20A001UN.ZN-SP4,"","",@p:ubcv:r:25a64785-e0f44e2e FNH (NAE-20),"",TL3000236,"",JCL-NAE20/N2-A.20A001UN.ZN-SP4,"",@p:ubcv:r:25a64785-e0f44e2e FNH (NAE-20),"","","","","","",$equipRef $bmsName,"","","","","","",@p:ubcv:r:25a64868-2ec1707e FNH Unsorted Points,"","","",@p:ubcv:r:25a64868-ea8dec3e FNH Unsorted Points,✓,"","",2020-05-12T14:30:00-07:00 Los_Angeles,"","",6026,2020-01-05T12:00:00-08:00 Los_Angeles,ok,"","",✓,Number,2020-05-12T14:33:24.529-07:00 Los_Angeles,"","",JCL-NAE20/N2-A.20A001UN.ZN-SP4,✓,AO3000235,"","","","","",✓,"","","","","","","",@p:ubcv:r:20a64546-f3ae027f FNH,"","","","","","",JCL-NAE20/N2-A.20A001UN.ZN-SP4.Trend1,Los_Angeles,°C,"","","","",FNH.RH1.ZN-SP4,"",2020-04-09T19:02:01.35Z UTC
@p:ubcv:r:25a64868-4faf2892 FNH Unsorted Points JCL-NAE20/N2-A.20A008UN.RHC-D,"","",@p:ubcv:r:25a64785-e0f44e2e FNH (NAE-20),"",TL3000142,"",JCL-NAE20/N2-A.20A008UN.RHC-D,"",@p:ubcv:r:25a64785-e0f44e2e FNH (NAE-20),"","","","","","",$equipRef $bmsName,"","","","","","",@p:ubcv:r:25a64868-2ec1707e FNH Unsorted Points,"","","",@p:ubcv:r:25a64868-ea8dec3e FNH Unsorted Points,✓,"","",2020-05-12T14:30:00-07:00 Los_Angeles,"","",6026,2020-01-05T12:00:00-08:00 Los_Angeles,ok,"","",✓,Number,2020-05-12T14:33:24.538-07:00 Los_Angeles,"","",JCL-NAE20/N2-A.20A008UN.RHC-D,✓,AO3000141,"","","","","",✓,"","","","","","","",@p:ubcv:r:20a64546-f3ae027f FNH,"","","","","","",JCL-NAE20/N2-A.20A008UN.RHC-D.Trend1,Los_Angeles,_,"","","","",FNH.DMP2.RHC-D,"",2020-04-09T19:15:04.41Z UTC
@p:ubcv:r:25a64868-92ac10cd FNH Unsorted Points JCL-NAE20/N2-A.20A015UN.DX3-C,"","",@p:ubcv:r:25a64785-e0f44e2e FNH (NAE-20),"",TL3000345,"",JCL-NAE20/N2-A.20A015UN.DX3-C,"",@p:ubcv:r:25a64785-e0f44e2e FNH (NAE-20),"","","","","","",$equipRef $bmsName,"","","","","Off,On","",@p:ubcv:r:25a64868-2ec1707e FNH Unsorted Points,"","","",@p:ubcv:r:25a64868-ea8dec3e FNH Unsorted Points,✓,"","",2020-05-12T14:23:38-07:00 Los_Angeles,"","",94,2020-01-08T08:02:32-08:00 Los_Angeles,ok,"","",✓,Bool,2020-05-12T14:33:17.902-07:00 Los_Angeles,"","",JCL-NAE20/N2-A.20A015UN.DX3-C,✓,BO3000344,"","","","","",✓,"","","","","","","",@p:ubcv:r:20a64546-f3ae027f FNH,"","","","","","",JCL-NAE20/N2-A.20A015UN.DX3-C.Trend1,Los_Angeles,"","","","","",FNH.HVAC1.DX3-C,"",2020-04-08T18:55:34.147Z UTC
@p:ubcv:r:25a64868-5ca55aad FNH Unsorted Points JCL-NAE20/N2-A.20A006UN.ZN-SP2,"","",@p:ubcv:r:25a64785-e0f44e2e FNH (NAE-20),"",TL3000279,"",JCL-NAE20/N2-A.20A006UN.ZN-SP2,"",@p:ubcv:r:25a64785-e0f44e2e FNH (NAE-20),"","","","","","",$equipRef $bmsName,"","","","","","",@p:ubcv:r:25a64868-2ec1707e FNH Unsorted Points,"","","",@p:ubcv:r:25a64868-ea8dec3e FNH Unsorted Points,✓,"","",2020-05-12T14:30:00-07:00 Los_Angeles,"","",6026,2020-01-05T12:00:00-08:00 Los_Angeles,ok,"","",✓,Number,2020-05-12T14:33:24.545-07:00 Los_Angeles,"","",JCL-NAE20/N2-A.20A006UN.ZN-SP2,✓,AO3000278,"","","","","",✓,"","","","","","","",@p:ubcv:r:20a64546-f3ae027f FNH,"","","","","","",JCL-NAE20/N2-A.20A006UN.ZN-SP2.Trend1,Los_Angeles,°C,"","","","",FNH.RH2.ZN-SP2,"",2020-04-09T19:02:01.352Z UTC
@p:ubcv:r:20a64546-dd6d764e FNH HW Main Meter Energy,"","",@p:ubcv:r:21caccc0-e723dab3 FNH DES Meter,AI1,"",✓,"","",@p:ubcv:r:21caccc0-e723dab3 FNH DES Meter,✓,MWh => kWh,ok,5191009.765625kWh,"","",$equipRef $navName,"","",✓,"","","",@p:ubcv:r:20a64546-dcb2ab24 FNH HW Main Meter,"","","",@p:ubcv:r:21697fca-d8ee0da0 FNH Utilities,✓,"",15min,2020-05-12T14:30:00-07:00 Los_Angeles,"",consumption,139156,2016-05-05T11:15:00-07:00 Los_Angeles,ok,✓,✓,"",Number,"","","",Energy,"","","","","","","",✓,"","","",10364,"","",✓,@p:ubcv:r:20a64546-f3ae027f FNH,62,"",@p:ubcv:r:23060489-d61f5459 ION DB,✓,"","","",Los_Angeles,kWh,✓,"","",✓,"","",2020-04-28T00:03:35.728Z UTC
@p:ubcv:r:25a64868-fbbead55 FNH Unsorted Points JCL-NAE20/N2-A.20A010UN.L3-SP,"","",@p:ubcv:r:25a64785-e0f44e2e FNH (NAE-20),"",TL3000171,"",JCL-NAE20/N2-A.20A010UN.L3-SP,"",@p:ubcv:r:25a64785-e0f44e2e FNH (NAE-20),"","","","","","",$equipRef $bmsName,"","","","","","",@p:ubcv:r:25a64868-2ec1707e FNH Unsorted Points,"","","",@p:ubcv:r:25a64868-ea8dec3e FNH Unsorted Points,✓,"","",2020-05-12T14:30:00-07:00 Los_Angeles,"","",6026,2020-01-05T12:00:00-08:00 Los_Angeles,ok,"","",✓,Number,2020-05-12T14:33:24.552-07:00 Los_Angeles,"","",JCL-NAE20/N2-A.20A010UN.L3-SP,✓,AI3000169,"","","","","",✓,"","","","","","","",@p:ubcv:r:20a64546-f3ae027f FNH,"","","","","","",JCL-NAE20/N2-A.20A010UN.L3-SP.Trend1,Los_Angeles,Pa,"","","","",FNH.HVAC1.L3-SP,"",2020-04-09T19:02:01.353Z UTC
@p:ubcv:r:25a64868-d4d58444 FNH Unsorted Points JCL-NAE20/N2-A.20A003UN.RHC-D1,"","",@p:ubcv:r:25a64785-e0f44e2e FNH (NAE-20),"",TL3000071,"",JCL-NAE20/N2-A.20A003UN.RHC-D1,"",@p:ubcv:r:25a64785-e0f44e2e FNH (NAE-20),"","","","","","",$equipRef $bmsName,"","","","","","",@p:ubcv:r:25a64868-2ec1707e FNH Unsorted Points,"","","",@p:ubcv:r:25a64868-ea8dec3e FNH Unsorted Points,✓,"","",2020-05-12T12:00:00-07:00 Los_Angeles,"","",282,2019-12-24T00:00:00-08:00 Los_Angeles,ok,"","",✓,Number,2020-05-12T14:33:17.859-07:00 Los_Angeles,"","",JCL-NAE20/N2-A.20A003UN.RHC-D1,✓,AO3000070,"","","","","",✓,"","","","","","","",@p:ubcv:r:20a64546-f3ae027f FNH,"","","","","","",JCL-NAE20/N2-A.20A003UN.RHC-D1.Trend1,Los_Angeles,_,"","","","",FNH.DMP1.RHC-D1,"",2020-04-09T19:15:04.411Z UTC
@p:ubcv:r:25a64868-2251a46e FNH Unsorted Points JCL-NAE20/N2-A.20A010UN.ZN-SP2,"","",@p:ubcv:r:25a64785-e0f44e2e FNH (NAE-20),"",TL3000311,"",JCL-NAE20/N2-A.20A010UN.ZN-SP2,"",@p:ubcv:r:25a64785-e0f44e2e FNH (NAE-20),"","","","","","",$equipRef $bmsName,"","","","","","",@p:ubcv:r:25a64868-2ec1707e FNH Unsorted Points,"","","",@p:ubcv:r:25a64868-ea8dec3e FNH Unsorted Points,✓,"","",2020-05-12T14:30:00-07:00 Los_Angeles,"","",6026,2020-01-05T12:00:00-08:00 Los_Angeles,ok,"","",✓,Number,2020-05-12T14:33:24.559-07:00 Los_Angeles,"","",JCL-NAE20/N2-A.20A010UN.ZN-SP2,✓,AO3000310,"","","","","",✓,"","","","","","","",@p:ubcv:r:20a64546-f3ae027f FNH,"","","","","","",JCL-NAE20/N2-A.20A010UN.ZN-SP2.Trend1,Los_Angeles,°C,"","","","",FNH.RH3.ZN-SP2,"",2020-04-09T19:02:01.355Z UTC
@p:ubcv:r:25a64868-0ab39e38 FNH Unsorted Points JCL-NAE20/N2-A.20A015UN.HC-V,"","",@p:ubcv:r:25a64785-e0f44e2e FNH (NAE-20),"",TL3000349,"",JCL-NAE20/N2-A.20A015UN.HC-V,"",@p:ubcv:r:25a64785-e0f44e2e FNH (NAE-20),"","","","","","",$equipRef $bmsName,"","","","","","",@p:ubcv:r:25a64868-2ec1707e FNH Unsorted Points,"","","",@p:ubcv:r:25a64868-ea8dec3e FNH Unsorted Points,✓,"","",2020-05-12T14:30:00-07:00 Los_Angeles,"","",6026,2020-01-05T12:00:00-08:00 Los_Angeles,ok,"","",✓,Number,2020-05-12T14:33:24.567-07:00 Los_Angeles,"","",JCL-NAE20/N2-A.20A015UN.HC-V,✓,AO3000348,"","","","","",✓,"","","","","","","",@p:ubcv:r:20a64546-f3ae027f FNH,"","","","","","",JCL-NAE20/N2-A.20A015UN.HC-V.Trend1,Los_Angeles,%,"","","","",FNH.HVAC1.HV-C,"",2020-04-09T19:02:01.356Z UTC
@p:ubcv:r:25a64868-ae25ea0e FNH Unsorted Points JCL-NAE20/N2-A.20A009UN.ZN-T1,"","",@p:ubcv:r:25a64785-e0f44e2e FNH (NAE-20),"",TL3000145,"",JCL-NAE20/N2-A.20A009UN.ZN-T1,"",@p:ubcv:r:25a64785-e0f44e2e FNH (NAE-20),"","","","","","",$equipRef $bmsName,"","","","","","",@p:ubcv:r:25a64868-2ec1707e FNH Unsorted Points,"","","",@p:ubcv:r:25a64868-ea8dec3e FNH Unsorted Points,✓,"","",2020-05-12T14:30:00-07:00 Los_Angeles,"","",6026,2020-01-05T12:00:00-08:00 Los_Angeles,ok,"","",✓,Number,2020-05-12T14:33:24.573-07:00 Los_Angeles,"","",JCL-NAE20/N2-A.20A009UN.ZN-T1,✓,AI3000143,"","","","","",✓,"","","","","","","",@p:ubcv:r:20a64546-f3ae027f FNH,"","","","","","",JCL-NAE20/N2-A.20A009UN.ZN-T1.Trend1,Los_Angeles,°C,"","","","",FNH.RH3.ZN-T1,"",2020-04-09T19:02:01.357Z UTC
@p:ubcv:r:25a64868-b1d4e269 FNH Unsorted Points JCL-NAE20/N2-A.20A009UN.ZN-T3,"","",@p:ubcv:r:25a64785-e0f44e2e FNH (NAE-20),"",TL3000151,"",JCL-NAE20/N2-A.20A009UN.ZN-T3,"",@p:ubcv:r:25a64785-e0f44e2e FNH (NAE-20),"","","","","","",$equipRef $bmsName,"","","","","","",@p:ubcv:r:25a64868-2ec1707e FNH Unsorted Points,"","","",@p:ubcv:r:25a64868-ea8dec3e FNH Unsorted Points,✓,"","",2020-05-12T14:30:00-07:00 Los_Angeles,"","",6026,2020-01-05T12:00:00-08:00 Los_Angeles,ok,"","",✓,Number,2020-05-12T14:33:24.581-07:00 Los_Angeles,"","",JCL-NAE20/N2-A.20A009UN.ZN-T3,✓,AI3000149,"","","","","",✓,"","","","","","","",@p:ubcv:r:20a64546-f3ae027f FNH,"","","","","","",JCL-NAE20/N2-A.20A009UN.ZN-T3.Trend1,Los_Angeles,°C,"","","","",FNH.RH3.ZN-T3,"",2020-04-09T19:02:01.358Z UTC
@p:ubcv:r:25a64868-7881b21a FNH Unsorted Points JCL-NAE20/N2-A.20A015UN.SF-S,✓,"",@p:ubcv:r:25a64785-e0f44e2e FNH (NAE-20),"",TL3000336,"",JCL-NAE20/N2-A.20A015UN.SF-S,"",@p:ubcv:r:25a64785-e0f44e2e FNH (NAE-20),"","","","","","",$equipRef $bmsName,✓,"","","","Off,On","",@p:ubcv:r:25a64868-2ec1707e FNH Unsorted Points,"",✓,"",@p:ubcv:r:25a64868-ea8dec3e FNH Unsorted Points,✓,"","",2020-04-07T14:07:28-07:00 Los_Angeles,"","",15,2020-01-08T08:02:32-08:00 Los_Angeles,ok,"","",✓,Bool,2020-05-12T14:33:17.78-07:00 Los_Angeles,"","",Discharge Fan Run Status,"",BI3000335,"","","","","",✓,"","","","",✓,"",✓,@p:ubcv:r:20a64546-f3ae027f FNH,"","","","",@p:ubcv:r:23e65d3d-fc9f50e0 .+(\.|-| )SF(\d+)?-S(.Trend\d)?,"",JCL-NAE20/N2-A.20A015UN.SF-S.Trend1,Los_Angeles,"","","","","",FNH.HVAC1.SF-S,"",2020-04-08T18:55:34.112Z UTC
@p:ubcv:r:25a64868-e1a36c5f FNH Unsorted Points JCL-NAE20/N2-A.20A002UN.ZN-T1,"","",@p:ubcv:r:25a64785-e0f44e2e FNH (NAE-20),"",TL3000046,"",JCL-NAE20/N2-A.20A002UN.ZN-T1,"",@p:ubcv:r:25a64785-e0f44e2e FNH (NAE-20),"","","","","","",$equipRef $bmsName,"","","","","","",@p:ubcv:r:25a64868-2ec1707e FNH Unsorted Points,"","","",@p:ubcv:r:25a64868-ea8dec3e FNH Unsorted Points,✓,"","",2020-05-12T14:30:00-07:00 Los_Angeles,"","",6026,2020-01-05T12:00:00-08:00 Los_Angeles,ok,"","",✓,Number,2020-05-12T14:33:24.588-07:00 Los_Angeles,"","",JCL-NAE20/N2-A.20A002UN.ZN-T1,✓,AI3000044,"","","","","",✓,"","","","","","","",@p:ubcv:r:20a64546-f3ae027f FNH,"","","","","","",JCL-NAE20/N2-A.20A002UN.ZN-T1.Trend1,Los_Angeles,°C,"","","","",FNH.RH1.ZN-T1,"",2020-04-09T19:02:01.359Z UTC
@p:ubcv:r:25a64868-2ead3f52 FNH Unsorted Points JCL-NAE20/N2-A.20A010UN.RHC-V2,"","",@p:ubcv:r:25a64785-e0f44e2e FNH (NAE-20),"",TL3000176,"",JCL-NAE20/N2-A.20A010UN.RHC-V2,"",@p:ubcv:r:25a64785-e0f44e2e FNH (NAE-20),"","","","","","",$equipRef $bmsName,"","","","","","",@p:ubcv:r:25a64868-2ec1707e FNH Unsorted Points,"","","",@p:ubcv:r:25a64868-ea8dec3e FNH Unsorted Points,✓,"","",2020-05-12T14:30:00-07:00 Los_Angeles,"","",6026,2020-01-05T12:00:00-08:00 Los_Angeles,ok,"","",✓,Number,2020-05-12T14:33:24.594-07:00 Los_Angeles,"","",JCL-NAE20/N2-A.20A010UN.RHC-V2,✓,AO3000175,"","","","","",✓,"","","","","","","",@p:ubcv:r:20a64546-f3ae027f FNH,"","","","","","",JCL-NAE20/N2-A.20A010UN.RHC-V2.Trend1,Los_Angeles,%,"","","","",FNH.RH3.RHC-V2,"",2020-04-09T19:02:01.36Z UTC
@p:ubcv:r:25a64868-8ca06fbf FNH Unsorted Points JCL-NAE20/N2-A.20A005UN.RHC-V3,"","",@p:ubcv:r:25a64785-e0f44e2e FNH (NAE-20),"",TL3000101,"",JCL-NAE20/N2-A.20A005UN.RHC-V3,"",@p:ubcv:r:25a64785-e0f44e2e FNH (NAE-20),"","","","","","",$equipRef $bmsName,"","","","","","",@p:ubcv:r:25a64868-2ec1707e FNH Unsorted Points,"","","",@p:ubcv:r:25a64868-ea8dec3e FNH Unsorted Points,✓,"","",2020-05-12T14:30:00-07:00 Los_Angeles,"","",6026,2020-01-05T12:00:00-08:00 Los_Angeles,ok,"","",✓,Number,2020-05-12T14:33:24.606-07:00 Los_Angeles,"","",JCL-NAE20/N2-A.20A005UN.RHC-V3,✓,AO3000100,"","","","","",✓,"","","","","","","",@p:ubcv:r:20a64546-f3ae027f FNH,"","","","","","",JCL-NAE20/N2-A.20A005UN.RHC-V3.Trend1,Los_Angeles,%,"","","","",FNH.RH2.RHC-V3,"",2020-04-09T19:02:01.361Z UTC
@p:ubcv:r:25a64868-49bcd4e6 FNH Unsorted Points P2 JCL-NAE20/N2-A.20A013UN.P2-C,"","",@p:ubcv:r:25a64785-e0f44e2e FNH (NAE-20),"",TL3000742,"",JCL-NAE20/N2-A.20A013UN.P2-C,✓,@p:ubcv:r:25a64785-e0f44e2e FNH (NAE-20),"","","","","","",$equipRef $equipName $bmsName,"","","","","Off,On",P2,@p:ubcv:r:25a64868-2ec1707e FNH Unsorted Points,"","","",@p:ubcv:r:25a64868-ea8dec3e FNH Unsorted Points,✓,"","",2020-05-12T12:00:00-07:00 Los_Angeles,"","",265,2020-01-01T12:00:00-08:00 Los_Angeles,ok,"","",✓,Bool,2020-05-12T14:33:17.866-07:00 Los_Angeles,"","",Run Cmd,"",BO3000209,"","","","","",✓,"","",✓,"",✓,"","",@p:ubcv:r:20a64546-f3ae027f FNH,"","","","",@p:ubcv:r:23e65d3d-604110c2 .+(\.|-|_)C?H?P\d+(-)?C,"",JCL-NAE20/N2-A.20A013UN.P2-C.Trend1,Los_Angeles,"","","","","",FNH.HX1.P2-C,"",2020-05-12T11:03:27.57Z UTC
@p:ubcv:r:25a64868-caf10a13 FNH Unsorted Points JCL-NAE20/N2-A.20A006UN.ZN-SP1,"","",@p:ubcv:r:25a64785-e0f44e2e FNH (NAE-20),"",TL3000273,"",JCL-NAE20/N2-A.20A006UN.ZN-SP1,"",@p:ubcv:r:25a64785-e0f44e2e FNH (NAE-20),"","","","","","",$equipRef $bmsName,"","","","","","",@p:ubcv:r:25a64868-2ec1707e FNH Unsorted Points,"","","",@p:ubcv:r:25a64868-ea8dec3e FNH Unsorted Points,✓,"","",2020-05-12T14:30:00-07:00 Los_Angeles,"","",6026,2020-01-05T12:00:00-08:00 Los_Angeles,ok,"","",✓,Number,2020-05-12T14:33:24.617-07:00 Los_Angeles,"","",JCL-NAE20/N2-A.20A006UN.ZN-SP1,✓,AO3000272,"","","","","",✓,"","","","","","","",@p:ubcv:r:20a64546-f3ae027f FNH,"","","","","","",JCL-NAE20/N2-A.20A006UN.ZN-SP1.Trend1,Los_Angeles,°C,"","","","",FNH.RH2.ZN-SP1,"",2020-04-09T19:02:01.362Z UTC
@p:ubcv:r:25a64868-e377aabb FNH Unsorted Points JCL-NAE20/N2-A.20A004UN.RHC-D3,"","",@p:ubcv:r:25a64785-e0f44e2e FNH (NAE-20),"",TL3000079,"",JCL-NAE20/N2-A.20A004UN.RHC-D3,"",@p:ubcv:r:25a64785-e0f44e2e FNH (NAE-20),"","","","","","",$equipRef $bmsName,"","","","","","",@p:ubcv:r:25a64868-2ec1707e FNH Unsorted Points,"","","",@p:ubcv:r:25a64868-ea8dec3e FNH Unsorted Points,✓,"","",2020-05-12T12:00:00-07:00 Los_Angeles,"","",282,2019-12-24T00:00:00-08:00 Los_Angeles,ok,"","",✓,Number,2020-05-12T14:33:17.874-07:00 Los_Angeles,"","",JCL-NAE20/N2-A.20A004UN.RHC-D3,✓,AO3000078,"","","","","",✓,"","","","","","","",@p:ubcv:r:20a64546-f3ae027f FNH,"","","","","","",JCL-NAE20/N2-A.20A004UN.RHC-D3.Trend1,Los_Angeles,_,"","","","",FNH.DMP1.RHC-D3,"",2020-04-09T19:15:04.412Z UTC
@p:ubcv:r:25a64868-46f6f9f6 FNH Unsorted Points JCL-NAE20/N2-A.20A009UN.RHC-V3,"","",@p:ubcv:r:25a64785-e0f44e2e FNH (NAE-20),"",TL3000160,"",JCL-NAE20/N2-A.20A009UN.RHC-V3,"",@p:ubcv:r:25a64785-e0f44e2e FNH (NAE-20),"","","","","","",$equipRef $bmsName,"","","","","","",@p:ubcv:r:25a64868-2ec1707e FNH Unsorted Points,"","","",@p:ubcv:r:25a64868-ea8dec3e FNH Unsorted Points,✓,"","",2020-05-12T14:30:00-07:00 Los_Angeles,"","",6026,2020-01-05T12:00:00-08:00 Los_Angeles,ok,"","",✓,Number,2020-05-12T14:33:24.624-07:00 Los_Angeles,"","",JCL-NAE20/N2-A.20A009UN.RHC-V3,✓,AO3000159,"","","","","",✓,"","","","","","","",@p:ubcv:r:20a64546-f3ae027f FNH,"","","","","","",JCL-NAE20/N2-A.20A009UN.RHC-V3.Trend1,Los_Angeles,%,"","","","",FNH.RH3.RHC-V3,"",2020-04-09T19:02:01.364Z UTC
@p:ubcv:r:25a64868-e27f21b8 FNH Unsorted Points JCL-NAE20/Programming.Fan Systems.FNH-HVAC1.EAP-OP,"","",@p:ubcv:r:25a64785-e0f44e2e FNH (NAE-20),"",TL3000594,"",JCL-NAE20/Programming.Fan Systems.FNH-HVAC1.EAP-OP,"",@p:ubcv:r:25a64785-e0f44e2e FNH (NAE-20),"","","","","","",$equipRef $bmsName,"","","","","","",@p:ubcv:r:25a64868-2ec1707e FNH Unsorted Points,"","","",@p:ubcv:r:25a64868-ea8dec3e FNH Unsorted Points,✓,"","",2020-05-12T14:30:13-07:00 Los_Angeles,"","",582154,2020-01-06T08:12:49-08:00 Los_Angeles,ok,"","",✓,Number,2020-05-12T14:33:24.961-07:00 Los_Angeles,"","",JCL-NAE20/Programming.Fan Systems.FNH-HVAC1.EAP-OP,✓,AV3000593,"","","","","",✓,"","","","","","","",@p:ubcv:r:20a64546-f3ae027f FNH,"","","","","","",JCL-NAE20/Programming.Fan Systems.FNH-HVAC1.EAP-OP.Trend1,Los_Angeles,Pa,"","","","",EAP-OP,"",2020-04-09T19:02:01.365Z UTC
@p:ubcv:r:25a64868-164475f6 FNH Unsorted Points JCL-NAE20/N2-A.20A006UN.RHC-V,"","",@p:ubcv:r:25a64785-e0f44e2e FNH (NAE-20),"",TL3000118,"",JCL-NAE20/N2-A.20A006UN.RHC-V,"",@p:ubcv:r:25a64785-e0f44e2e FNH (NAE-20),"","","","","","",$equipRef $bmsName,"","","","","","",@p:ubcv:r:25a64868-2ec1707e FNH Unsorted Points,"","","",@p:ubcv:r:25a64868-ea8dec3e FNH Unsorted Points,✓,"","",2020-05-12T14:30:00-07:00 Los_Angeles,"","",6026,2020-01-05T12:00:00-08:00 Los_Angeles,ok,"","",✓,Number,2020-05-12T14:33:24.631-07:00 Los_Angeles,"","",JCL-NAE20/N2-A.20A006UN.RHC-V,✓,AO3000117,"","","","","",✓,"","","","","","","",@p:ubcv:r:20a64546-f3ae027f FNH,"","","","","","",JCL-NAE20/N2-A.20A006UN.RHC-V.Trend1,Los_Angeles,%,"","","","",FNH.RH2.RHC-V,"",2020-04-09T19:02:01.366Z UTC
@p:ubcv:r:25a64868-bb7a401d FNH Unsorted Points JCL-NAE20/N2-A.20A002UN.L1-SP,"","",@p:ubcv:r:25a64785-e0f44e2e FNH (NAE-20),"",TL3000052,"",JCL-NAE20/N2-A.20A002UN.L1-SP,"",@p:ubcv:r:25a64785-e0f44e2e FNH (NAE-20),"","","","","","",$equipRef $bmsName,"","","","","","",@p:ubcv:r:25a64868-2ec1707e FNH Unsorted Points,"","","",@p:ubcv:r:25a64868-ea8dec3e FNH Unsorted Points,✓,"","",2020-05-12T14:30:00-07:00 Los_Angeles,"","",11888,2020-01-05T23:45:00-08:00 Los_Angeles,ok,"","",✓,Number,2020-05-12T14:33:24.937-07:00 Los_Angeles,"","",JCL-NAE20/N2-A.20A002UN.L1-SP,✓,AI3000050,"","","","","",✓,"","","","","","","",@p:ubcv:r:20a64546-f3ae027f FNH,"","","","","","",JCL-NAE20/N2-A.20A002UN.L1-SP.Trend1,Los_Angeles,Pa,"","","","",FNH.HVAC1.L1-SP,"",2020-04-09T19:02:01.367Z UTC
@p:ubcv:r:25a64868-cbd48905 FNH Unsorted Points JCL-NAE20/N2-A.20A005UN.RHC-V4,"","",@p:ubcv:r:25a64785-e0f44e2e FNH (NAE-20),"",TL3000103,"",JCL-NAE20/N2-A.20A005UN.RHC-V4,"",@p:ubcv:r:25a64785-e0f44e2e FNH (NAE-20),"","","","","","",$equipRef $bmsName,"","","","","","",@p:ubcv:r:25a64868-2ec1707e FNH Unsorted Points,"","","",@p:ubcv:r:25a64868-ea8dec3e FNH Unsorted Points,✓,"","",2020-05-12T14:30:00-07:00 Los_Angeles,"","",6026,2020-01-05T12:00:00-08:00 Los_Angeles,ok,"","",✓,Number,2020-05-12T14:33:24.638-07:00 Los_Angeles,"","",JCL-NAE20/N2-A.20A005UN.RHC-V4,✓,AO3000102,"","","","","",✓,"","","","","","","",@p:ubcv:r:20a64546-f3ae027f FNH,"","","","","","",JCL-NAE20/N2-A.20A005UN.RHC-V4.Trend1,Los_Angeles,%,"","","","",FNH.RH2.RHC-V4,"",2020-04-09T19:02:01.368Z UTC
@p:ubcv:r:25a64868-ea284f79 FNH Unsorted Points JCL-NAE20/N2-A.20A005UN.RHC-V1,"","",@p:ubcv:r:25a64785-e0f44e2e FNH (NAE-20),"",TL3000097,"",JCL-NAE20/N2-A.20A005UN.RHC-V1,"",@p:ubcv:r:25a64785-e0f44e2e FNH (NAE-20),"","","","","","",$equipRef $bmsName,"","","","","","",@p:ubcv:r:25a64868-2ec1707e FNH Unsorted Points,"","","",@p:ubcv:r:25a64868-ea8dec3e FNH Unsorted Points,✓,"","",2020-05-12T14:30:00-07:00 Los_Angeles,"","",6026,2020-01-05T12:00:00-08:00 Los_Angeles,ok,"","",✓,Number,2020-05-12T14:33:24.646-07:00 Los_Angeles,"","",JCL-NAE20/N2-A.20A005UN.RHC-V1,✓,AO3000096,"","","","","",✓,"","","","","","","",@p:ubcv:r:20a64546-f3ae027f FNH,"","","","","","",JCL-NAE20/N2-A.20A005UN.RHC-V1.Trend1,Los_Angeles,%,"","","","",FNH.RH2.RHC-V1,"",2020-04-09T19:02:01.369Z UTC
@p:ubcv:r:25a64868-19084538 FNH Unsorted Points JCL-NAE20/N2-A.20A014UN.OCC-C,"","",@p:ubcv:r:25a64785-e0f44e2e FNH (NAE-20),"",TL3000587,"",JCL-NAE20/N2-A.20A014UN.OCC-C,"",@p:ubcv:r:25a64785-e0f44e2e FNH (NAE-20),"","","","","","",$equipRef $bmsName,"","","","","On,Off","",@p:ubcv:r:25a64868-2ec1707e FNH Unsorted Points,"","","",@p:ubcv:r:25a64868-ea8dec3e FNH Unsorted Points,✓,"","",2020-04-07T14:07:27-07:00 Los_Angeles,"","",16,2019-10-04T10:32:16-07:00 Los_Angeles,ok,"","",✓,Bool,2020-05-12T14:33:17.774-07:00 Los_Angeles,"","",Scheduled Occupancy,"",BO3000398,✓,"","","","",✓,"","","","","",✓,"",@p:ubcv:r:20a64546-f3ae027f FNH,"",✓,"","",@p:ubcv:r:23e65d3d-31ff768c .+(\.|-| )OCC-C,"",JCL-NAE20/N2-A.20A014UN.OCC-C.Trend1,Los_Angeles,"","","","","",FNH.HVAC1.OCC-C,"",2020-04-08T18:55:24.143Z UTC
@p:ubcv:r:25a64868-42756ccf FNH Unsorted Points JCL-NAE20/N2-A.20A015UN.SF-A,✓,✓,@p:ubcv:r:25a64785-e0f44e2e FNH (NAE-20),"",TL3000637,"",JCL-NAE20/N2-A.20A015UN.SF-A,"",@p:ubcv:r:25a64785-e0f44e2e FNH (NAE-20),"","","","","","",$equipRef $bmsName,✓,"","","","Normal,Alarm","",@p:ubcv:r:25a64868-2ec1707e FNH Unsorted Points,"",✓,"",@p:ubcv:r:25a64868-ea8dec3e FNH Unsorted Points,✓,"","",2020-04-07T16:20:27-07:00 Los_Angeles,"","",24,2019-10-04T10:32:16-07:00 Los_Angeles,ok,"","",✓,Bool,2020-05-12T14:33:17.8-07:00 Los_Angeles,"","",Alarm,"",BI3000422,"","","","","",✓,"","","","","","","",@p:ubcv:r:20a64546-f3ae027f FNH,"","","","",@p:ubcv:r:258694ac-15ddcc51 .+(\.|-| |_)SF\d?-A(LM)?,"",JCL-NAE20/N2-A.20A015UN.SF-A.Trend1,Los_Angeles,"","","","","",FNH.HVAC1.SF-A,"",2020-04-08T18:55:30.617Z UTC
@p:ubcv:r:25a64868-c98e9415 FNH Unsorted Points JCL-NAE20/N2-A.20A001UN.ZN-T2,"","",@p:ubcv:r:25a64785-e0f44e2e FNH (NAE-20),"",TL3000029,"",JCL-NAE20/N2-A.20A001UN.ZN-T2,"",@p:ubcv:r:25a64785-e0f44e2e FNH (NAE-20),"","","","","","",$equipRef $bmsName,"","","","","","",@p:ubcv:r:25a64868-2ec1707e FNH Unsorted Points,"","","",@p:ubcv:r:25a64868-ea8dec3e FNH Unsorted Points,✓,"","",2020-05-12T14:30:00-07:00 Los_Angeles,"","",6026,2020-01-05T12:00:00-08:00 Los_Angeles,ok,"","",✓,Number,2020-05-12T14:33:24.656-07:00 Los_Angeles,"","",JCL-NAE20/N2-A.20A001UN.ZN-T2,✓,AI3000027,"","","","","",✓,"","","","","","","",@p:ubcv:r:20a64546-f3ae027f FNH,"","","","","","",JCL-NAE20/N2-A.20A001UN.ZN-T2.Trend1,Los_Angeles,°C,"","","","",FNH.RH1.ZN-T2,"",2020-04-09T19:02:01.37Z UTC
@p:ubcv:r:25a64868-f3b52cf6 FNH Unsorted Points JCL-NAE20/N2-A.20A015UN.DAT-SP,✓,"",@p:ubcv:r:25a64785-e0f44e2e FNH (NAE-20),"",TL3000573,"",JCL-NAE20/N2-A.20A015UN.DAT-SP,"",@p:ubcv:r:25a64785-e0f44e2e FNH (NAE-20),"","","","","","",$equipRef $bmsName,✓,"","","","","",@p:ubcv:r:25a64868-2ec1707e FNH Unsorted Points,"","","",@p:ubcv:r:25a64868-ea8dec3e FNH Unsorted Points,✓,"","",2020-05-12T14:30:00-07:00 Los_Angeles,"","",12011,2020-01-05T11:45:00-08:00 Los_Angeles,ok,"","",✓,Number,2020-05-12T14:33:24.944-07:00 Los_Angeles,"","",Discharge Air Temp Sp,"",AO3000418,"","","","","",✓,"","","","","","","",@p:ubcv:r:20a64546-f3ae027f FNH,"",✓,"","",@p:ubcv:r:23e65d3d-3f81ae2b .+(\.|-| )DAT-SP,✓,JCL-NAE20/N2-A.20A015UN.DAT-SP.Trend1,Los_Angeles,°C,"","","","",FNH.HVAC1.SAT-SP,"",2020-04-09T19:02:01.371Z UTC
@p:ubcv:r:25a64868-1867e4c9 FNH Unsorted Points JCL-NAE20/N2-A.20A002UN.RHC-V2,"","",@p:ubcv:r:25a64785-e0f44e2e FNH (NAE-20),"",TL3000057,"",JCL-NAE20/N2-A.20A002UN.RHC-V2,"",@p:ubcv:r:25a64785-e0f44e2e FNH (NAE-20),"","","","","","",$equipRef $bmsName,"","","","","","",@p:ubcv:r:25a64868-2ec1707e FNH Unsorted Points,"","","",@p:ubcv:r:25a64868-ea8dec3e FNH Unsorted Points,✓,"","",2020-05-12T14:30:00-07:00 Los_Angeles,"","",6026,2020-01-05T12:00:00-08:00 Los_Angeles,ok,"","",✓,Number,2020-05-12T14:33:24.663-07:00 Los_Angeles,"","",JCL-NAE20/N2-A.20A002UN.RHC-V2,✓,AO3000056,"","","","","",✓,"","","","","","","",@p:ubcv:r:20a64546-f3ae027f FNH,"","","","","","",JCL-NAE20/N2-A.20A002UN.RHC-V2.Trend1,Los_Angeles,%,"","","","",FNH.RH1.RHC-V2,"",2020-04-09T19:02:01.372Z UTC
@p:ubcv:r:25a64868-95fec39d FNH Unsorted Points JCL-NAE20/N2-A.20A005UN.ZN-T4,"","",@p:ubcv:r:25a64785-e0f44e2e FNH (NAE-20),"",TL3000095,"",JCL-NAE20/N2-A.20A005UN.ZN-T4,"",@p:ubcv:r:25a64785-e0f44e2e FNH (NAE-20),"","","","","","",$equipRef $bmsName,"","","","","","",@p:ubcv:r:25a64868-2ec1707e FNH Unsorted Points,"","","",@p:ubcv:r:25a64868-ea8dec3e FNH Unsorted Points,✓,"","",2020-05-12T14:30:00-07:00 Los_Angeles,"","",6026,2020-01-05T12:00:00-08:00 Los_Angeles,ok,"","",✓,Number,2020-05-12T14:33:24.669-07:00 Los_Angeles,"","",JCL-NAE20/N2-A.20A005UN.ZN-T4,✓,AI3000093,"","","","","",✓,"","","","","","","",@p:ubcv:r:20a64546-f3ae027f FNH,"","","","","","",JCL-NAE20/N2-A.20A005UN.ZN-T4.Trend1,Los_Angeles,°C,"","","","",FNH.RH2.ZN-T4,"",2020-04-09T19:02:01.373Z UTC
@p:ubcv:r:25a64868-fd54f1ea FNH Unsorted Points JCL-NAE20/N2-A.20A015UN.UNIT-C,"","",@p:ubcv:r:25a64785-e0f44e2e FNH (NAE-20),"",TL3000347,"",JCL-NAE20/N2-A.20A015UN.UNIT-C,"",@p:ubcv:r:25a64785-e0f44e2e FNH (NAE-20),"","","","","","",$equipRef $bmsName,"","","","","Off,On","",@p:ubcv:r:25a64868-2ec1707e FNH Unsorted Points,"","","",@p:ubcv:r:25a64868-ea8dec3e FNH Unsorted Points,✓,"","",2020-05-12T08:40:42-07:00 Los_Angeles,"","",22,2020-01-08T08:02:32-08:00 Los_Angeles,ok,"","",✓,Bool,2020-05-12T14:33:17.786-07:00 Los_Angeles,"","",JCL-NAE20/N2-A.20A015UN.UNIT-C,✓,BO3000346,"","","","","",✓,"","","","","","","",@p:ubcv:r:20a64546-f3ae027f FNH,"","","","","","",JCL-NAE20/N2-A.20A015UN.UNIT-C.Trend1,Los_Angeles,"","","","","",FNH.HVAC1.UNIT-C,"",2020-04-08T18:55:33.082Z UTC
@p:ubcv:r:2388a048-9a39a672 FNH HW Main Meter Water Delta Temp,"","","","","","","","","","","","","",✓,✓,$equipRef $navName,"","","","","","",@p:ubcv:r:20a64546-dcb2ab24 FNH HW Main Meter,"","","",@p:ubcv:r:21697fca-d8ee0da0 FNH Utilities,✓,"","","",deltaTemp,consumption,"","","","","","",Number,"","","",Water Delta Temp,"","","","","","","",✓,"","","","","","","",@p:ubcv:r:20a64546-f3ae027f FNH,"","","","","",✓,"",Los_Angeles,°C,✓,"","",✓,"","",2020-04-28T00:03:35.729Z UTC
@p:ubcv:r:25a64868-e50719b6 FNH Unsorted Points JCL-NAE20/N2-A.20A008UN.RHC-D3,"","",@p:ubcv:r:25a64785-e0f44e2e FNH (NAE-20),"",TL3000138,"",JCL-NAE20/N2-A.20A008UN.RHC-D3,"",@p:ubcv:r:25a64785-e0f44e2e FNH (NAE-20),"","","","","","",$equipRef $bmsName,"","","","","","",@p:ubcv:r:25a64868-2ec1707e FNH Unsorted Points,"","","",@p:ubcv:r:25a64868-ea8dec3e FNH Unsorted Points,✓,"","",2020-05-12T14:30:00-07:00 Los_Angeles,"","",6026,2020-01-05T12:00:00-08:00 Los_Angeles,ok,"","",✓,Number,2020-05-12T14:33:24.676-07:00 Los_Angeles,"","",JCL-NAE20/N2-A.20A008UN.RHC-D3,✓,AO3000137,"","","","","",✓,"","","","","","","",@p:ubcv:r:20a64546-f3ae027f FNH,"","","","","","",JCL-NAE20/N2-A.20A008UN.RHC-D3.Trend1,Los_Angeles,_,"","","","",FNH.DMP2.RHC-D3,"",2020-04-09T19:15:04.413Z UTC
@p:ubcv:r:25a64868-c439b10d FNH Unsorted Points JCL-NAE20/N2-A.20A014UN.EA-P,✓,"",@p:ubcv:r:25a64785-e0f44e2e FNH (NAE-20),"",TL3000743,"",JCL-NAE20/N2-A.20A014UN.EA-P,"",@p:ubcv:r:25a64785-e0f44e2e FNH (NAE-20),"","","","","","",$equipRef $bmsName,"","","","","","",@p:ubcv:r:25a64868-2ec1707e FNH Unsorted Points,✓,"","",@p:ubcv:r:25a64868-ea8dec3e FNH Unsorted Points,✓,"","",2020-05-12T12:00:00-07:00 Los_Angeles,"","",282,2019-12-24T00:00:00-08:00 Los_Angeles,ok,"","",✓,Number,2020-05-12T14:33:17.881-07:00 Los_Angeles,"","",Exhaust Air Pressure,"",AO3000399,"","","","","",✓,"",✓,"","","","",✓,@p:ubcv:r:20a64546-f3ae027f FNH,"","","","",@p:ubcv:r:23e65d3d-c2f456e8 .+(\.|-| )EA\d?-P,"",JCL-NAE20/N2-A.20A014UN.EA-P.Trend1,Los_Angeles,Pa,"","","","",FNH.HVAC1.BLDG-P,"",2020-04-09T19:02:01.375Z UTC
@p:ubcv:r:25a64868-3ef1b894 FNH Unsorted Points JCL-NAE20/N2-A.20A002UN.RHC-V1,"","",@p:ubcv:r:25a64785-e0f44e2e FNH (NAE-20),"",TL3000055,"",JCL-NAE20/N2-A.20A002UN.RHC-V1,"",@p:ubcv:r:25a64785-e0f44e2e FNH (NAE-20),"","","","","","",$equipRef $bmsName,"","","","","","",@p:ubcv:r:25a64868-2ec1707e FNH Unsorted Points,"","","",@p:ubcv:r:25a64868-ea8dec3e FNH Unsorted Points,✓,"","",2020-05-12T14:30:00-07:00 Los_Angeles,"","",6026,2020-01-05T12:00:00-08:00 Los_Angeles,ok,"","",✓,Number,2020-05-12T14:33:24.683-07:00 Los_Angeles,"","",JCL-NAE20/N2-A.20A002UN.RHC-V1,✓,AO3000054,"","","","","",✓,"","","","","","","",@p:ubcv:r:20a64546-f3ae027f FNH,"","","","","","",JCL-NAE20/N2-A.20A002UN.RHC-V1.Trend1,Los_Angeles,%,"","","","",FNH.RH1.RHC-V1,"",2020-04-09T19:02:01.376Z UTC
@p:ubcv:r:25a64868-3ad64930 FNH Unsorted Points JCL-NAE20/N2-A.20A013UN.LO-SP,"","",@p:ubcv:r:25a64785-e0f44e2e FNH (NAE-20),"",TL3000317,"",JCL-NAE20/N2-A.20A013UN.LO-SP,"",@p:ubcv:r:25a64785-e0f44e2e FNH (NAE-20),"","","","","","",$equipRef $bmsName,"","","","","","",@p:ubcv:r:25a64868-2ec1707e FNH Unsorted Points,"","","",@p:ubcv:r:25a64868-ea8dec3e FNH Unsorted Points,✓,"","",2020-05-12T14:30:00-07:00 Los_Angeles,"","",6026,2020-01-05T12:00:00-08:00 Los_Angeles,ok,"","",✓,Number,2020-05-12T14:33:24.69-07:00 Los_Angeles,"","",JCL-NAE20/N2-A.20A013UN.LO-SP,✓,AO3000316,"","","","","",✓,"","","","","","","",@p:ubcv:r:20a64546-f3ae027f FNH,"","","","","","",JCL-NAE20/N2-A.20A013UN.LO-SP.Trend1,Los_Angeles,°C,"","","","",FNH.HX1.LO-SP,"",2020-04-09T19:02:01.377Z UTC
@p:ubcv:r:25a64868-02250a7b FNH Unsorted Points JCL-NAE20/N2-A.20A005UN.ZN-SP2,"","",@p:ubcv:r:25a64785-e0f44e2e FNH (NAE-20),"",TL3000258,"",JCL-NAE20/N2-A.20A005UN.ZN-SP2,"",@p:ubcv:r:25a64785-e0f44e2e FNH (NAE-20),"","","","","","",$equipRef $bmsName,"","","","","","",@p:ubcv:r:25a64868-2ec1707e FNH Unsorted Points,"","","",@p:ubcv:r:25a64868-ea8dec3e FNH Unsorted Points,✓,"","",2020-05-12T14:30:00-07:00 Los_Angeles,"","",6026,2020-01-05T12:00:00-08:00 Los_Angeles,ok,"","",✓,Number,2020-05-12T14:33:24.697-07:00 Los_Angeles,"","",JCL-NAE20/N2-A.20A005UN.ZN-SP2,✓,AO3000257,"","","","","",✓,"","","","","","","",@p:ubcv:r:20a64546-f3ae027f FNH,"","","","","","",JCL-NAE20/N2-A.20A005UN.ZN-SP2.Trend1,Los_Angeles,°C,"","","","",FNH.RH2.ZN-SP2,"",2020-04-09T19:02:01.378Z UTC
@p:ubcv:r:25a64868-ec249afd FNH Unsorted Points JCL-NAE20/N2-A.20A002UN.ZN-SP1,"","",@p:ubcv:r:25a64785-e0f44e2e FNH (NAE-20),"",TL3000241,"",JCL-NAE20/N2-A.20A002UN.ZN-SP1,"",@p:ubcv:r:25a64785-e0f44e2e FNH (NAE-20),"","","","","","",$equipRef $bmsName,"","","","","","",@p:ubcv:r:25a64868-2ec1707e FNH Unsorted Points,"","","",@p:ubcv:r:25a64868-ea8dec3e FNH Unsorted Points,✓,"","",2020-05-12T14:30:00-07:00 Los_Angeles,"","",6026,2020-01-05T12:00:00-08:00 Los_Angeles,ok,"","",✓,Number,2020-05-12T14:33:24.704-07:00 Los_Angeles,"","",JCL-NAE20/N2-A.20A002UN.ZN-SP1,✓,AO3000240,"","","","","",✓,"","","","","","","",@p:ubcv:r:20a64546-f3ae027f FNH,"","","","","","",JCL-NAE20/N2-A.20A002UN.ZN-SP1.Trend1,Los_Angeles,°C,"","","","",FNH.RH1.ZN-SP1,"",2020-04-09T19:02:01.379Z UTC
@p:ubcv:r:25a64868-b8abc586 FNH Unsorted Points JCL-NAE20/N2-A.20A006UN.RHC-V2,"","",@p:ubcv:r:25a64785-e0f44e2e FNH (NAE-20),"",TL3000116,"",JCL-NAE20/N2-A.20A006UN.RHC-V2,"",@p:ubcv:r:25a64785-e0f44e2e FNH (NAE-20),"","","","","","",$equipRef $bmsName,"","","","","","",@p:ubcv:r:25a64868-2ec1707e FNH Unsorted Points,"","","",@p:ubcv:r:25a64868-ea8dec3e FNH Unsorted Points,✓,"","",2020-05-12T14:30:00-07:00 Los_Angeles,"","",6026,2020-01-05T12:00:00-08:00 Los_Angeles,ok,"","",✓,Number,2020-05-12T14:33:24.711-07:00 Los_Angeles,"","",JCL-NAE20/N2-A.20A006UN.RHC-V2,✓,AO3000115,"","","","","",✓,"","","","","","","",@p:ubcv:r:20a64546-f3ae027f FNH,"","","","","","",JCL-NAE20/N2-A.20A006UN.RHC-V2.Trend1,Los_Angeles,%,"","","","",FNH.RH2.RHC-V2,"",2020-04-09T19:02:01.38Z UTC
@p:ubcv:r:20a64546-5b9b585b FNH HW Main Meter Power,"","",@p:ubcv:r:21caccc0-e723dab3 FNH DES Meter,AI5,"",✓,"","",@p:ubcv:r:21caccc0-e723dab3 FNH DES Meter,✓,"",ok,64.80000305175781kW,"","",$equipRef $navName,"","","","","","",@p:ubcv:r:20a64546-dcb2ab24 FNH HW Main Meter,"","","",@p:ubcv:r:21697fca-d8ee0da0 FNH Utilities,✓,5kW,15min,2020-05-12T14:34:31-07:00 Los_Angeles,"","",498033,2016-05-05T15:45:00-07:00 Los_Angeles,ok,"",✓,"",Number,"","","",Power,"","","","","","","",✓,✓,"","","","","",✓,@p:ubcv:r:20a64546-f3ae027f FNH,"","","","","","","",Los_Angeles,kW,✓,"","",✓,"","",2020-05-12T08:00:09.796Z UTC
@p:ubcv:r:25a64868-802c1124 FNH Unsorted Points JCL-NAE20/N2-A.20A011UN.RHC-D,"","",@p:ubcv:r:25a64785-e0f44e2e FNH (NAE-20),"",TL3000182,"",JCL-NAE20/N2-A.20A011UN.RHC-D,"",@p:ubcv:r:25a64785-e0f44e2e FNH (NAE-20),"","","","","","",$equipRef $bmsName,"","","","","","",@p:ubcv:r:25a64868-2ec1707e FNH Unsorted Points,"","","",@p:ubcv:r:25a64868-ea8dec3e FNH Unsorted Points,✓,"","",2020-05-12T14:30:00-07:00 Los_Angeles,"","",6026,2020-01-05T12:00:00-08:00 Los_Angeles,ok,"","",✓,Number,2020-05-12T14:33:24.721-07:00 Los_Angeles,"","",JCL-NAE20/N2-A.20A011UN.RHC-D,✓,AO3000181,"","","","","",✓,"","","","","","","",@p:ubcv:r:20a64546-f3ae027f FNH,"","","","","","",JCL-NAE20/N2-A.20A011UN.RHC-D.Trend1,Los_Angeles,_,"","","","",FNH.DMP3.RHC-D,"",2020-04-09T19:15:04.414Z UTC
@p:ubcv:r:25a64868-20ed66a6 FNH Unsorted Points JCL-NAE20/N2-A.20A009UN.ZN-SP3,"","",@p:ubcv:r:25a64785-e0f44e2e FNH (NAE-20),"",TL3000295,"",JCL-NAE20/N2-A.20A009UN.ZN-SP3,"",@p:ubcv:r:25a64785-e0f44e2e FNH (NAE-20),"","","","","","",$equipRef $bmsName,"","","","","","",@p:ubcv:r:25a64868-2ec1707e FNH Unsorted Points,"","","",@p:ubcv:r:25a64868-ea8dec3e FNH Unsorted Points,✓,"","",2020-05-12T14:30:00-07:00 Los_Angeles,"","",6026,2020-01-05T12:00:00-08:00 Los_Angeles,ok,"","",✓,Number,2020-05-12T14:33:24.728-07:00 Los_Angeles,"","",JCL-NAE20/N2-A.20A009UN.ZN-SP3,✓,AO3000294,"","","","","",✓,"","","","","","","",@p:ubcv:r:20a64546-f3ae027f FNH,"","","","","","",JCL-NAE20/N2-A.20A009UN.ZN-SP3.Trend1,Los_Angeles,°C,"","","","",FNH.RH3.ZN-SP3,"",2020-04-09T19:02:01.382Z UTC
@p:ubcv:r:25a64868-2aacf994 FNH Unsorted Points JCL-NAE20/N2-A.20A011UN.RHC-D2,"","",@p:ubcv:r:25a64785-e0f44e2e FNH (NAE-20),"",TL3000186,"",JCL-NAE20/N2-A.20A011UN.RHC-D2,"",@p:ubcv:r:25a64785-e0f44e2e FNH (NAE-20),"","","","","","",$equipRef $bmsName,"","","","","","",@p:ubcv:r:25a64868-2ec1707e FNH Unsorted Points,"","","",@p:ubcv:r:25a64868-ea8dec3e FNH Unsorted Points,✓,"","",2020-05-12T14:30:00-07:00 Los_Angeles,"","",6026,2020-01-05T12:00:00-08:00 Los_Angeles,ok,"","",✓,Number,2020-05-12T14:33:24.735-07:00 Los_Angeles,"","",JCL-NAE20/N2-A.20A011UN.RHC-D2,✓,AO3000185,"","","","","",✓,"","","","","","","",@p:ubcv:r:20a64546-f3ae027f FNH,"","","","","","",JCL-NAE20/N2-A.20A011UN.RHC-D2.Trend1,Los_Angeles,_,"","","","",FNH.DMP3.RHC-D2,"",2020-04-09T19:15:04.415Z UTC
@p:ubcv:r:25a64868-d8f74664 FNH Unsorted Points JCL-NAE20/N2-A.20A006UN.L2-SP,"","",@p:ubcv:r:25a64785-e0f44e2e FNH (NAE-20),"",TL3000112,"",JCL-NAE20/N2-A.20A006UN.L2-SP,"",@p:ubcv:r:25a64785-e0f44e2e FNH (NAE-20),"","","","","","",$equipRef $bmsName,"","","","","","",@p:ubcv:r:25a64868-2ec1707e FNH Unsorted Points,"","","",@p:ubcv:r:25a64868-ea8dec3e FNH Unsorted Points,✓,"","",2020-05-12T14:30:00-07:00 Los_Angeles,"","",6026,2020-01-05T12:00:00-08:00 Los_Angeles,ok,"","",✓,Number,2020-05-12T14:33:24.741-07:00 Los_Angeles,"","",JCL-NAE20/N2-A.20A006UN.L2-SP,✓,AI3000110,"","","","","",✓,"","","","","","","",@p:ubcv:r:20a64546-f3ae027f FNH,"","","","","","",JCL-NAE20/N2-A.20A006UN.L2-SP.Trend1,Los_Angeles,Pa,"","","","",FNH.HVAC1.L2-SP,"",2020-04-09T19:02:01.384Z UTC
@p:ubcv:r:25a64868-bb729a4e FNH Unsorted Points JCL-NAE20/N2-A.20A007UN.COOL3-T,"","",@p:ubcv:r:25a64785-e0f44e2e FNH (NAE-20),"",TL3000123,"",JCL-NAE20/N2-A.20A007UN.COOL3-T,"",@p:ubcv:r:25a64785-e0f44e2e FNH (NAE-20),"","","","","","",$equipRef $bmsName,"","","","","","",@p:ubcv:r:25a64868-2ec1707e FNH Unsorted Points,"","","",@p:ubcv:r:25a64868-ea8dec3e FNH Unsorted Points,✓,"","",2020-05-12T14:33:10-07:00 Los_Angeles,"","",147338,2020-01-06T10:38:02-08:00 Los_Angeles,ok,"","",✓,Number,2020-05-12T14:33:24.977-07:00 Los_Angeles,"","",JCL-NAE20/N2-A.20A007UN.COOL3-T,✓,AI3000121,"","","","","",✓,"","","","","","","",@p:ubcv:r:20a64546-f3ae027f FNH,"","","","","","",JCL-NAE20/N2-A.20A007UN.COOL3-T.Trend1,Los_Angeles,°C,"","","","",FNH.MISC.COOL3-T,"",2020-04-09T19:02:01.385Z UTC
@p:ubcv:r:21dffdad-b04a3427 FNH HW Main Meter Flow,"","",@p:ubcv:r:21caccc0-e723dab3 FNH DES Meter,AI4,"",✓,"","",@p:ubcv:r:21caccc0-e723dab3 FNH DES Meter,✓,L/h => L/s,ok,1.1666666666666665L/s,"","",$equipRef $navName,"","","","","","",@p:ubcv:r:20a64546-dcb2ab24 FNH HW Main Meter,"","",✓,@p:ubcv:r:21697fca-d8ee0da0 FNH Utilities,✓,0.25L/s,10min,2020-05-12T14:40:00-07:00 Los_Angeles,"",consumption,193876,2018-01-03T14:10:00-08:00 Los_Angeles,ok,"",✓,"",Number,"","","",Flow,"","","","","","","",✓,"","","","","","",✓,@p:ubcv:r:20a64546-f3ae027f FNH,"","","","","","","",Los_Angeles,L/s,✓,"","",✓,"","",2020-04-28T00:03:35.731Z UTC
@p:ubcv:r:25a64868-1e7d92ea FNH Unsorted Points JCL-NAE20/N2-A.20A001UN.ZN-SP3,"","",@p:ubcv:r:25a64785-e0f44e2e FNH (NAE-20),"",TL3000231,"",JCL-NAE20/N2-A.20A001UN.ZN-SP3,"",@p:ubcv:r:25a64785-e0f44e2e FNH (NAE-20),"","","","","","",$equipRef $bmsName,"","","","","","",@p:ubcv:r:25a64868-2ec1707e FNH Unsorted Points,"","","",@p:ubcv:r:25a64868-ea8dec3e FNH Unsorted Points,✓,"","",2020-05-12T14:30:00-07:00 Los_Angeles,"","",6026,2020-01-05T12:00:00-08:00 Los_Angeles,ok,"","",✓,Number,2020-05-12T14:33:24.748-07:00 Los_Angeles,"","",JCL-NAE20/N2-A.20A001UN.ZN-SP3,✓,AO3000230,"","","","","",✓,"","","","","","","",@p:ubcv:r:20a64546-f3ae027f FNH,"","","","","","",JCL-NAE20/N2-A.20A001UN.ZN-SP3.Trend1,Los_Angeles,°C,"","","","",FNH.RH1.ZN-SP3,"",2020-04-09T19:02:01.386Z UTC
@p:ubcv:r:25a64868-ac84cf51 FNH Unsorted Points JCL-NAE20/N2-A.20A012UN.RHC-D3,"","",@p:ubcv:r:25a64785-e0f44e2e FNH (NAE-20),"",TL3000192,"",JCL-NAE20/N2-A.20A012UN.RHC-D3,"",@p:ubcv:r:25a64785-e0f44e2e FNH (NAE-20),"","","","","","",$equipRef $bmsName,"","","","","","",@p:ubcv:r:25a64868-2ec1707e FNH Unsorted Points,"","","",@p:ubcv:r:25a64868-ea8dec3e FNH Unsorted Points,✓,"","",2020-05-12T14:30:00-07:00 Los_Angeles,"","",6026,2020-01-05T12:00:00-08:00 Los_Angeles,ok,"","",✓,Number,2020-05-12T14:33:24.758-07:00 Los_Angeles,"","",JCL-NAE20/N2-A.20A012UN.RHC-D3,✓,AO3000191,"","","","","",✓,"","","","","","","",@p:ubcv:r:20a64546-f3ae027f FNH,"","","","","","",JCL-NAE20/N2-A.20A012UN.RHC-D3.Trend1,Los_Angeles,_,"","","","",FNH.DMP3.RHC-D3,"",2020-04-09T19:15:04.416Z UTC
@p:ubcv:r:25a64868-da48c98c FNH Unsorted Points JCL-NAE20/N2-A.20A011UN.COOL4-T,"","",@p:ubcv:r:25a64785-e0f44e2e FNH (NAE-20),"",TL3000685,"",JCL-NAE20/N2-A.20A011UN.COOL4-T,"",@p:ubcv:r:25a64785-e0f44e2e FNH (NAE-20),"","","","","","",$equipRef $bmsName,"","","","","","",@p:ubcv:r:25a64868-2ec1707e FNH Unsorted Points,"","","",@p:ubcv:r:25a64868-ea8dec3e FNH Unsorted Points,✓,"","",2020-05-12T14:33:18-07:00 Los_Angeles,"","",77428,2020-01-06T10:07:44-08:00 Los_Angeles,ok,"","",✓,Number,2020-05-12T14:33:24.97-07:00 Los_Angeles,"","",JCL-NAE20/N2-A.20A011UN.COOL4-T,✓,AI3000576,"","","","","",✓,"","","","","","","",@p:ubcv:r:20a64546-f3ae027f FNH,"","","","","","",JCL-NAE20/N2-A.20A011UN.COOL4-T.Trend1,Los_Angeles,°C,"","","","",FNH.MISC.COOL4-T,"",2020-04-09T19:02:01.388Z UTC
@p:ubcv:r:25a64868-bfba9252 FNH Unsorted Points JCL-NAE20/N2-A.20A002UN.EA1-D1,"","",@p:ubcv:r:25a64785-e0f44e2e FNH (NAE-20),"",TL3000059,"",JCL-NAE20/N2-A.20A002UN.EA1-D1,"",@p:ubcv:r:25a64785-e0f44e2e FNH (NAE-20),"","","","","","",$equipRef $bmsName,"","","","","","",@p:ubcv:r:25a64868-2ec1707e FNH Unsorted Points,"","","",@p:ubcv:r:25a64868-ea8dec3e FNH Unsorted Points,✓,"","",2020-05-12T14:30:00-07:00 Los_Angeles,"","",6026,2020-01-05T12:00:00-08:00 Los_Angeles,ok,"","",✓,Number,2020-05-12T14:33:24.765-07:00 Los_Angeles,"","",JCL-NAE20/N2-A.20A002UN.EA1-D1,✓,AO3000058,"","","","","",✓,"","","","","","","",@p:ubcv:r:20a64546-f3ae027f FNH,"","","","","","",JCL-NAE20/N2-A.20A002UN.EA1-D1.Trend1,Los_Angeles,%,"","","","",FNH.HVAC1.EA1-D1,"",2020-04-09T19:02:01.389Z UTC
@p:ubcv:r:25a64868-319e6a32 FNH Unsorted Points JCL-NAE20/N2-A.20A014UN.SF-HI,"","",@p:ubcv:r:25a64785-e0f44e2e FNH (NAE-20),"",TL3000586,"",JCL-NAE20/N2-A.20A014UN.SF-HI,"",@p:ubcv:r:25a64785-e0f44e2e FNH (NAE-20),"","","","","","",$equipRef $bmsName,"","","","","Low,High","",@p:ubcv:r:25a64868-2ec1707e FNH Unsorted Points,"","","",@p:ubcv:r:25a64868-ea8dec3e FNH Unsorted Points,✓,"","",2020-05-12T06:00:04-07:00 Los_Angeles,"","",253,2019-10-07T12:00:02-07:00 Los_Angeles,ok,"","",✓,Bool,2020-05-12T14:33:17.806-07:00 Los_Angeles,"","",JCL-NAE20/N2-A.20A014UN.SF-HI,✓,BO3000324,"","","","","",✓,"","","","","","","",@p:ubcv:r:20a64546-f3ae027f FNH,"","","","","","",JCL-NAE20/N2-A.20A014UN.SF-HI.Trend1,Los_Angeles,"","","","","",FNH.HVAC1.SF-HI,"",2020-04-08T18:55:24.151Z UTC
@p:ubcv:r:25a64868-b326d7d8 FNH Unsorted Points JCL-NAE20/N2-A.20A015UN.DX2-C,"","",@p:ubcv:r:25a64785-e0f44e2e FNH (NAE-20),"",TL3000343,"",JCL-NAE20/N2-A.20A015UN.DX2-C,"",@p:ubcv:r:25a64785-e0f44e2e FNH (NAE-20),"","","","","","",$equipRef $bmsName,"","","","","Off,On","",@p:ubcv:r:25a64868-2ec1707e FNH Unsorted Points,"","","",@p:ubcv:r:25a64868-ea8dec3e FNH Unsorted Points,✓,"","",2020-05-12T13:50:53-07:00 Los_Angeles,"","",36,2020-01-08T08:02:32-08:00 Los_Angeles,ok,"","",✓,Bool,2020-05-12T14:33:17.912-07:00 Los_Angeles,"","",JCL-NAE20/N2-A.20A015UN.DX2-C,✓,BO3000342,"","","","","",✓,"","","","","","","",@p:ubcv:r:20a64546-f3ae027f FNH,"","","","","","",JCL-NAE20/N2-A.20A015UN.DX2-C.Trend1,Los_Angeles,"","","","","",FNH.HVAC1.DX2-C,"",2020-04-08T18:55:34.208Z UTC
@p:ubcv:r:25a64868-f2577823 FNH Unsorted Points JCL-NAE20/N2-A.20A001UN.RHC-V3,"","",@p:ubcv:r:25a64785-e0f44e2e FNH (NAE-20),"",TL3000041,"",JCL-NAE20/N2-A.20A001UN.RHC-V3,"",@p:ubcv:r:25a64785-e0f44e2e FNH (NAE-20),"","","","","","",$equipRef $bmsName,"","","","","","",@p:ubcv:r:25a64868-2ec1707e FNH Unsorted Points,"","","",@p:ubcv:r:25a64868-ea8dec3e FNH Unsorted Points,✓,"","",2020-05-12T14:30:00-07:00 Los_Angeles,"","",6026,2020-01-05T12:00:00-08:00 Los_Angeles,ok,"","",✓,Number,2020-05-12T14:33:24.772-07:00 Los_Angeles,"","",JCL-NAE20/N2-A.20A001UN.RHC-V3,✓,AO3000040,"","","","","",✓,"","","","","","","",@p:ubcv:r:20a64546-f3ae027f FNH,"","","","","","",JCL-NAE20/N2-A.20A001UN.RHC-V3.Trend1,Los_Angeles,%,"","","","",FNH.RH1.RHC-V3,"",2020-04-09T19:02:01.39Z UTC
@p:ubcv:r:25a64868-d6cc4013 FNH Unsorted Points JCL-NAE20/N2-A.20A005UN.ZN-SP4,"","",@p:ubcv:r:25a64785-e0f44e2e FNH (NAE-20),"",TL3000268,"",JCL-NAE20/N2-A.20A005UN.ZN-SP4,"",@p:ubcv:r:25a64785-e0f44e2e FNH (NAE-20),"","","","","","",$equipRef $bmsName,"","","","","","",@p:ubcv:r:25a64868-2ec1707e FNH Unsorted Points,"","","",@p:ubcv:r:25a64868-ea8dec3e FNH Unsorted Points,✓,"","",2020-05-12T14:30:00-07:00 Los_Angeles,"","",6026,2020-01-05T12:00:00-08:00 Los_Angeles,ok,"","",✓,Number,2020-05-12T14:33:24.779-07:00 Los_Angeles,"","",JCL-NAE20/N2-A.20A005UN.ZN-SP4,✓,AO3000267,"","","","","",✓,"","","","","","","",@p:ubcv:r:20a64546-f3ae027f FNH,"","","","","","",JCL-NAE20/N2-A.20A005UN.ZN-SP4.Trend1,Los_Angeles,°C,"","","","",FNH.RH2.ZN-SP4,"",2020-04-09T19:02:01.391Z UTC
@p:ubcv:r:25a64868-cfcb93e9 FNH Unsorted Points JCL-NAE20/N2-A.20A015UN.SA-T,✓,"",@p:ubcv:r:25a64785-e0f44e2e FNH (NAE-20),"",TL3000334,"",JCL-NAE20/N2-A.20A015UN.SA-T,"",@p:ubcv:r:25a64785-e0f44e2e FNH (NAE-20),"","","","","","",$equipRef $bmsName,✓,"","","","","",@p:ubcv:r:25a64868-2ec1707e FNH Unsorted Points,"","","",@p:ubcv:r:25a64868-ea8dec3e FNH Unsorted Points,✓,"","",2020-05-12T14:30:00-07:00 Los_Angeles,"","",6026,2020-01-05T12:00:00-08:00 Los_Angeles,ok,"","",✓,Number,2020-05-12T14:33:24.786-07:00 Los_Angeles,"","",Discharge Air Temp,"",AI3000333,"","","","","",✓,"","","","","","",✓,@p:ubcv:r:20a64546-f3ae027f FNH,"","","","",@p:ubcv:r:23e65d3d-72a583d5 .+(\.|-| |_)(D|S)A\d?-T,✓,JCL-NAE20/N2-A.20A015UN.SA-T.Trend1,Los_Angeles,°C,"","","","",FNH.HVAC1.SA-T,"",2020-04-09T19:02:01.392Z UTC
@p:ubcv:r:25a64868-159cbe61 FNH Unsorted Points JCL-NAE20/N2-A.20A013UN.HWR-T,"","",@p:ubcv:r:25a64785-e0f44e2e FNH (NAE-20),"",TL3000201,"",JCL-NAE20/N2-A.20A013UN.HWR-T,"",@p:ubcv:r:25a64785-e0f44e2e FNH (NAE-20),"","","","","","",$equipRef $bmsName,"","","",✓,"","",@p:ubcv:r:25a64868-2ec1707e FNH Unsorted Points,"","","",@p:ubcv:r:25a64868-ea8dec3e FNH Unsorted Points,✓,"","",2020-05-12T14:30:00-07:00 Los_Angeles,"","",6026,2020-01-05T12:00:00-08:00 Los_Angeles,ok,"",✓,✓,Number,2020-05-12T14:33:24.794-07:00 Los_Angeles,"","",Entering Hot Water Temp,"",AI3000200,"","","","","",✓,"","","","","","",✓,@p:ubcv:r:20a64546-f3ae027f FNH,"","","","",@p:ubcv:r:23e65d3d-5ed87758 .+(\.|-| |_)HWR\d?-T,✓,JCL-NAE20/N2-A.20A013UN.HWR-T.Trend1,Los_Angeles,°C,"","","",✓,FNH.HX1.HWR-T,"",2020-04-09T19:02:01.393Z UTC
@p:ubcv:r:263b7698-42ade8a2 FNH Elec Main Meter Power,"","","","","","","","",@p:ubcv:r:2549fd47-39d2c491 ION KepServer,✓,"",ok,118.45386505126953kW,"","",$equipRef $navName,"",✓,"","","","",@p:ubcv:r:20a64546-8544b88b FNH Elec Main Meter,"","","",@p:ubcv:r:21697fca-d8ee0da0 FNH Utilities,✓,24.077697675143643kW,15min,2020-05-12T14:40:18-07:00 Los_Angeles,"","",424780,2011-03-31T17:00:00-07:00 Los_Angeles,ok,"","","",Number,"","","",Power,"","","",@p:ubcv:r:2549fd47-39d2c491 ION KepServer,ns=2;s=ION - Local.OPC DA.Buildings_FNH_449.Elec_Power,✓,"",✓,✓,"","",116,"","",✓,@p:ubcv:r:20a64546-f3ae027f FNH,62,"",@p:ubcv:r:23060489-d61f5459 ION DB,✓,"","","",Los_Angeles,kW,✓,"","","","","",2020-05-12T08:00:09.797Z UTC
@p:ubcv:r:25a64868-b2ce323a FNH Unsorted Points JCL-NAE20/N2-A.20A007UN.RHC-D1,"","",@p:ubcv:r:25a64785-e0f44e2e FNH (NAE-20),"",TL3000130,"",JCL-NAE20/N2-A.20A007UN.RHC-D1,"",@p:ubcv:r:25a64785-e0f44e2e FNH (NAE-20),"","","","","","",$equipRef $bmsName,"","","","","","",@p:ubcv:r:25a64868-2ec1707e FNH Unsorted Points,"","","",@p:ubcv:r:25a64868-ea8dec3e FNH Unsorted Points,✓,"","",2020-05-12T14:30:00-07:00 Los_Angeles,"","",6026,2020-01-05T12:00:00-08:00 Los_Angeles,ok,"","",✓,Number,2020-05-12T14:33:24.801-07:00 Los_Angeles,"","",JCL-NAE20/N2-A.20A007UN.RHC-D1,✓,AO3000129,"","","","","",✓,"","","","","","","",@p:ubcv:r:20a64546-f3ae027f FNH,"","","","","","",JCL-NAE20/N2-A.20A007UN.RHC-D1.Trend1,Los_Angeles,_,"","","","",FNH.DMP2.RHC-D1,"",2020-04-09T19:15:04.417Z UTC
@p:ubcv:r:25a64868-4b830b60 FNH Unsorted Points JCL-NAE20/N2-A.20A008UN.RHC-D4,"","",@p:ubcv:r:25a64785-e0f44e2e FNH (NAE-20),"",TL3000140,"",JCL-NAE20/N2-A.20A008UN.RHC-D4,"",@p:ubcv:r:25a64785-e0f44e2e FNH (NAE-20),"","","","","","",$equipRef $bmsName,"","","","","","",@p:ubcv:r:25a64868-2ec1707e FNH Unsorted Points,"","","",@p:ubcv:r:25a64868-ea8dec3e FNH Unsorted Points,✓,"","",2020-05-12T14:30:00-07:00 Los_Angeles,"","",6026,2020-01-05T12:00:00-08:00 Los_Angeles,ok,"","",✓,Number,2020-05-12T14:33:24.807-07:00 Los_Angeles,"","",JCL-NAE20/N2-A.20A008UN.RHC-D4,✓,AO3000139,"","","","","",✓,"","","","","","","",@p:ubcv:r:20a64546-f3ae027f FNH,"","","","","","",JCL-NAE20/N2-A.20A008UN.RHC-D4.Trend1,Los_Angeles,_,"","","","",FNH.DMP2.RHC-D4,"",2020-04-09T19:15:04.418Z UTC
@p:ubcv:r:25a64868-98648ec9 FNH Unsorted Points JCL-NAE20/N2-A.20A013UN.CV-HE5-O,"","",@p:ubcv:r:25a64785-e0f44e2e FNH (NAE-20),"",TL3000679,"",JCL-NAE20/N2-A.20A013UN.CV-HE5-O,✓,@p:ubcv:r:25a64785-e0f44e2e FNH (NAE-20),"","","","","","",$equipRef $bmsName,"","","","","","",@p:ubcv:r:25a64868-2ec1707e FNH Unsorted Points,"","","",@p:ubcv:r:25a64868-ea8dec3e FNH Unsorted Points,✓,"","",2020-05-12T14:30:00-07:00 Los_Angeles,"","",6231,2020-01-03T12:00:00-08:00 Los_Angeles,ok,"",✓,✓,Number,2020-05-12T14:33:24.814-07:00 Los_Angeles,"","",Valve Cmd,"",AO3000678,"","","","","",✓,"","","","","","","",@p:ubcv:r:20a64546-f3ae027f FNH,"","","","","","",JCL-NAE20/N2-A.20A013UN.CV-HE5-O.Trend1,Los_Angeles,%,"",✓,"",✓,FNH.HX1.CV-HE5-O,"",2020-04-09T19:02:01.396Z UTC
@p:ubcv:r:25a64868-78140db8 FNH Unsorted Points JCL-NAE20/N2-A.20A005UN.ZN-T3,"","",@p:ubcv:r:25a64785-e0f44e2e FNH (NAE-20),"",TL3000092,"",JCL-NAE20/N2-A.20A005UN.ZN-T3,"",@p:ubcv:r:25a64785-e0f44e2e FNH (NAE-20),"","","","","","",$equipRef $bmsName,"","","","","","",@p:ubcv:r:25a64868-2ec1707e FNH Unsorted Points,"","","",@p:ubcv:r:25a64868-ea8dec3e FNH Unsorted Points,✓,"","",2020-05-12T14:30:00-07:00 Los_Angeles,"","",6026,2020-01-05T12:00:00-08:00 Los_Angeles,ok,"","",✓,Number,2020-05-12T14:33:24.823-07:00 Los_Angeles,"","",JCL-NAE20/N2-A.20A005UN.ZN-T3,✓,AI3000090,"","","","","",✓,"","","","","","","",@p:ubcv:r:20a64546-f3ae027f FNH,"","","","","","",JCL-NAE20/N2-A.20A005UN.ZN-T3.Trend1,Los_Angeles,°C,"","","","",FNH.RH2.ZN-T3,"",2020-04-09T19:02:01.397Z UTC
@p:ubcv:r:25a64868-c1df9537 FNH Unsorted Points JCL-NAE20/N2-A.20A005UN.ZN-SP3,"","",@p:ubcv:r:25a64785-e0f44e2e FNH (NAE-20),"",TL3000263,"",JCL-NAE20/N2-A.20A005UN.ZN-SP3,"",@p:ubcv:r:25a64785-e0f44e2e FNH (NAE-20),"","","","","","",$equipRef $bmsName,"","","","","","",@p:ubcv:r:25a64868-2ec1707e FNH Unsorted Points,"","","",@p:ubcv:r:25a64868-ea8dec3e FNH Unsorted Points,✓,"","",2020-05-12T14:30:00-07:00 Los_Angeles,"","",6026,2020-01-05T12:00:00-08:00 Los_Angeles,ok,"","",✓,Number,2020-05-12T14:33:24.831-07:00 Los_Angeles,"","",JCL-NAE20/N2-A.20A005UN.ZN-SP3,✓,AO3000262,"","","","","",✓,"","","","","","","",@p:ubcv:r:20a64546-f3ae027f FNH,"","","","","","",JCL-NAE20/N2-A.20A005UN.ZN-SP3.Trend1,Los_Angeles,°C,"","","","",FNH.RH2.ZN-SP3,"",2020-04-09T19:02:01.398Z UTC
@p:ubcv:r:25a64868-f80d3034 FNH Unsorted Points P2 JCL-NAE20/N2-A.20A013UN.P2-S,"","",@p:ubcv:r:25a64785-e0f44e2e FNH (NAE-20),"",TL3000205,"",JCL-NAE20/N2-A.20A013UN.P2-S,"",@p:ubcv:r:25a64785-e0f44e2e FNH (NAE-20),"","","","","","",$equipRef $equipName $bmsName,"","","","","Off,On",P2,@p:ubcv:r:25a64868-2ec1707e FNH Unsorted Points,"","","",@p:ubcv:r:25a64868-ea8dec3e FNH Unsorted Points,✓,"","",2020-05-12T12:00:00-07:00 Los_Angeles,"","",265,2020-01-01T12:00:00-08:00 Los_Angeles,ok,"","",✓,Bool,2020-05-12T14:33:17.888-07:00 Los_Angeles,"","",Run Status,"",BI3000204,"","","","","",✓,"","",✓,"",✓,"",✓,@p:ubcv:r:20a64546-f3ae027f FNH,"","","","",@p:ubcv:r:23e65d3d-742086c0 .+(\.|-|_)P\d+-(FS-)?S,"",JCL-NAE20/N2-A.20A013UN.P2-S.Trend1,Los_Angeles,"","","","","",FNH.HX1.P2-S,"",2020-05-12T11:03:27.752Z UTC
@p:ubcv:r:25a64868-fd572701 FNH Unsorted Points JCL-NAE20/N2-A.20A003UN.RHC-D,"","",@p:ubcv:r:25a64785-e0f44e2e FNH (NAE-20),"",TL3000069,"",JCL-NAE20/N2-A.20A003UN.RHC-D,"",@p:ubcv:r:25a64785-e0f44e2e FNH (NAE-20),"","","","","","",$equipRef $bmsName,"","","","","","",@p:ubcv:r:25a64868-2ec1707e FNH Unsorted Points,"","","",@p:ubcv:r:25a64868-ea8dec3e FNH Unsorted Points,✓,"","",2020-05-12T12:00:00-07:00 Los_Angeles,"","",282,2019-12-24T00:00:00-08:00 Los_Angeles,ok,"","",✓,Number,2020-05-12T14:33:17.894-07:00 Los_Angeles,"","",JCL-NAE20/N2-A.20A003UN.RHC-D,✓,AO3000068,"","","","","",✓,"","","","","","","",@p:ubcv:r:20a64546-f3ae027f FNH,"","","","","","",JCL-NAE20/N2-A.20A003UN.RHC-D.Trend1,Los_Angeles,_,"","","","",FNH.DMP1.RHC-D,"",2020-04-09T19:15:04.419Z UTC
@p:ubcv:r:263b7699-ccb28973 FNH Water Main Meter Consumption,"","","","","","","","",@p:ubcv:r:2549fd47-39d2c491 ION KepServer,✓,"",ok,105502.703125m³,"","",$equipRef $navName,"","","","","","",@p:ubcv:r:20a64546-2444036c FNH Water Main Meter,"","","",@p:ubcv:r:21697fca-d8ee0da0 FNH Utilities,✓,"",15min,2020-05-12T14:30:00-07:00 Los_Angeles,"",consumption,319749,2011-03-31T17:00:00-07:00 Los_Angeles,ok,✓,"","",Number,"","","",Consumption,"","","",@p:ubcv:r:2549fd47-39d2c491 ION KepServer,ns=2;s=ION - Local.OPC DA.Buildings_FNH_449.Water_Volume,✓,"",✓,"","","",10394,"","",✓,@p:ubcv:r:20a64546-f3ae027f FNH,62,"",@p:ubcv:r:23060489-d61f5459 ION DB,✓,"","","",Los_Angeles,m³,✓,"",✓,✓,"","",2020-05-04T19:39:55.078Z UTC
@p:ubcv:r:25a64868-87cbdeb4 FNH Unsorted Points JCL-NAE20/N2-A.20A009UN.ZN-SP4,"","",@p:ubcv:r:25a64785-e0f44e2e FNH (NAE-20),"",TL3000300,"",JCL-NAE20/N2-A.20A009UN.ZN-SP4,"",@p:ubcv:r:25a64785-e0f44e2e FNH (NAE-20),"","","","","","",$equipRef $bmsName,"","","","","","",@p:ubcv:r:25a64868-2ec1707e FNH Unsorted Points,"","","",@p:ubcv:r:25a64868-ea8dec3e FNH Unsorted Points,✓,"","",2020-05-12T14:30:00-07:00 Los_Angeles,"","",6026,2020-01-05T12:00:00-08:00 Los_Angeles,ok,"","",✓,Number,2020-05-12T14:33:24.837-07:00 Los_Angeles,"","",JCL-NAE20/N2-A.20A009UN.ZN-SP4,✓,AO3000299,"","","","","",✓,"","","","","","","",@p:ubcv:r:20a64546-f3ae027f FNH,"","","","","","",JCL-NAE20/N2-A.20A009UN.ZN-SP4.Trend1,Los_Angeles,°C,"","","","",FNH.RH3.ZN-SP4,"",2020-04-09T19:02:01.4Z UTC
@p:ubcv:r:25a64868-96a5a288 FNH Unsorted Points JCL-NAE20/N2-A.20A004UN.RHC-D,"","",@p:ubcv:r:25a64785-e0f44e2e FNH (NAE-20),"",TL3000083,"",JCL-NAE20/N2-A.20A004UN.RHC-D,"",@p:ubcv:r:25a64785-e0f44e2e FNH (NAE-20),"","","","","","",$equipRef $bmsName,"","","","","","",@p:ubcv:r:25a64868-2ec1707e FNH Unsorted Points,"","","",@p:ubcv:r:25a64868-ea8dec3e FNH Unsorted Points,✓,"","",2020-05-12T14:30:00-07:00 Los_Angeles,"","",6026,2020-01-05T12:00:00-08:00 Los_Angeles,ok,"","",✓,Number,2020-05-12T14:33:24.843-07:00 Los_Angeles,"","",JCL-NAE20/N2-A.20A004UN.RHC-D,✓,AO3000082,"","","","","",✓,"","","","","","","",@p:ubcv:r:20a64546-f3ae027f FNH,"","","","","","",JCL-NAE20/N2-A.20A004UN.RHC-D.Trend1,Los_Angeles,_,"","","","",FNH.DMP1.RHC-D,"",2020-04-09T19:15:04.42Z UTC
@p:ubcv:r:25a64868-802bc8f7 FNH Unsorted Points JCL-NAE20/N2-A.20A001UN.RHC-V2,"","",@p:ubcv:r:25a64785-e0f44e2e FNH (NAE-20),"",TL3000039,"",JCL-NAE20/N2-A.20A001UN.RHC-V2,"",@p:ubcv:r:25a64785-e0f44e2e FNH (NAE-20),"","","","","","",$equipRef $bmsName,"","","","","","",@p:ubcv:r:25a64868-2ec1707e FNH Unsorted Points,"","","",@p:ubcv:r:25a64868-ea8dec3e FNH Unsorted Points,✓,"","",2020-05-12T14:30:00-07:00 Los_Angeles,"","",6026,2020-01-05T12:00:00-08:00 Los_Angeles,ok,"","",✓,Number,2020-05-12T14:33:24.85-07:00 Los_Angeles,"","",JCL-NAE20/N2-A.20A001UN.RHC-V2,✓,AO3000038,"","","","","",✓,"","","","","","","",@p:ubcv:r:20a64546-f3ae027f FNH,"","","","","","",JCL-NAE20/N2-A.20A001UN.RHC-V2.Trend1,Los_Angeles,%,"","","","",FNH.RH1.RHC-V2,"",2020-04-09T19:02:01.402Z UTC
@p:ubcv:r:25a64868-82dd067a FNH Unsorted Points JCL-NAE20/N2-A.20A009UN.ZN-SP1,"","",@p:ubcv:r:25a64785-e0f44e2e FNH (NAE-20),"",TL3000284,"",JCL-NAE20/N2-A.20A009UN.ZN-SP1,"",@p:ubcv:r:25a64785-e0f44e2e FNH (NAE-20),"","","","","","",$equipRef $bmsName,"","","","","","",@p:ubcv:r:25a64868-2ec1707e FNH Unsorted Points,"","","",@p:ubcv:r:25a64868-ea8dec3e FNH Unsorted Points,✓,"","",2020-05-12T14:30:00-07:00 Los_Angeles,"","",6026,2020-01-05T12:00:00-08:00 Los_Angeles,ok,"","",✓,Number,2020-05-12T14:33:24.859-07:00 Los_Angeles,"","",JCL-NAE20/N2-A.20A009UN.ZN-SP1,✓,AO3000283,"","","","","",✓,"","","","","","","",@p:ubcv:r:20a64546-f3ae027f FNH,"","","","","","",JCL-NAE20/N2-A.20A009UN.ZN-SP1.Trend1,Los_Angeles,°C,"","","","",FNH.RH3.ZN-SP1,"",2020-04-09T19:02:01.403Z UTC
@p:ubcv:r:25a64868-dd0198d4 FNH Unsorted Points JCL-NAE20/Programming.Outside Air.OA-T,✓,"",@p:ubcv:r:25a64785-e0f44e2e FNH (NAE-20),"",TL3000390,"",JCL-NAE20/Programming.Outside Air.OA-T,"",@p:ubcv:r:25a64785-e0f44e2e FNH (NAE-20),"","","","","","",$equipRef $bmsName,"","","","","","",@p:ubcv:r:25a64868-2ec1707e FNH Unsorted Points,"","","",@p:ubcv:r:25a64868-ea8dec3e FNH Unsorted Points,✓,"","",2020-05-12T14:30:00-07:00 Los_Angeles,"","",6026,2020-01-05T12:00:00-08:00 Los_Angeles,ok,"","",✓,Number,2020-05-12T14:33:24.866-07:00 Los_Angeles,"","",Outside Air Temp,"",AV3000389,"","","","",✓,✓,"","","","","","",✓,@p:ubcv:r:20a64546-f3ae027f FNH,"","","","",@p:ubcv:r:23e65d3d-5671e7b8 .+(\.|-| |_)OA(_|-)T,✓,JCL-NAE20/Programming.Outside Air.OA-T.Trend1,Los_Angeles,°C,"","","","",OA-T,"",2020-04-09T19:02:01.404Z UTC
@p:ubcv:r:25a64868-ddb9be80 FNH Unsorted Points JCL-NAE20/N2-A.20A001UN.ZN-SP2,"","",@p:ubcv:r:25a64785-e0f44e2e FNH (NAE-20),"",TL3000226,"",JCL-NAE20/N2-A.20A001UN.ZN-SP2,"",@p:ubcv:r:25a64785-e0f44e2e FNH (NAE-20),"","","","","","",$equipRef $bmsName,"","","","","","",@p:ubcv:r:25a64868-2ec1707e FNH Unsorted Points,"","","",@p:ubcv:r:25a64868-ea8dec3e FNH Unsorted Points,✓,"","",2020-05-12T14:30:00-07:00 Los_Angeles,"","",6026,2020-01-05T12:00:00-08:00 Los_Angeles,ok,"","",✓,Number,2020-05-12T14:33:24.873-07:00 Los_Angeles,"","",JCL-NAE20/N2-A.20A001UN.ZN-SP2,✓,AO3000225,"","","","","",✓,"","","","","","","",@p:ubcv:r:20a64546-f3ae027f FNH,"","","","","","",JCL-NAE20/N2-A.20A001UN.ZN-SP2.Trend1,Los_Angeles,°C,"","","","",FNH.RH1.ZN-SP2,"",2020-04-09T19:02:01.405Z UTC
@p:ubcv:r:25a64868-dbaee5b9 FNH Unsorted Points JCL-NAE20/N2-A.20A005UN.ZN-T2,"","",@p:ubcv:r:25a64785-e0f44e2e FNH (NAE-20),"",TL3000089,"",JCL-NAE20/N2-A.20A005UN.ZN-T2,"",@p:ubcv:r:25a64785-e0f44e2e FNH (NAE-20),"","","","","","",$equipRef $bmsName,"","","","","","",@p:ubcv:r:25a64868-2ec1707e FNH Unsorted Points,"","","",@p:ubcv:r:25a64868-ea8dec3e FNH Unsorted Points,✓,"","",2020-05-12T14:30:00-07:00 Los_Angeles,"","",6026,2020-01-05T12:00:00-08:00 Los_Angeles,ok,"","",✓,Number,2020-05-12T14:33:24.879-07:00 Los_Angeles,"","",JCL-NAE20/N2-A.20A005UN.ZN-T2,✓,AI3000087,"","","","","",✓,"","","","","","","",@p:ubcv:r:20a64546-f3ae027f FNH,"","","","","","",JCL-NAE20/N2-A.20A005UN.ZN-T2.Trend1,Los_Angeles,°C,"","","","",FNH.RH2.ZN-T2,"",2020-04-09T19:02:01.406Z UTC
@p:ubcv:r:25a64868-3ab2e887 FNH Unsorted Points JCL-NAE20/N2-A.20A005UN.ZN-T1,"","",@p:ubcv:r:25a64785-e0f44e2e FNH (NAE-20),"",TL3000086,"",JCL-NAE20/N2-A.20A005UN.ZN-T1,"",@p:ubcv:r:25a64785-e0f44e2e FNH (NAE-20),"","","","","","",$equipRef $bmsName,"","","","","","",@p:ubcv:r:25a64868-2ec1707e FNH Unsorted Points,"","","",@p:ubcv:r:25a64868-ea8dec3e FNH Unsorted Points,✓,"","",2020-05-12T14:30:00-07:00 Los_Angeles,"","",6026,2020-01-05T12:00:00-08:00 Los_Angeles,ok,"","",✓,Number,2020-05-12T14:33:24.887-07:00 Los_Angeles,"","",JCL-NAE20/N2-A.20A005UN.ZN-T1,✓,AI3000084,"","","","","",✓,"","","","","","","",@p:ubcv:r:20a64546-f3ae027f FNH,"","","","","","",JCL-NAE20/N2-A.20A005UN.ZN-T1.Trend1,Los_Angeles,°C,"","","","",FNH.RH2.ZN-T1,"",2020-04-09T19:02:01.407Z UTC
@p:ubcv:r:21dffdad-2a46144c FNH HW Main Meter Leaving Water Temp,"","",@p:ubcv:r:21caccc0-e723dab3 FNH DES Meter,AI10,"",✓,"","",@p:ubcv:r:21caccc0-e723dab3 FNH DES Meter,✓,"",ok,71.3499984741211°C,"","",$equipRef $navName,"","","","","","",@p:ubcv:r:20a64546-dcb2ab24 FNH HW Main Meter,"","","",@p:ubcv:r:21697fca-d8ee0da0 FNH Utilities,✓,0.5°C,10min,2020-05-12T14:40:00-07:00 Los_Angeles,"",consumption,306942,2018-01-03T14:10:00-08:00 Los_Angeles,ok,"",✓,"",Number,"",✓,"",Leaving Water Temp,"","","","","","","",✓,"","","","","","",✓,@p:ubcv:r:20a64546-f3ae027f FNH,"","","","","",✓,"",Los_Angeles,°C,✓,"","",✓,"","",2020-04-28T00:03:35.732Z UTC
@p:ubcv:r:25a64868-42c1b45e FNH Unsorted Points JCL-NAE20/N2-A.20A005UN.RHC-V2,"","",@p:ubcv:r:25a64785-e0f44e2e FNH (NAE-20),"",TL3000099,"",JCL-NAE20/N2-A.20A005UN.RHC-V2,"",@p:ubcv:r:25a64785-e0f44e2e FNH (NAE-20),"","","","","","",$equipRef $bmsName,"","","","","","",@p:ubcv:r:25a64868-2ec1707e FNH Unsorted Points,"","","",@p:ubcv:r:25a64868-ea8dec3e FNH Unsorted Points,✓,"","",2020-05-12T14:30:00-07:00 Los_Angeles,"","",6026,2020-01-05T12:00:00-08:00 Los_Angeles,ok,"","",✓,Number,2020-05-12T14:33:24.893-07:00 Los_Angeles,"","",JCL-NAE20/N2-A.20A005UN.RHC-V2,✓,AO3000098,"","","","","",✓,"","","","","","","",@p:ubcv:r:20a64546-f3ae027f FNH,"","","","","","",JCL-NAE20/N2-A.20A005UN.RHC-V2.Trend1,Los_Angeles,%,"","","","",FNH.RH2.RHC-V2,"",2020-04-09T19:02:01.408Z UTC
@p:ubcv:r:25a64868-11c508ea FNH Unsorted Points JCL-NAE20/N2-A.20A001UN.RHC-V1,"","",@p:ubcv:r:25a64785-e0f44e2e FNH (NAE-20),"",TL3000037,"",JCL-NAE20/N2-A.20A001UN.RHC-V1,"",@p:ubcv:r:25a64785-e0f44e2e FNH (NAE-20),"","","","","","",$equipRef $bmsName,"","","","","","",@p:ubcv:r:25a64868-2ec1707e FNH Unsorted Points,"","","",@p:ubcv:r:25a64868-ea8dec3e FNH Unsorted Points,✓,"","",2020-05-12T14:30:00-07:00 Los_Angeles,"","",6026,2020-01-05T12:00:00-08:00 Los_Angeles,ok,"","",✓,Number,2020-05-12T14:33:24.9-07:00 Los_Angeles,"","",JCL-NAE20/N2-A.20A001UN.RHC-V1,✓,AO3000036,"","","","","",✓,"","","","","","","",@p:ubcv:r:20a64546-f3ae027f FNH,"","","","","","",JCL-NAE20/N2-A.20A001UN.RHC-V1.Trend1,Los_Angeles,%,"","","","",FNH.RH1.RHC-V1,"",2020-04-09T19:02:01.409Z UTC
@p:ubcv:r:25a64868-6555ecbe FNH Unsorted Points JCL-NAE20/N2-A.20A007UN.RHC-D3,"","",@p:ubcv:r:25a64785-e0f44e2e FNH (NAE-20),"",TL3000134,"",JCL-NAE20/N2-A.20A007UN.RHC-D3,"",@p:ubcv:r:25a64785-e0f44e2e FNH (NAE-20),"","","","","","",$equipRef $bmsName,"","","","","","",@p:ubcv:r:25a64868-2ec1707e FNH Unsorted Points,"","","",@p:ubcv:r:25a64868-ea8dec3e FNH Unsorted Points,✓,"","",2020-05-12T14:30:00-07:00 Los_Angeles,"","",6026,2020-01-05T12:00:00-08:00 Los_Angeles,ok,"","",✓,Number,2020-05-12T14:33:24.906-07:00 Los_Angeles,"","",JCL-NAE20/N2-A.20A007UN.RHC-D3,✓,AO3000133,"","","","","",✓,"","","","","","","",@p:ubcv:r:20a64546-f3ae027f FNH,"","","","","","",JCL-NAE20/N2-A.20A007UN.RHC-D3.Trend1,Los_Angeles,_,"","","","",FNH.DMP2.RHC-D3,"",2020-04-09T19:15:04.421Z UTC
@p:ubcv:r:25a64868-1a3c813d FNH Unsorted Points JCL-NAE20/N2-A.20A001UN.ZN-T1,"","",@p:ubcv:r:25a64785-e0f44e2e FNH (NAE-20),"",TL3000026,"",JCL-NAE20/N2-A.20A001UN.ZN-T1,"",@p:ubcv:r:25a64785-e0f44e2e FNH (NAE-20),"","","","","","",$equipRef $bmsName,"","","","","","",@p:ubcv:r:25a64868-2ec1707e FNH Unsorted Points,"","","",@p:ubcv:r:25a64868-ea8dec3e FNH Unsorted Points,✓,"","",2020-05-12T14:30:00-07:00 Los_Angeles,"","",6026,2020-01-05T12:00:00-08:00 Los_Angeles,ok,"","",✓,Number,2020-05-12T14:33:24.914-07:00 Los_Angeles,"","",JCL-NAE20/N2-A.20A001UN.ZN-T1,✓,AI3000024,"","","","","",✓,"","","","","","","",@p:ubcv:r:20a64546-f3ae027f FNH,"","","","","","",JCL-NAE20/N2-A.20A001UN.ZN-T1.Trend1,Los_Angeles,°C,"","","","",FNH.RH1.ZN-T1,"",2020-04-09T19:02:01.411Z UTC
@p:ubcv:r:25a64868-7933f1a7 FNH Unsorted Points JCL-NAE20/N2-A.20A009UN.RHC-V1,"","",@p:ubcv:r:25a64785-e0f44e2e FNH (NAE-20),"",TL3000156,"",JCL-NAE20/N2-A.20A009UN.RHC-V1,"",@p:ubcv:r:25a64785-e0f44e2e FNH (NAE-20),"","","","","","",$equipRef $bmsName,"","","","","","",@p:ubcv:r:25a64868-2ec1707e FNH Unsorted Points,"","","",@p:ubcv:r:25a64868-ea8dec3e FNH Unsorted Points,✓,"","",2020-05-12T14:30:00-07:00 Los_Angeles,"","",6026,2020-01-05T12:00:00-08:00 Los_Angeles,ok,"","",✓,Number,2020-05-12T14:33:24.92-07:00 Los_Angeles,"","",JCL-NAE20/N2-A.20A009UN.RHC-V1,✓,AO3000155,"","","","","",✓,"","","","","","","",@p:ubcv:r:20a64546-f3ae027f FNH,"","","","","","",JCL-NAE20/N2-A.20A009UN.RHC-V1.Trend1,Los_Angeles,%,"","","","",FNH.RH3.RHC-V1,"",2020-04-09T19:02:01.412Z UTC
@p:ubcv:r:25a64868-e114c170 FNH Unsorted Points JCL-NAE20/N2-A.20A010UN.RHC-V,"","",@p:ubcv:r:25a64785-e0f44e2e FNH (NAE-20),"",TL3000178,"",JCL-NAE20/N2-A.20A010UN.RHC-V,"",@p:ubcv:r:25a64785-e0f44e2e FNH (NAE-20),"","","","","","",$equipRef $bmsName,"","","","","","",@p:ubcv:r:25a64868-2ec1707e FNH Unsorted Points,"","","",@p:ubcv:r:25a64868-ea8dec3e FNH Unsorted Points,✓,"","",2020-05-12T14:30:00-07:00 Los_Angeles,"","",6026,2020-01-05T12:00:00-08:00 Los_Angeles,ok,"","",✓,Number,2020-05-12T14:33:24.927-07:00 Los_Angeles,"","",JCL-NAE20/N2-A.20A010UN.RHC-V,✓,AO3000177,"","","","","",✓,"","","","","","","",@p:ubcv:r:20a64546-f3ae027f FNH,"","","","","","",JCL-NAE20/N2-A.20A010UN.RHC-V.Trend1,Los_Angeles,%,"","","","",FNH.RH3.RHC-V,"",2020-04-09T19:02:01.413Z UTC
