id,air,bacnetConnRef,bacnetCur,bacnetHis,bacnetPoint,bmsName,cmd,connRef,cur,curConvert,curStatus,curVal,damper,delta,deltaTempPoint,disMacro,discharge,elec,energy,entering,enum,equipRef,exhaust,fan,flow,groupRef,heating,his,hisCollectCov,hisCollectInterval,hisConvert,hisEnd,hisFunc,hisMode,hisSize,hisStart,hisStatus,hisTotalized,hot,jci,kind,lastSynced,lastTagged,leaving,mixed,navName,noTagMatch,objectId,opcConnRef,opcCur,opcPoint,outside,point,power,pump,quantityID,return,run,scheduleOcc,sensor,siteRef,sourceID,sp,sqlConnRef,sqlPoint,tagTableRef,temp,tlName,tz,unit,utilityPoint,valve,volume,water,zone,mod
@p:ubcv:r:238b4247-22c0e61c Sing Tao Unsorted Points JCL-NAE56/N2-1.SJ-DC-2.SJ-FLR1_RHC003-WC,"",@p:ubcv:r:21e6bcfc-6124a5f5 SOJ (NAE-56),"",TL3000284,✓,JCL-NAE56/N2-1.SJ-DC-2.SJ-FLR1_RHC003-WC,"",@p:ubcv:r:21e6bcfc-6124a5f5 SOJ (NAE-56),"","","","","","","",$equipRef $bmsName,"","","","","",@p:ubcv:r:238b4245-b5fba92a Sing Tao Unsorted Points,"","","",@p:ubcv:r:238b4245-2bb2e550 Sing Tao Unsorted Points,"",✓,"","","",2020-05-12T20:00:00-07:00 Los_Angeles,"","",25469,2018-11-22T15:30:00-08:00 Los_Angeles,ok,"","",✓,Number,2020-05-12T20:08:38.957-07:00 Los_Angeles,2018-11-25T13:45:24-08:00 Los_Angeles,"","",JCL-NAE56/N2-1.SJ-DC-2.SJ-FLR1_RHC003-WC,✓,AI3000077,"","","","",✓,"","","","","","","",@p:ubcv:r:20a661de-f242ffd0 Sing Tao,"","","","","","",JCL-NAE56/N2-1.SJ-DC-2.SJ-FLR1_RHC003-WC.Trend1,Los_Angeles,°C,"","","","","",2020-04-09T19:02:17.465Z UTC
@p:ubcv:r:238b4247-08a65e53 Sing Tao Unsorted Points JCL-NAE56/Programming.Energy.Energy Meter Peak and Usage Calc.Supply Flow,"",@p:ubcv:r:21e6bcfc-6124a5f5 SOJ (NAE-56),"",TL3001025,✓,JCL-NAE56/Programming.Energy.Energy Meter Peak and Usage Calc.Supply Flow,"",@p:ubcv:r:21e6bcfc-6124a5f5 SOJ (NAE-56),"","","","","","","",$equipRef $bmsName,"","","","","",@p:ubcv:r:238b4245-b5fba92a Sing Tao Unsorted Points,"","","",@p:ubcv:r:238b4245-2bb2e550 Sing Tao Unsorted Points,"",✓,"","","",2020-05-12T20:00:00-07:00 Los_Angeles,"","",25766,2018-11-20T15:30:00-08:00 Los_Angeles,ok,"","",✓,Number,2020-05-12T20:08:38.959-07:00 Los_Angeles,2018-11-25T13:45:23.379-08:00 Los_Angeles,"","",JCL-NAE56/Programming.Energy.Energy Meter Peak and Usage Calc.Supply Flow,✓,AV3000451,"","","","",✓,"","","","","","","",@p:ubcv:r:20a661de-f242ffd0 Sing Tao,"","","","","","",JCL-NAE56/Programming.Energy.Energy Meter Peak and Usage Calc.Supply Flow.Trend1,Los_Angeles,L/s,"","","","","",2020-04-09T19:02:17.466Z UTC
@p:ubcv:r:238b4247-8c28ccaa Sing Tao Unsorted Points JCL-NAE56/BACnet IP1.SJ-EMTR.Analog Inputs.AI-1,"",@p:ubcv:r:21e6bcfc-6124a5f5 SOJ (NAE-56),"",TL3001099,✓,JCL-NAE56/BACnet IP1.SJ-EMTR.Analog Inputs.AI-1,"",@p:ubcv:r:21e6bcfc-6124a5f5 SOJ (NAE-56),"","","","","","","",$equipRef $bmsName,"","","","","",@p:ubcv:r:238b4245-b5fba92a Sing Tao Unsorted Points,"","","",@p:ubcv:r:238b4245-2bb2e550 Sing Tao Unsorted Points,"",✓,"","","",2020-05-12T00:00:00-07:00 Los_Angeles,"","",541,2018-11-19T00:00:00-08:00 Los_Angeles,ok,"","",✓,Number,2020-05-12T20:08:38.938-07:00 Los_Angeles,2018-11-25T13:45:23.317-08:00 Los_Angeles,"","",JCL-NAE56/BACnet IP1.SJ-EMTR.Analog Inputs.AI-1,✓,AI3001093,"","","","",✓,"","","","","","","",@p:ubcv:r:20a661de-f242ffd0 Sing Tao,"","","","","","",JCL-NAE56/BACnet IP1.SJ-EMTR.Analog Inputs.AI-1.Trend1,Los_Angeles,MWh,"","","","","",2020-04-09T19:02:17.467Z UTC
@p:ubcv:r:238b4247-1f5f11df Sing Tao Unsorted Points JCL-NAE56/N2-1.SJ-DC-1.SJ-AHU1_EF6-DPR,"",@p:ubcv:r:21e6bcfc-6124a5f5 SOJ (NAE-56),"",TL3000195,✓,JCL-NAE56/N2-1.SJ-DC-1.SJ-AHU1_EF6-DPR,"",@p:ubcv:r:21e6bcfc-6124a5f5 SOJ (NAE-56),"","","","","","","",$equipRef $bmsName,"","","","","",@p:ubcv:r:238b4245-b5fba92a Sing Tao Unsorted Points,"","","",@p:ubcv:r:238b4245-2bb2e550 Sing Tao Unsorted Points,"",✓,"","","",2020-05-12T20:00:00-07:00 Los_Angeles,"","",25469,2018-11-22T15:30:00-08:00 Los_Angeles,ok,"","",✓,Number,2020-05-12T20:08:38.962-07:00 Los_Angeles,2018-11-25T13:45:23.949-08:00 Los_Angeles,"","",JCL-NAE56/N2-1.SJ-DC-1.SJ-AHU1_EF6-DPR,✓,AO3000030,"","","","",✓,"","","","","","","",@p:ubcv:r:20a661de-f242ffd0 Sing Tao,"","","","","","",JCL-NAE56/N2-1.SJ-DC-1.SJ-AHU1_EF6-DPR.Trend1,Los_Angeles,_,"","","","","",2020-04-09T19:15:20.428Z UTC
@p:ubcv:r:238b4247-138b6479 Sing Tao Unsorted Points JCL-NAE56/N2-1.SJ-DC-1.SJ-AHU1_ZNT-SP,"",@p:ubcv:r:21e6bcfc-6124a5f5 SOJ (NAE-56),"",TL3001920,✓,JCL-NAE56/N2-1.SJ-DC-1.SJ-AHU1_ZNT-SP,"",@p:ubcv:r:21e6bcfc-6124a5f5 SOJ (NAE-56),"","","","","","","",$equipRef $bmsName,"","","","","",@p:ubcv:r:238b4245-b5fba92a Sing Tao Unsorted Points,"","","",@p:ubcv:r:238b4245-2bb2e550 Sing Tao Unsorted Points,"",✓,"","","",2020-04-09T04:29:06-07:00 Los_Angeles,"","",23,2018-12-20T12:32:55-08:00 Los_Angeles,ok,"","",✓,Number,2020-05-12T20:08:38.926-07:00 Los_Angeles,2018-11-25T13:45:23.811-08:00 Los_Angeles,"","",JCL-NAE56/N2-1.SJ-DC-1.SJ-AHU1_ZNT-SP,✓,AO3000046,"","","","",✓,"","","","","","","",@p:ubcv:r:20a661de-f242ffd0 Sing Tao,"","","","","","",JCL-NAE56/N2-1.SJ-DC-1.SJ-AHU1_ZNT-SP.Trend1,Los_Angeles,°C,"","","","","",2020-04-09T19:02:17.469Z UTC
@p:ubcv:r:238b4247-2a746bdb Sing Tao Unsorted Points JCL-NAE56/N2-1.SJ-DC-2.SJ-AHU2_SF-C,"",@p:ubcv:r:21e6bcfc-6124a5f5 SOJ (NAE-56),"",TL3000272,✓,JCL-NAE56/N2-1.SJ-DC-2.SJ-AHU2_SF-C,"",@p:ubcv:r:21e6bcfc-6124a5f5 SOJ (NAE-56),"","","","","","","",$equipRef $bmsName,"","","","","Off,On",@p:ubcv:r:238b4245-b5fba92a Sing Tao Unsorted Points,"","","",@p:ubcv:r:238b4245-2bb2e550 Sing Tao Unsorted Points,"",✓,"","","",2020-05-12T12:30:03-07:00 Los_Angeles,"","",764,2018-11-19T06:00:05-08:00 Los_Angeles,ok,"","",✓,Bool,2020-05-12T20:08:38.946-07:00 Los_Angeles,2018-11-25T13:45:23.998-08:00 Los_Angeles,"","",JCL-NAE56/N2-1.SJ-DC-2.SJ-AHU2_SF-C,✓,BO3000067,"","","","",✓,"","","","","","","",@p:ubcv:r:20a661de-f242ffd0 Sing Tao,"","","","","","",JCL-NAE56/N2-1.SJ-DC-2.SJ-AHU2_SF-C.Trend1,Los_Angeles,"","","","","","",2020-04-08T18:55:45.272Z UTC
@p:ubcv:r:238b4247-b8d61082 Sing Tao Unsorted Points JCL-NAE56/N2-1.SJ-DC-1.SJ-AHU1_MA-DPR,✓,@p:ubcv:r:21e6bcfc-6124a5f5 SOJ (NAE-56),"",TL3000200,✓,JCL-NAE56/N2-1.SJ-DC-1.SJ-AHU1_MA-DPR,✓,@p:ubcv:r:21e6bcfc-6124a5f5 SOJ (NAE-56),"","","","",✓,"","",$equipRef $bmsName,"","","","","",@p:ubcv:r:238b4245-b5fba92a Sing Tao Unsorted Points,"","","",@p:ubcv:r:238b4245-2bb2e550 Sing Tao Unsorted Points,"",✓,"","","",2020-05-12T20:00:00-07:00 Los_Angeles,"","",25469,2018-11-22T15:30:00-08:00 Los_Angeles,ok,"","",✓,Number,2020-05-12T20:08:38.964-07:00 Los_Angeles,2018-11-25T13:45:24.029-08:00 Los_Angeles,"",✓,Mixed Air Damper Cmd,"",AO3000035,"","","","",✓,"","","","","","","",@p:ubcv:r:20a661de-f242ffd0 Sing Tao,"","","","",@p:ubcv:r:23e65d3d-c8536712 .+(\.|-| |_)MA-DPR,"",JCL-NAE56/N2-1.SJ-DC-1.SJ-AHU1_MA-DPR.Trend1,Los_Angeles,%,"","","","","",2020-04-09T19:02:17.47Z UTC
@p:ubcv:r:238b4247-ec461be0 Sing Tao Unsorted Points JCL-NAE56/Programming.Energy.Energy Meter Peak and Usage Calc.Current Hourly Consumption,"",@p:ubcv:r:21e6bcfc-6124a5f5 SOJ (NAE-56),"",TL3000995,✓,JCL-NAE56/Programming.Energy.Energy Meter Peak and Usage Calc.Current Hourly Consumption,"",@p:ubcv:r:21e6bcfc-6124a5f5 SOJ (NAE-56),"","","","","","","",$equipRef $bmsName,"","","","","",@p:ubcv:r:238b4245-b5fba92a Sing Tao Unsorted Points,"","","",@p:ubcv:r:238b4245-2bb2e550 Sing Tao Unsorted Points,"",✓,"","","",2020-05-12T20:00:00-07:00 Los_Angeles,"","",12980,2018-11-18T16:00:00-08:00 Los_Angeles,ok,"","",✓,Number,2020-05-12T20:08:38.966-07:00 Los_Angeles,2018-11-25T13:45:23.583-08:00 Los_Angeles,"","",JCL-NAE56/Programming.Energy.Energy Meter Peak and Usage Calc.Current Hourly Consumption,✓,AV3000447,"","","","",✓,"","","","","","","",@p:ubcv:r:20a661de-f242ffd0 Sing Tao,"","","","","","",JCL-NAE56/Programming.Energy.Energy Meter Peak and Usage Calc.Current Hourly Consumption.Trend1,Los_Angeles,MWh,"","","","","",2020-04-09T19:02:17.471Z UTC
@p:ubcv:r:238b4247-39593f2e Sing Tao Unsorted Points JCL-NAE56/N2-1.SJ-DC-3.SJ-DHW_P5-S,"",@p:ubcv:r:21e6bcfc-6124a5f5 SOJ (NAE-56),"",TL3000355,✓,JCL-NAE56/N2-1.SJ-DC-3.SJ-DHW_P5-S,"",@p:ubcv:r:21e6bcfc-6124a5f5 SOJ (NAE-56),"","","","","","","",$equipRef $bmsName,"","","","","Off,On",@p:ubcv:r:238b4245-b5fba92a Sing Tao Unsorted Points,"","","",@p:ubcv:r:238b4245-2bb2e550 Sing Tao Unsorted Points,"",✓,"","","",2020-04-09T04:29:01-07:00 Los_Angeles,"","",16,2018-12-20T12:32:54-08:00 Los_Angeles,ok,"","",✓,Bool,2020-05-12T20:08:38.896-07:00 Los_Angeles,2018-12-07T09:45:31.743-08:00 Los_Angeles,"","",Pump Run Status,"",BI3000126,"","","","",✓,"",✓,"","",✓,"",✓,@p:ubcv:r:20a661de-f242ffd0 Sing Tao,"","","","",@p:ubcv:r:23e65d3d-742086c0 .+(\.|-|_)P\d+-(FS-)?S,"",JCL-NAE56/N2-1.SJ-DC-3.SJ-DHW_P5-S.Trend1,Los_Angeles,"","","","","","",2020-04-08T18:55:33.153Z UTC
@p:ubcv:r:238b4247-4c1fa265 Sing Tao Unsorted Points JCL-NAE56/N2-1.SJ-DC-2.SJ-EF_EF1-S,✓,@p:ubcv:r:21e6bcfc-6124a5f5 SOJ (NAE-56),"",TL3000281,✓,JCL-NAE56/N2-1.SJ-DC-2.SJ-EF_EF1-S,"",@p:ubcv:r:21e6bcfc-6124a5f5 SOJ (NAE-56),"","","","","","","",$equipRef $bmsName,"","","","","Off,On",@p:ubcv:r:238b4245-b5fba92a Sing Tao Unsorted Points,✓,✓,"",@p:ubcv:r:238b4245-2bb2e550 Sing Tao Unsorted Points,"",✓,"","","",2020-04-09T04:29:01-07:00 Los_Angeles,"","",18,2018-12-20T12:32:56-08:00 Los_Angeles,ok,"","",✓,Bool,2020-05-12T20:08:38.9-07:00 Los_Angeles,2018-11-25T13:45:24.001-08:00 Los_Angeles,"","",Exhaust Fan Run Feedback,"",BI3000074,"","","","",✓,"","","","",✓,"",✓,@p:ubcv:r:20a661de-f242ffd0 Sing Tao,"","","","",@p:ubcv:r:23e65d3d-9d7111b8 .+(\.|-| |_)EF-?(\d+)?\w?-S,"",JCL-NAE56/N2-1.SJ-DC-2.SJ-EF_EF1-S.Trend1,Los_Angeles,"","","","","","",2020-04-08T18:55:45.575Z UTC
@p:ubcv:r:238b4247-50a95074 Sing Tao Unsorted Points JCL-NAE56/N2-1.SJ-DC-3.HE1-VLV-FB,"",@p:ubcv:r:21e6bcfc-6124a5f5 SOJ (NAE-56),"",TL3001561,✓,JCL-NAE56/N2-1.SJ-DC-3.HE1-VLV-FB,"",@p:ubcv:r:21e6bcfc-6124a5f5 SOJ (NAE-56),"","","","","","","",$equipRef $bmsName,"","","","","",@p:ubcv:r:238b4245-b5fba92a Sing Tao Unsorted Points,"","","",@p:ubcv:r:238b4245-2bb2e550 Sing Tao Unsorted Points,"",✓,"","","",2020-05-12T20:00:00-07:00 Los_Angeles,"","",25766,2018-11-20T15:30:00-08:00 Los_Angeles,ok,"","",✓,Number,2020-05-12T20:08:38.967-07:00 Los_Angeles,2018-11-25T13:45:24.02-08:00 Los_Angeles,"","",JCL-NAE56/N2-1.SJ-DC-3.HE1-VLV-FB,✓,AI3001560,"","","","",✓,"","","","","","","",@p:ubcv:r:20a661de-f242ffd0 Sing Tao,"","","","","","",JCL-NAE56/N2-1.SJ-DC-3.HE1-VLV-FB.Trend1,Los_Angeles,_,"","","","","",2020-04-09T19:15:20.429Z UTC
@p:ubcv:r:263b76ea-fdabc00b Sing Tao Elec Main Meter Power,"","","","","","","",@p:ubcv:r:2549fd47-39d2c491 ION KepServer,✓,"",ok,9.473447799682617kW,"","","",$equipRef $navName,"",✓,"","","",@p:ubcv:r:20a661de-da647181 Sing Tao Elec Main Meter,"","","",@p:ubcv:r:21697fca-7b42701e Sing Tao Utilities,"",✓,5kW,15min,"",2020-05-12T20:15:00-07:00 Los_Angeles,"","",323248,2011-03-31T17:00:00-07:00 Los_Angeles,ok,"","","",Number,"","","","",Power,"","",@p:ubcv:r:2549fd47-39d2c491 ION KepServer,ns=2;s=ION - Local.OPC DA.Buildings_Sing_Tao_212.Elec_Power,✓,"",✓,✓,"",116,"","","",✓,@p:ubcv:r:20a661de-f242ffd0 Sing Tao,68,"",@p:ubcv:r:23060489-d61f5459 ION DB,✓,"","","",Los_Angeles,kW,✓,"","","","",2020-05-12T08:00:09.885Z UTC
@p:ubcv:r:238b4247-d59c4631 Sing Tao Unsorted Points JCL-NAE56/N2-1.SJ-DC-3.RHC7.SJ-FLR3_RHC007-WC,"",@p:ubcv:r:21e6bcfc-6124a5f5 SOJ (NAE-56),"",TL3001177,✓,JCL-NAE56/N2-1.SJ-DC-3.RHC7.SJ-FLR3_RHC007-WC,"",@p:ubcv:r:21e6bcfc-6124a5f5 SOJ (NAE-56),"","","","","","","",$equipRef $bmsName,"","","","","",@p:ubcv:r:238b4245-b5fba92a Sing Tao Unsorted Points,"","","",@p:ubcv:r:238b4245-2bb2e550 Sing Tao Unsorted Points,"",✓,"","","",2020-05-12T20:00:00-07:00 Los_Angeles,"","",25469,2018-11-22T15:30:00-08:00 Los_Angeles,ok,"","",✓,Number,2020-05-12T20:08:38.969-07:00 Los_Angeles,2018-11-25T13:45:23.43-08:00 Los_Angeles,"","",JCL-NAE56/N2-1.SJ-DC-3.RHC7.SJ-FLR3_RHC007-WC,✓,AI3001176,"","","","",✓,"","","","","","","",@p:ubcv:r:20a661de-f242ffd0 Sing Tao,"","","","","","",JCL-NAE56/N2-1.SJ-DC-3.RHC7.SJ-FLR3_RHC007-WC.Trend1,Los_Angeles,°C,"","","","","",2020-04-09T19:02:17.473Z UTC
@p:ubcv:r:238b4247-4be09831 Sing Tao Unsorted Points JCL-NAE56/Programming.Central Plant.SJ-HW.HWS-LL,"",@p:ubcv:r:21e6bcfc-6124a5f5 SOJ (NAE-56),"",TL3001833,✓,JCL-NAE56/Programming.Central Plant.SJ-HW.HWS-LL,"",@p:ubcv:r:21e6bcfc-6124a5f5 SOJ (NAE-56),"","","","","","","",$equipRef $bmsName,"","","","","",@p:ubcv:r:238b4245-b5fba92a Sing Tao Unsorted Points,"","","",@p:ubcv:r:238b4245-2bb2e550 Sing Tao Unsorted Points,"",✓,"","","",2020-05-12T20:00:00-07:00 Los_Angeles,"","",50494,2018-11-23T03:15:00-08:00 Los_Angeles,ok,"","",✓,Number,2020-05-12T20:08:39.074-07:00 Los_Angeles,2018-11-25T13:45:23.731-08:00 Los_Angeles,"","",JCL-NAE56/Programming.Central Plant.SJ-HW.HWS-LL,✓,AV3001592,"","","","",✓,"","","","","","","",@p:ubcv:r:20a661de-f242ffd0 Sing Tao,"","","","","","",JCL-NAE56/Programming.Central Plant.SJ-HW.HWS-LL.Trend1,Los_Angeles,°C,"","","","","",2020-04-09T19:02:17.474Z UTC
@p:ubcv:r:238b4247-c3d18b53 Sing Tao Unsorted Points JCL-NAE56/N2-1.SJ-DC-1.SJ-AHU1_TLL-ALM,"",@p:ubcv:r:21e6bcfc-6124a5f5 SOJ (NAE-56),"",TL3000213,✓,JCL-NAE56/N2-1.SJ-DC-1.SJ-AHU1_TLL-ALM,"",@p:ubcv:r:21e6bcfc-6124a5f5 SOJ (NAE-56),"","","","","","","",$equipRef $bmsName,"","","","","Normal,Alarm",@p:ubcv:r:238b4245-b5fba92a Sing Tao Unsorted Points,"","","",@p:ubcv:r:238b4245-2bb2e550 Sing Tao Unsorted Points,"",✓,"","","",2020-04-09T04:29:01-07:00 Los_Angeles,"","",17,2018-12-20T12:32:55-08:00 Los_Angeles,ok,"","",✓,Bool,2020-05-12T20:08:38.901-07:00 Los_Angeles,2018-11-25T13:45:24.024-08:00 Los_Angeles,"","",JCL-NAE56/N2-1.SJ-DC-1.SJ-AHU1_TLL-ALM,✓,BI3000044,"","","","",✓,"","","","","","","",@p:ubcv:r:20a661de-f242ffd0 Sing Tao,"","","","","","",JCL-NAE56/N2-1.SJ-DC-1.SJ-AHU1_TLL-ALM.Trend1,Los_Angeles,"","","","","","",2020-04-08T18:55:47.202Z UTC
@p:ubcv:r:238b4247-b1e7a203 Sing Tao Unsorted Points JCL-NAE56/Programming.HVAC.SJ-AHU1.Optimum Start.Zone Warm Cool Mode,"",@p:ubcv:r:21e6bcfc-6124a5f5 SOJ (NAE-56),"",TL3001047,✓,JCL-NAE56/Programming.HVAC.SJ-AHU1.Optimum Start.Zone Warm Cool Mode,"",@p:ubcv:r:21e6bcfc-6124a5f5 SOJ (NAE-56),"","","","","","","",$equipRef $bmsName,"","","","","Normal,Warmup,Cooldown,Coast",@p:ubcv:r:238b4245-b5fba92a Sing Tao Unsorted Points,"","","",@p:ubcv:r:238b4245-2bb2e550 Sing Tao Unsorted Points,"",✓,"","","-1 enumNumberToStr(self, false)",2020-04-09T04:29:01-07:00 Los_Angeles,"","",41,2018-12-20T12:37:34-08:00 Los_Angeles,ok,"","",✓,Str,2020-05-12T20:08:38.903-07:00 Los_Angeles,2018-11-25T13:45:23.32-08:00 Los_Angeles,"","",JCL-NAE56/Programming.HVAC.SJ-AHU1.Optimum Start.Zone Warm Cool Mode,✓,MSV3000454,"","","","",✓,"","","","","","","",@p:ubcv:r:20a661de-f242ffd0 Sing Tao,"","","","","","",JCL-NAE56/Programming.HVAC.SJ-AHU1.Optimum Start.Zone Warm Cool Mode.Trend1,Los_Angeles,"","","","","","",2020-04-08T18:52:43.396Z UTC
@p:ubcv:r:238b4247-f4caa4c3 Sing Tao Unsorted Points JCL-NAE56/N2-1.SJ-DC-3.SJ-HW_P2-S,"",@p:ubcv:r:21e6bcfc-6124a5f5 SOJ (NAE-56),"",TL3000352,✓,JCL-NAE56/N2-1.SJ-DC-3.SJ-HW_P2-S,"",@p:ubcv:r:21e6bcfc-6124a5f5 SOJ (NAE-56),"","","","","","","",$equipRef $bmsName,"","","","","Off,On",@p:ubcv:r:238b4245-b5fba92a Sing Tao Unsorted Points,"","","",@p:ubcv:r:238b4245-2bb2e550 Sing Tao Unsorted Points,"",✓,"","","",2020-04-09T04:29:01-07:00 Los_Angeles,"","",68,2018-11-21T07:28:03-08:00 Los_Angeles,ok,"","",✓,Bool,2020-05-12T20:08:38.905-07:00 Los_Angeles,2018-12-07T09:45:31.744-08:00 Los_Angeles,"","",Pump Run Status,"",BI3000124,"","","","",✓,"",✓,"","",✓,"",✓,@p:ubcv:r:20a661de-f242ffd0 Sing Tao,"","","","",@p:ubcv:r:23e65d3d-742086c0 .+(\.|-|_)P\d+-(FS-)?S,"",JCL-NAE56/N2-1.SJ-DC-3.SJ-HW_P2-S.Trend1,Los_Angeles,"","","","","","",2020-04-08T18:55:33.203Z UTC
@p:ubcv:r:238b4247-4a896d98 Sing Tao Unsorted Points JCL-NAE56/BACnet IP1.SJ-EMTR.Analog Inputs.AI-4,"",@p:ubcv:r:21e6bcfc-6124a5f5 SOJ (NAE-56),"",TL3001098,✓,JCL-NAE56/BACnet IP1.SJ-EMTR.Analog Inputs.AI-4,"",@p:ubcv:r:21e6bcfc-6124a5f5 SOJ (NAE-56),"","","","","","","",$equipRef $bmsName,"","","","","",@p:ubcv:r:238b4245-b5fba92a Sing Tao Unsorted Points,"","","",@p:ubcv:r:238b4245-2bb2e550 Sing Tao Unsorted Points,"",✓,"","","",2020-05-12T20:00:00-07:00 Los_Angeles,"","",25766,2018-11-20T15:30:00-08:00 Los_Angeles,ok,"","",✓,Number,2020-05-12T20:08:38.97-07:00 Los_Angeles,2018-11-25T13:45:23.317-08:00 Los_Angeles,"","",JCL-NAE56/BACnet IP1.SJ-EMTR.Analog Inputs.AI-4,✓,AI3001090,"","","","",✓,"","","","","","","",@p:ubcv:r:20a661de-f242ffd0 Sing Tao,"","","","","","",JCL-NAE56/BACnet IP1.SJ-EMTR.Analog Inputs.AI-4.Trend1,Los_Angeles,L/h,"","","","","",2020-04-09T19:02:17.475Z UTC
@p:ubcv:r:238b4247-f5b14ff2 Sing Tao Unsorted Points JCL-NAE56/N2-1.SJ-DC-2.SJ-EF_EF1-C,✓,@p:ubcv:r:21e6bcfc-6124a5f5 SOJ (NAE-56),"",TL3000279,✓,JCL-NAE56/N2-1.SJ-DC-2.SJ-EF_EF1-C,✓,@p:ubcv:r:21e6bcfc-6124a5f5 SOJ (NAE-56),"","","","","","","",$equipRef $bmsName,"","","","","Off,On",@p:ubcv:r:238b4245-b5fba92a Sing Tao Unsorted Points,✓,✓,"",@p:ubcv:r:238b4245-2bb2e550 Sing Tao Unsorted Points,"",✓,"","","",2020-04-09T04:29:01-07:00 Los_Angeles,"","",700,2018-11-19T06:00:05-08:00 Los_Angeles,ok,"","",✓,Bool,2020-05-12T20:08:38.907-07:00 Los_Angeles,2018-11-25T13:45:23.996-08:00 Los_Angeles,"","",Exhaust Fan Run Cmd,"",BO3000073,"","","","",✓,"","","","",✓,"","",@p:ubcv:r:20a661de-f242ffd0 Sing Tao,"","","","",@p:ubcv:r:23e65d3d-b8710d90 .+(\.|-| |_)EF-?(\d+)?\w?-C,"",JCL-NAE56/N2-1.SJ-DC-2.SJ-EF_EF1-C.Trend1,Los_Angeles,"","","","","","",2020-04-08T18:55:45.137Z UTC
@p:ubcv:r:238b4247-47000dec Sing Tao Unsorted Points JCL-NAE56/BACnet IP1.SJ-EMTR.Analog Inputs.AI-9,"",@p:ubcv:r:21e6bcfc-6124a5f5 SOJ (NAE-56),"",TL3001096,✓,JCL-NAE56/BACnet IP1.SJ-EMTR.Analog Inputs.AI-9,"",@p:ubcv:r:21e6bcfc-6124a5f5 SOJ (NAE-56),"","","","","","","",$equipRef $bmsName,"","","","","",@p:ubcv:r:238b4245-b5fba92a Sing Tao Unsorted Points,"","","",@p:ubcv:r:238b4245-2bb2e550 Sing Tao Unsorted Points,"",✓,"","","",2020-05-12T20:00:00-07:00 Los_Angeles,"","",25766,2018-11-20T15:30:00-08:00 Los_Angeles,ok,"","",✓,Number,2020-05-12T20:08:38.972-07:00 Los_Angeles,2018-11-25T13:45:23.317-08:00 Los_Angeles,"","",JCL-NAE56/BACnet IP1.SJ-EMTR.Analog Inputs.AI-9,✓,AI3001085,"","","","",✓,"","","","","","","",@p:ubcv:r:20a661de-f242ffd0 Sing Tao,"","","","","","",JCL-NAE56/BACnet IP1.SJ-EMTR.Analog Inputs.AI-9.Trend1,Los_Angeles,°C,"","","","","",2020-04-09T19:02:17.476Z UTC
@p:ubcv:r:238b4247-3de03d00 Sing Tao Unsorted Points JCL-NAE56/N2-1.SJ-DC-2.SJ-AHU2_SF-S,"",@p:ubcv:r:21e6bcfc-6124a5f5 SOJ (NAE-56),"",TL3000274,✓,JCL-NAE56/N2-1.SJ-DC-2.SJ-AHU2_SF-S,"",@p:ubcv:r:21e6bcfc-6124a5f5 SOJ (NAE-56),"","","","","","","",$equipRef $bmsName,"","","","","Off,On",@p:ubcv:r:238b4245-b5fba92a Sing Tao Unsorted Points,"","","",@p:ubcv:r:238b4245-2bb2e550 Sing Tao Unsorted Points,"",✓,"","","",2020-05-12T12:30:07-07:00 Los_Angeles,"","",774,2018-11-19T06:00:07-08:00 Los_Angeles,ok,"","",✓,Bool,2020-05-12T20:08:38.949-07:00 Los_Angeles,2018-11-25T13:45:23.997-08:00 Los_Angeles,"","",JCL-NAE56/N2-1.SJ-DC-2.SJ-AHU2_SF-S,✓,BI3000068,"","","","",✓,"","","","","","","",@p:ubcv:r:20a661de-f242ffd0 Sing Tao,"","","","","","",JCL-NAE56/N2-1.SJ-DC-2.SJ-AHU2_SF-S.Trend1,Los_Angeles,"","","","","","",2020-04-08T18:55:45.246Z UTC
@p:ubcv:r:238b4247-2b551f4a Sing Tao Unsorted Points JCL-NAE56/Programming.Energy.Energy Meter Peak and Usage Calc.This Weeks Peak,"",@p:ubcv:r:21e6bcfc-6124a5f5 SOJ (NAE-56),"",TL3000927,✓,JCL-NAE56/Programming.Energy.Energy Meter Peak and Usage Calc.This Weeks Peak,"",@p:ubcv:r:21e6bcfc-6124a5f5 SOJ (NAE-56),"","","","","","","",$equipRef $bmsName,"","","","","",@p:ubcv:r:238b4245-b5fba92a Sing Tao Unsorted Points,"","","",@p:ubcv:r:238b4245-2bb2e550 Sing Tao Unsorted Points,"",✓,"","","",2020-05-12T13:01:48-07:00 Los_Angeles,"","",20161,2018-11-20T00:30:23-08:00 Los_Angeles,ok,"","",✓,Number,2020-05-12T20:08:38.95-07:00 Los_Angeles,2018-11-25T13:45:23.592-08:00 Los_Angeles,"","",JCL-NAE56/Programming.Energy.Energy Meter Peak and Usage Calc.This Weeks Peak,✓,AV3000427,"","","","",✓,"","","","","","","",@p:ubcv:r:20a661de-f242ffd0 Sing Tao,"","","","","","",JCL-NAE56/Programming.Energy.Energy Meter Peak and Usage Calc.This Weeks Peak.Trend1,Los_Angeles,kW,"","","","","",2020-04-09T19:02:17.477Z UTC
@p:ubcv:r:238b4247-f3c1ddc8 Sing Tao Unsorted Points JCL-NAE56/N2-1.SJ-DC-2.SJ-AHU2_ZN-WC,"",@p:ubcv:r:21e6bcfc-6124a5f5 SOJ (NAE-56),"",TL3000277,✓,JCL-NAE56/N2-1.SJ-DC-2.SJ-AHU2_ZN-WC,"",@p:ubcv:r:21e6bcfc-6124a5f5 SOJ (NAE-56),"","","","","","","",$equipRef $bmsName,"","","","","",@p:ubcv:r:238b4245-b5fba92a Sing Tao Unsorted Points,"","","",@p:ubcv:r:238b4245-2bb2e550 Sing Tao Unsorted Points,"",✓,"","","",2020-05-12T20:00:00-07:00 Los_Angeles,"","",25469,2018-11-22T15:30:00-08:00 Los_Angeles,ok,"","",✓,Number,2020-05-12T20:08:38.975-07:00 Los_Angeles,2018-11-25T13:45:23.997-08:00 Los_Angeles,"","",JCL-NAE56/N2-1.SJ-DC-2.SJ-AHU2_ZN-WC,✓,AI3000070,"","","","",✓,"","","","","","","",@p:ubcv:r:20a661de-f242ffd0 Sing Tao,"","","","","","",JCL-NAE56/N2-1.SJ-DC-2.SJ-AHU2_ZN-WC.Trend1,Los_Angeles,°C,"","","","","",2020-04-09T19:02:17.478Z UTC
@p:ubcv:r:238b4247-4c354874 Sing Tao Unsorted Points JCL-NAE56/N2-1.SJ-DC-3.SJ-HW_HE1-VLV,"",@p:ubcv:r:21e6bcfc-6124a5f5 SOJ (NAE-56),"",TL3000343,✓,JCL-NAE56/N2-1.SJ-DC-3.SJ-HW_HE1-VLV,✓,@p:ubcv:r:21e6bcfc-6124a5f5 SOJ (NAE-56),"","","","","","","",$equipRef $bmsName,"","","","","",@p:ubcv:r:238b4245-b5fba92a Sing Tao Unsorted Points,"","","",@p:ubcv:r:238b4245-2bb2e550 Sing Tao Unsorted Points,✓,✓,"","","",2020-05-12T20:00:00-07:00 Los_Angeles,"","",25469,2018-11-22T15:30:00-08:00 Los_Angeles,ok,"",✓,✓,Number,2020-05-12T20:08:38.979-07:00 Los_Angeles,2018-11-25T13:45:23.847-08:00 Los_Angeles,"","",Heating Valve Cmd,"",AO3000110,"","","","",✓,"","","","","","","",@p:ubcv:r:20a661de-f242ffd0 Sing Tao,"","","","",@p:ubcv:r:249291e5-0b74948c .+(\.|-| |_)HE\d-(VLV|O),"",JCL-NAE56/N2-1.SJ-DC-3.SJ-HW_HE1-VLV.Trend1,Los_Angeles,%,"",✓,"",✓,"",2020-04-14T16:49:59.946Z UTC
@p:ubcv:r:238b4247-b95c8ea4 Sing Tao Unsorted Points JCL-NAE56/Programming.Energy.Energy Meter Peak and Usage Calc.This Hours Peak,"",@p:ubcv:r:21e6bcfc-6124a5f5 SOJ (NAE-56),"",TL3000976,✓,JCL-NAE56/Programming.Energy.Energy Meter Peak and Usage Calc.This Hours Peak,"",@p:ubcv:r:21e6bcfc-6124a5f5 SOJ (NAE-56),"","","","","","","",$equipRef $bmsName,"","","","","",@p:ubcv:r:238b4245-b5fba92a Sing Tao Unsorted Points,"","","",@p:ubcv:r:238b4245-2bb2e550 Sing Tao Unsorted Points,"",✓,"","","",2020-05-12T20:00:00-07:00 Los_Angeles,"","",12980,2018-11-18T16:00:00-08:00 Los_Angeles,ok,"","",✓,Number,2020-05-12T20:08:38.981-07:00 Los_Angeles,2018-11-25T13:45:23.584-08:00 Los_Angeles,"","",JCL-NAE56/Programming.Energy.Energy Meter Peak and Usage Calc.This Hours Peak,✓,AV3000441,"","","","",✓,"","","","","","","",@p:ubcv:r:20a661de-f242ffd0 Sing Tao,"","","","","","",JCL-NAE56/Programming.Energy.Energy Meter Peak and Usage Calc.This Hours Peak.Trend2,Los_Angeles,kW,"","","","","",2020-04-09T19:02:17.48Z UTC
@p:ubcv:r:238b4247-c3ff0d55 Sing Tao Unsorted Points JCL-NAE56/Programming.HVAC.SJ-AHU1.Optimum Start.Zone Occupied Schedule,"",@p:ubcv:r:21e6bcfc-6124a5f5 SOJ (NAE-56),"",TL3001048,✓,JCL-NAE56/Programming.HVAC.SJ-AHU1.Optimum Start.Zone Occupied Schedule,"",@p:ubcv:r:21e6bcfc-6124a5f5 SOJ (NAE-56),"","","","","","","",$equipRef $bmsName,"","","","","Unoccupied,Occupied",@p:ubcv:r:238b4245-b5fba92a Sing Tao Unsorted Points,"","","",@p:ubcv:r:238b4245-2bb2e550 Sing Tao Unsorted Points,"",✓,"","","",2020-05-12T13:30:00-07:00 Los_Angeles,"","",733,2018-11-19T06:00:00-08:00 Los_Angeles,ok,"","",✓,Bool,2020-05-12T20:08:38.952-07:00 Los_Angeles,2018-11-25T13:45:23.319-08:00 Los_Angeles,"","",Scheduled Occupancy,"",BV3000457,"","","","",✓,"","","","","",✓,"",@p:ubcv:r:20a661de-f242ffd0 Sing Tao,"","","","",@p:ubcv:r:24ede125-239d50ec .+(S|s)chedule(.+)?,"",JCL-NAE56/Programming.HVAC.SJ-AHU1.Optimum Start.Zone Occupied Schedule.Trend1,Los_Angeles,"","","","","","",2020-04-08T18:52:43.375Z UTC
@p:ubcv:r:238b4247-fdbfc7b8 Sing Tao Unsorted Points JCL-NAE56/N2-1.SJ-DC-2.SJ-AHU2_SA-T,✓,@p:ubcv:r:21e6bcfc-6124a5f5 SOJ (NAE-56),"",TL3000271,✓,JCL-NAE56/N2-1.SJ-DC-2.SJ-AHU2_SA-T,"",@p:ubcv:r:21e6bcfc-6124a5f5 SOJ (NAE-56),"","","","","","","",$equipRef $bmsName,✓,"","","","",@p:ubcv:r:238b4245-b5fba92a Sing Tao Unsorted Points,"","","",@p:ubcv:r:238b4245-2bb2e550 Sing Tao Unsorted Points,"",✓,"","","",2020-05-12T20:00:00-07:00 Los_Angeles,"","",25469,2018-11-22T15:30:00-08:00 Los_Angeles,ok,"","",✓,Number,2020-05-12T20:08:38.983-07:00 Los_Angeles,2018-11-25T13:45:23.998-08:00 Los_Angeles,"","",Discharge Air Temp,"",AI3000066,"","","","",✓,"","","","","","",✓,@p:ubcv:r:20a661de-f242ffd0 Sing Tao,"","","","",@p:ubcv:r:23e65d3d-72a583d5 .+(\.|-| |_)(D|S)A\d?-T,✓,JCL-NAE56/N2-1.SJ-DC-2.SJ-AHU2_SA-T.Trend1,Los_Angeles,°C,"","","","","",2020-04-09T19:02:17.481Z UTC
@p:ubcv:r:238b4247-d120f1f6 Sing Tao Unsorted Points JCL-NAE56/N2-1.SJ-DC-3.RHC5.SJ-FLR1_RHC005-WC,"",@p:ubcv:r:21e6bcfc-6124a5f5 SOJ (NAE-56),"",TL3001173,✓,JCL-NAE56/N2-1.SJ-DC-3.RHC5.SJ-FLR1_RHC005-WC,"",@p:ubcv:r:21e6bcfc-6124a5f5 SOJ (NAE-56),"","","","","","","",$equipRef $bmsName,"","","","","",@p:ubcv:r:238b4245-b5fba92a Sing Tao Unsorted Points,"","","",@p:ubcv:r:238b4245-2bb2e550 Sing Tao Unsorted Points,"",✓,"","","",2020-05-12T20:00:00-07:00 Los_Angeles,"","",25469,2018-11-22T15:30:00-08:00 Los_Angeles,ok,"","",✓,Number,2020-05-12T20:08:38.985-07:00 Los_Angeles,2018-11-25T13:45:23.43-08:00 Los_Angeles,"","",JCL-NAE56/N2-1.SJ-DC-3.RHC5.SJ-FLR1_RHC005-WC,✓,AI3001172,"","","","",✓,"","","","","","","",@p:ubcv:r:20a661de-f242ffd0 Sing Tao,"","","","","","",JCL-NAE56/N2-1.SJ-DC-3.RHC5.SJ-FLR1_RHC005-WC.Trend1,Los_Angeles,°C,"","","","","",2020-04-09T19:02:17.482Z UTC
@p:ubcv:r:238b4247-7908a6ac Sing Tao Unsorted Points JCL-NAE56/N2-1.SJ-DC-3.RHC6.SJ-FLR2_RHC006-WC,"",@p:ubcv:r:21e6bcfc-6124a5f5 SOJ (NAE-56),"",TL3001175,✓,JCL-NAE56/N2-1.SJ-DC-3.RHC6.SJ-FLR2_RHC006-WC,"",@p:ubcv:r:21e6bcfc-6124a5f5 SOJ (NAE-56),"","","","","","","",$equipRef $bmsName,"","","","","",@p:ubcv:r:238b4245-b5fba92a Sing Tao Unsorted Points,"","","",@p:ubcv:r:238b4245-2bb2e550 Sing Tao Unsorted Points,"",✓,"","","",2020-05-12T20:00:00-07:00 Los_Angeles,"","",25469,2018-11-22T15:30:00-08:00 Los_Angeles,ok,"","",✓,Number,2020-05-12T20:08:38.987-07:00 Los_Angeles,2018-11-25T13:45:23.43-08:00 Los_Angeles,"","",JCL-NAE56/N2-1.SJ-DC-3.RHC6.SJ-FLR2_RHC006-WC,✓,AI3001174,"","","","",✓,"","","","","","","",@p:ubcv:r:20a661de-f242ffd0 Sing Tao,"","","","","","",JCL-NAE56/N2-1.SJ-DC-3.RHC6.SJ-FLR2_RHC006-WC.Trend1,Los_Angeles,°C,"","","","","",2020-04-09T19:02:17.483Z UTC
@p:ubcv:r:238b4247-63111500 Sing Tao Unsorted Points JCL-NAE56/N2-1.SJ-DC-2.SJ-AHU2_P4-C,"",@p:ubcv:r:21e6bcfc-6124a5f5 SOJ (NAE-56),"",TL3000266,✓,JCL-NAE56/N2-1.SJ-DC-2.SJ-AHU2_P4-C,✓,@p:ubcv:r:21e6bcfc-6124a5f5 SOJ (NAE-56),"","","","","","","",$equipRef $bmsName,"","","","","On,Off",@p:ubcv:r:238b4245-b5fba92a Sing Tao Unsorted Points,"","","",@p:ubcv:r:238b4245-2bb2e550 Sing Tao Unsorted Points,"",✓,"","","",2020-05-08T12:06:48-07:00 Los_Angeles,"","",2862,2018-11-19T06:01:21-08:00 Los_Angeles,ok,"","",✓,Bool,2020-05-12T20:08:38.933-07:00 Los_Angeles,2018-12-07T09:45:28.47-08:00 Los_Angeles,"","",Pump Run Cmd,"",BO3000063,"","","","",✓,"",✓,"","",✓,"","",@p:ubcv:r:20a661de-f242ffd0 Sing Tao,"","","","",@p:ubcv:r:23e65d3d-604110c2 .+(\.|-|_)C?H?P\d+(-)?C,"",JCL-NAE56/N2-1.SJ-DC-2.SJ-AHU2_P4-C.Trend1,Los_Angeles,"","","","","","",2020-04-08T18:55:46.169Z UTC
@p:ubcv:r:238b4247-84b2da5c Sing Tao Unsorted Points JCL-NAE56/N2-1.SJ-DC-3.SJ-MISC_F-ALM,"",@p:ubcv:r:21e6bcfc-6124a5f5 SOJ (NAE-56),"",TL3000359,✓,JCL-NAE56/N2-1.SJ-DC-3.SJ-MISC_F-ALM,"",@p:ubcv:r:21e6bcfc-6124a5f5 SOJ (NAE-56),"","","","","","","",$equipRef $bmsName,"","","","","Normal,Alarm",@p:ubcv:r:238b4245-b5fba92a Sing Tao Unsorted Points,"","","",@p:ubcv:r:238b4245-2bb2e550 Sing Tao Unsorted Points,"",✓,"","","",2020-04-09T04:29:01-07:00 Los_Angeles,"","",16,2018-12-20T12:32:54-08:00 Los_Angeles,ok,"","",✓,Bool,2020-05-12T20:08:38.909-07:00 Los_Angeles,2018-11-25T13:45:23.843-08:00 Los_Angeles,"","",JCL-NAE56/N2-1.SJ-DC-3.SJ-MISC_F-ALM,✓,BI3000129,"","","","",✓,"","","","","","","",@p:ubcv:r:20a661de-f242ffd0 Sing Tao,"","","","","","",JCL-NAE56/N2-1.SJ-DC-3.SJ-MISC_F-ALM.Trend1,Los_Angeles,"","","","","","",2020-04-08T18:55:33.428Z UTC
@p:ubcv:r:238b4247-c42bbbde Sing Tao Unsorted Points JCL-NAE56/N2-1.SJ-DC-2.SJ-AHU2_MA-DPR,✓,@p:ubcv:r:21e6bcfc-6124a5f5 SOJ (NAE-56),"",TL3000262,✓,JCL-NAE56/N2-1.SJ-DC-2.SJ-AHU2_MA-DPR,✓,@p:ubcv:r:21e6bcfc-6124a5f5 SOJ (NAE-56),"","","","",✓,"","",$equipRef $bmsName,"","","","","",@p:ubcv:r:238b4245-b5fba92a Sing Tao Unsorted Points,"","","",@p:ubcv:r:238b4245-2bb2e550 Sing Tao Unsorted Points,"",✓,"","","",2020-05-12T20:00:00-07:00 Los_Angeles,"","",25469,2018-11-22T15:30:00-08:00 Los_Angeles,ok,"","",✓,Number,2020-05-12T20:08:38.988-07:00 Los_Angeles,2018-11-25T13:45:24.016-08:00 Los_Angeles,"",✓,Mixed Air Damper Cmd,"",AO3000060,"","","","",✓,"","","","","","","",@p:ubcv:r:20a661de-f242ffd0 Sing Tao,"","","","",@p:ubcv:r:23e65d3d-c8536712 .+(\.|-| |_)MA-DPR,"",JCL-NAE56/N2-1.SJ-DC-2.SJ-AHU2_MA-DPR.Trend1,Los_Angeles,%,"","","","","",2020-04-14T16:50:02.262Z UTC
@p:ubcv:r:263b76ea-8b77746e Sing Tao Elec Main Meter Energy,"","","","","","","",@p:ubcv:r:2549fd47-39d2c491 ION KepServer,✓,"",ok,1508949.375kWh,"","","",$equipRef $navName,"",✓,✓,"","",@p:ubcv:r:20a661de-da647181 Sing Tao Elec Main Meter,"","","",@p:ubcv:r:21697fca-7b42701e Sing Tao Utilities,"",✓,"",15min,"",2020-05-12T20:15:00-07:00 Los_Angeles,"",consumption,319753,2011-03-31T17:00:00-07:00 Los_Angeles,ok,✓,"","",Number,"","","","",Energy,"","",@p:ubcv:r:2549fd47-39d2c491 ION KepServer,ns=2;s=ION - Local.OPC DA.Buildings_Sing_Tao_212.Elec_Energy,✓,"",✓,"","",10393,"","","",✓,@p:ubcv:r:20a661de-f242ffd0 Sing Tao,68,"",@p:ubcv:r:23060489-d61f5459 ION DB,✓,"","","",Los_Angeles,kWh,✓,"","","","",2020-05-04T19:39:55.619Z UTC
@p:ubcv:r:238b4247-98538b93 Sing Tao Unsorted Points JCL-NAE56/N2-1.SJ-DC-3.SJ-HW_HWS-SP,"",@p:ubcv:r:21e6bcfc-6124a5f5 SOJ (NAE-56),"",TL3001609,✓,JCL-NAE56/N2-1.SJ-DC-3.SJ-HW_HWS-SP,"",@p:ubcv:r:21e6bcfc-6124a5f5 SOJ (NAE-56),"","","","","","","",$equipRef $bmsName,"","","","","",@p:ubcv:r:238b4245-b5fba92a Sing Tao Unsorted Points,"","","",@p:ubcv:r:238b4245-2bb2e550 Sing Tao Unsorted Points,"",✓,"","","",2020-05-12T20:00:00-07:00 Los_Angeles,"","",25766,2018-11-20T15:30:00-08:00 Los_Angeles,ok,"","",✓,Number,2020-05-12T20:08:38.99-07:00 Los_Angeles,2018-11-25T13:45:23.852-08:00 Los_Angeles,"","",JCL-NAE56/N2-1.SJ-DC-3.SJ-HW_HWS-SP,✓,AO3001608,"","","","",✓,"","","","","","","",@p:ubcv:r:20a661de-f242ffd0 Sing Tao,"","","","","","",JCL-NAE56/N2-1.SJ-DC-3.SJ-HW_HWS-SP.Trend1,Los_Angeles,°C,"","","","","",2020-04-09T19:02:17.485Z UTC
@p:ubcv:r:238b4247-d47e3855 Sing Tao Unsorted Points JCL-NAE56/N2-1.SJ-DC-3.SJ-EMTR-F,"",@p:ubcv:r:21e6bcfc-6124a5f5 SOJ (NAE-56),"",TL3001271,✓,JCL-NAE56/N2-1.SJ-DC-3.SJ-EMTR-F,"",@p:ubcv:r:21e6bcfc-6124a5f5 SOJ (NAE-56),"","","","","","","",$equipRef $bmsName,"","","","","",@p:ubcv:r:238b4245-b5fba92a Sing Tao Unsorted Points,"","","",@p:ubcv:r:238b4245-2bb2e550 Sing Tao Unsorted Points,"",✓,"","","",2020-05-12T20:00:00-07:00 Los_Angeles,"","",25766,2018-11-20T15:30:00-08:00 Los_Angeles,ok,"","",✓,Number,2020-05-12T20:08:38.992-07:00 Los_Angeles,2018-11-25T13:45:23.224-08:00 Los_Angeles,"","",JCL-NAE56/N2-1.SJ-DC-3.SJ-EMTR-F,✓,AO3001270,"","","","",✓,"","","","","","","",@p:ubcv:r:20a661de-f242ffd0 Sing Tao,"","","","","","",JCL-NAE56/N2-1.SJ-DC-3.SJ-EMTR-F.Trend1,Los_Angeles,L/h,"","","","","",2020-04-09T19:02:17.486Z UTC
@p:ubcv:r:238b4247-253965b0 Sing Tao Unsorted Points JCL-NAE56/N2-1.SJ-DC-1.SJ-FLR1_RHC001-V,"",@p:ubcv:r:21e6bcfc-6124a5f5 SOJ (NAE-56),"",TL3000217,✓,JCL-NAE56/N2-1.SJ-DC-1.SJ-FLR1_RHC001-V,"",@p:ubcv:r:21e6bcfc-6124a5f5 SOJ (NAE-56),"","","","","","","",$equipRef $bmsName,"","","","","",@p:ubcv:r:238b4245-b5fba92a Sing Tao Unsorted Points,"","","",@p:ubcv:r:238b4245-2bb2e550 Sing Tao Unsorted Points,"",✓,"","","",2020-05-12T20:00:00-07:00 Los_Angeles,"","",25469,2018-11-22T15:30:00-08:00 Los_Angeles,ok,"","",✓,Number,2020-05-12T20:08:38.995-07:00 Los_Angeles,2018-11-25T13:45:24.026-08:00 Los_Angeles,"","",JCL-NAE56/N2-1.SJ-DC-1.SJ-FLR1_RHC001-V,✓,AO3000049,"","","","",✓,"","","","","","","",@p:ubcv:r:20a661de-f242ffd0 Sing Tao,"","","","","","",JCL-NAE56/N2-1.SJ-DC-1.SJ-FLR1_RHC001-V.Trend1,Los_Angeles,%,"","","","","",2020-04-09T19:02:17.487Z UTC
@p:ubcv:r:238b4247-3c6fec57 Sing Tao Unsorted Points JCL-NAE56/N2-1.SJ-DC-1.SJ-AHU1_SF-S,"",@p:ubcv:r:21e6bcfc-6124a5f5 SOJ (NAE-56),"",TL3000211,✓,JCL-NAE56/N2-1.SJ-DC-1.SJ-AHU1_SF-S,"",@p:ubcv:r:21e6bcfc-6124a5f5 SOJ (NAE-56),"","","","","","","",$equipRef $bmsName,"","","","","Off,On",@p:ubcv:r:238b4245-b5fba92a Sing Tao Unsorted Points,"","","",@p:ubcv:r:238b4245-2bb2e550 Sing Tao Unsorted Points,"",✓,"","","",2020-05-12T13:30:07-07:00 Los_Angeles,"","",908,2018-11-19T06:00:07-08:00 Los_Angeles,ok,"","",✓,Bool,2020-05-12T20:08:38.956-07:00 Los_Angeles,2018-11-25T13:45:24.025-08:00 Los_Angeles,"","",JCL-NAE56/N2-1.SJ-DC-1.SJ-AHU1_SF-S,✓,BI3000043,"","","","",✓,"","","","","","","",@p:ubcv:r:20a661de-f242ffd0 Sing Tao,"","","","","","",JCL-NAE56/N2-1.SJ-DC-1.SJ-AHU1_SF-S.Trend1,Los_Angeles,"","","","","","",2020-04-08T18:55:47.278Z UTC
@p:ubcv:r:238b4247-5a7241bc Sing Tao Unsorted Points JCL-NAE56/N2-1.SJ-DC-3.SJ-FLR2_RHC006-T,✓,@p:ubcv:r:21e6bcfc-6124a5f5 SOJ (NAE-56),"",TL3000334,✓,JCL-NAE56/N2-1.SJ-DC-3.SJ-FLR2_RHC006-T,"",@p:ubcv:r:21e6bcfc-6124a5f5 SOJ (NAE-56),"","","","","","","",$equipRef $bmsName,"","","","","",@p:ubcv:r:238b4245-b5fba92a Sing Tao Unsorted Points,"","","",@p:ubcv:r:238b4245-2bb2e550 Sing Tao Unsorted Points,"",✓,"","","",2020-05-12T20:00:00-07:00 Los_Angeles,"","",25469,2018-11-22T15:30:00-08:00 Los_Angeles,ok,"","",✓,Number,2020-05-12T20:08:38.997-07:00 Los_Angeles,2018-11-25T13:45:23.845-08:00 Los_Angeles,"","",Zone Temp,"",AI3000096,"","","","",✓,"","","","","","",✓,@p:ubcv:r:20a661de-f242ffd0 Sing Tao,"","","","",@p:ubcv:r:23e65d3e-3f42a398 .+(\.|-| |_)RHC\d+-T,✓,JCL-NAE56/N2-1.SJ-DC-3.SJ-FLR2_RHC006-T.Trend1,Los_Angeles,°C,"","","","",✓,2020-04-09T19:02:17.488Z UTC
@p:ubcv:r:238b4247-36406e2c Sing Tao Unsorted Points JCL-NAE56/N2-1.SJ-DC-2.SJ-AHU2_RF-DPR,✓,@p:ubcv:r:21e6bcfc-6124a5f5 SOJ (NAE-56),"",TL3000269,✓,JCL-NAE56/N2-1.SJ-DC-2.SJ-AHU2_RF-DPR,✓,@p:ubcv:r:21e6bcfc-6124a5f5 SOJ (NAE-56),"","","","",✓,"","",$equipRef $bmsName,✓,"","","","",@p:ubcv:r:238b4245-b5fba92a Sing Tao Unsorted Points,"","","",@p:ubcv:r:238b4245-2bb2e550 Sing Tao Unsorted Points,"",✓,"","","",2020-05-12T20:00:00-07:00 Los_Angeles,"","",25469,2018-11-22T15:30:00-08:00 Los_Angeles,ok,"","",✓,Number,2020-05-12T20:08:38.998-07:00 Los_Angeles,2018-11-25T13:45:23.996-08:00 Los_Angeles,"","",Discharge Air Damper Cmd,"",AO3000065,"","","","",✓,"","","",✓,"","","",@p:ubcv:r:20a661de-f242ffd0 Sing Tao,"","","","",@p:ubcv:r:2512c667-0f21317f .+(\.|-| |_)RF-DPR,"",JCL-NAE56/N2-1.SJ-DC-2.SJ-AHU2_RF-DPR.Trend1,Los_Angeles,MWh,"","","","","",2020-04-14T16:50:00.496Z UTC
@p:ubcv:r:238b4247-a3f08c72 Sing Tao Unsorted Points JCL-NAE56/N2-1.SJ-DC-1.SJ-AHU1_SA-T,✓,@p:ubcv:r:21e6bcfc-6124a5f5 SOJ (NAE-56),"",TL3000208,✓,JCL-NAE56/N2-1.SJ-DC-1.SJ-AHU1_SA-T,"",@p:ubcv:r:21e6bcfc-6124a5f5 SOJ (NAE-56),"","","","","","","",$equipRef $bmsName,✓,"","","","",@p:ubcv:r:238b4245-b5fba92a Sing Tao Unsorted Points,"","","",@p:ubcv:r:238b4245-2bb2e550 Sing Tao Unsorted Points,"",✓,"","","",2020-05-12T20:00:00-07:00 Los_Angeles,"","",25469,2018-11-22T15:30:00-08:00 Los_Angeles,ok,"","",✓,Number,2020-05-12T20:08:39.006-07:00 Los_Angeles,2018-11-25T13:45:24.023-08:00 Los_Angeles,"","",Discharge Air Temp,"",AI3000041,"","","","",✓,"","","","","","",✓,@p:ubcv:r:20a661de-f242ffd0 Sing Tao,"","","","",@p:ubcv:r:23e65d3d-72a583d5 .+(\.|-| |_)(D|S)A\d?-T,✓,JCL-NAE56/N2-1.SJ-DC-1.SJ-AHU1_SA-T.Trend1,Los_Angeles,°C,"","","","","",2020-04-09T19:02:17.49Z UTC
@p:ubcv:r:238b4247-0e34e893 Sing Tao Unsorted Points JCL-NAE56/N2-1.SJ-DC-1.SJ-FLR1_RHC002-T,✓,@p:ubcv:r:21e6bcfc-6124a5f5 SOJ (NAE-56),"",TL3000218,✓,JCL-NAE56/N2-1.SJ-DC-1.SJ-FLR1_RHC002-T,"",@p:ubcv:r:21e6bcfc-6124a5f5 SOJ (NAE-56),"","","","","","","",$equipRef $bmsName,"","","","","",@p:ubcv:r:238b4245-b5fba92a Sing Tao Unsorted Points,"","","",@p:ubcv:r:238b4245-2bb2e550 Sing Tao Unsorted Points,"",✓,"","","",2020-05-12T20:00:00-07:00 Los_Angeles,"","",25469,2018-11-22T15:30:00-08:00 Los_Angeles,ok,"","",✓,Number,2020-05-12T20:08:39.014-07:00 Los_Angeles,2018-11-25T13:45:24.026-08:00 Los_Angeles,"","",Zone Temp,"",AI3000050,"","","","",✓,"","","","","","",✓,@p:ubcv:r:20a661de-f242ffd0 Sing Tao,"","","","",@p:ubcv:r:23e65d3e-3f42a398 .+(\.|-| |_)RHC\d+-T,✓,JCL-NAE56/N2-1.SJ-DC-1.SJ-FLR1_RHC002-T.Trend1,Los_Angeles,°C,"","","","",✓,2020-04-09T19:02:17.491Z UTC
@p:ubcv:r:238b4247-cfb162a1 Sing Tao Unsorted Points JCL-NAE56/Programming.HVAC.SJ-AHU2.Optimum Start.Zone Warm Cool Mode,"",@p:ubcv:r:21e6bcfc-6124a5f5 SOJ (NAE-56),"",TL3001049,✓,JCL-NAE56/Programming.HVAC.SJ-AHU2.Optimum Start.Zone Warm Cool Mode,"",@p:ubcv:r:21e6bcfc-6124a5f5 SOJ (NAE-56),"","","","","","","",$equipRef $bmsName,"","","","","Normal,Warmup,Cooldown,Coast",@p:ubcv:r:238b4245-b5fba92a Sing Tao Unsorted Points,"","","",@p:ubcv:r:238b4245-2bb2e550 Sing Tao Unsorted Points,"",✓,"","","-1 enumNumberToStr(self, false)",2020-04-09T04:29:01-07:00 Los_Angeles,"","",65,2018-12-20T12:37:34-08:00 Los_Angeles,ok,"","",✓,Str,2020-05-12T20:08:38.91-07:00 Los_Angeles,2018-11-25T13:45:23.319-08:00 Los_Angeles,"","",JCL-NAE56/Programming.HVAC.SJ-AHU2.Optimum Start.Zone Warm Cool Mode,✓,MSV3000660,"","","","",✓,"","","","","","","",@p:ubcv:r:20a661de-f242ffd0 Sing Tao,"","","","","","",JCL-NAE56/Programming.HVAC.SJ-AHU2.Optimum Start.Zone Warm Cool Mode.Trend1,Los_Angeles,"","","","","","",2020-04-08T18:52:43.365Z UTC
@p:ubcv:r:238b4247-3d3cfdad Sing Tao Unsorted Points JCL-NAE56/Programming.Energy.Energy Meter Peak and Usage Calc.Todays Peak,"",@p:ubcv:r:21e6bcfc-6124a5f5 SOJ (NAE-56),"",TL3000926,✓,JCL-NAE56/Programming.Energy.Energy Meter Peak and Usage Calc.Todays Peak,"",@p:ubcv:r:21e6bcfc-6124a5f5 SOJ (NAE-56),"","","","","","","",$equipRef $bmsName,"","","","","",@p:ubcv:r:238b4245-b5fba92a Sing Tao Unsorted Points,"","","",@p:ubcv:r:238b4245-2bb2e550 Sing Tao Unsorted Points,"",✓,"","","",2020-05-12T00:00:00-07:00 Los_Angeles,"","",541,2018-11-19T00:00:00-08:00 Los_Angeles,ok,"","",✓,Number,2020-05-12T20:08:38.939-07:00 Los_Angeles,2018-11-25T13:45:23.593-08:00 Los_Angeles,"","",JCL-NAE56/Programming.Energy.Energy Meter Peak and Usage Calc.Todays Peak,✓,AV3000426,"","","","",✓,"","","","","","","",@p:ubcv:r:20a661de-f242ffd0 Sing Tao,"","","","","","",JCL-NAE56/Programming.Energy.Energy Meter Peak and Usage Calc.Todays Peak.Trend1,Los_Angeles,kW,"","","","","",2020-04-09T19:02:17.492Z UTC
@p:ubcv:r:238b4247-4e49f09d Sing Tao Unsorted Points JCL-NAE56/N2-1.SJ-DC-3.SJ-HW_P1-S,"",@p:ubcv:r:21e6bcfc-6124a5f5 SOJ (NAE-56),"",TL3000349,✓,JCL-NAE56/N2-1.SJ-DC-3.SJ-HW_P1-S,"",@p:ubcv:r:21e6bcfc-6124a5f5 SOJ (NAE-56),"","","","","","","",$equipRef $bmsName,"","","","","Off,On",@p:ubcv:r:238b4245-b5fba92a Sing Tao Unsorted Points,"","","",@p:ubcv:r:238b4245-2bb2e550 Sing Tao Unsorted Points,"",✓,"","","",2020-04-09T04:29:01-07:00 Los_Angeles,"","",101,2018-11-21T07:28:03-08:00 Los_Angeles,ok,"","",✓,Bool,2020-05-12T20:08:38.912-07:00 Los_Angeles,2018-12-07T09:45:31.741-08:00 Los_Angeles,"","",Pump Run Status,"",BI3000122,"","","","",✓,"",✓,"","",✓,"",✓,@p:ubcv:r:20a661de-f242ffd0 Sing Tao,"","","","",@p:ubcv:r:23e65d3d-742086c0 .+(\.|-|_)P\d+-(FS-)?S,"",JCL-NAE56/N2-1.SJ-DC-3.SJ-HW_P1-S.Trend1,Los_Angeles,"","","","","","",2020-04-08T18:55:33.045Z UTC
@p:ubcv:r:238b4247-bbf70d69 Sing Tao Unsorted Points JCL-NAE56/N2-1.SJ-DC-2.SJ-AHU2_OCC-OVR,"",@p:ubcv:r:21e6bcfc-6124a5f5 SOJ (NAE-56),"",TL3000265,✓,JCL-NAE56/N2-1.SJ-DC-2.SJ-AHU2_OCC-OVR,"",@p:ubcv:r:21e6bcfc-6124a5f5 SOJ (NAE-56),"","","","","","","",$equipRef $bmsName,"","","","","Active,Inactive",@p:ubcv:r:238b4245-b5fba92a Sing Tao Unsorted Points,"","","",@p:ubcv:r:238b4245-2bb2e550 Sing Tao Unsorted Points,"",✓,"","","",2020-04-09T04:29:01-07:00 Los_Angeles,"","",19,2018-12-20T12:32:56-08:00 Los_Angeles,ok,"","",✓,Bool,2020-05-12T20:08:38.914-07:00 Los_Angeles,2018-11-25T13:45:24.015-08:00 Los_Angeles,"","",JCL-NAE56/N2-1.SJ-DC-2.SJ-AHU2_OCC-OVR,✓,BI3000062,"","","","",✓,"","","","","","","",@p:ubcv:r:20a661de-f242ffd0 Sing Tao,"","","","","","",JCL-NAE56/N2-1.SJ-DC-2.SJ-AHU2_OCC-OVR.Trend1,Los_Angeles,"","","","","","",2020-04-08T18:55:46.189Z UTC
@p:ubcv:r:20a661de-5a40e51f Sing Tao HW Main Meter Energy,"",@p:ubcv:r:21cad5a3-4a9603bb SOJ DES Meter,AI1,"",✓,"","",@p:ubcv:r:21cad5a3-4a9603bb SOJ DES Meter,✓,MWh => kWh,ok,916561.03515625kWh,"","","",$equipRef $navName,"","",✓,"","",@p:ubcv:r:20a661de-a7c8bb1f Sing Tao HW Main Meter,"","","",@p:ubcv:r:21697fca-7b42701e Sing Tao Utilities,"",✓,"",15min,"",2020-05-12T20:15:00-07:00 Los_Angeles,"",consumption,139476,2016-05-05T11:00:00-07:00 Los_Angeles,ok,✓,✓,"",Number,"","","","",Energy,"","","","","","",✓,"","",10364,"","","",✓,@p:ubcv:r:20a661de-f242ffd0 Sing Tao,68,"",@p:ubcv:r:23060489-d61f5459 ION DB,✓,"","","",Los_Angeles,kWh,✓,"","",✓,"",2020-04-28T00:03:36.239Z UTC
@p:ubcv:r:238b4247-e76b9715 Sing Tao Unsorted Points JCL-NAE56/N2-1.SJ-DC-1.SJ-AHU1_MA-T,"",@p:ubcv:r:21e6bcfc-6124a5f5 SOJ (NAE-56),"",TL3000202,✓,JCL-NAE56/N2-1.SJ-DC-1.SJ-AHU1_MA-T,"",@p:ubcv:r:21e6bcfc-6124a5f5 SOJ (NAE-56),"","","","","","","",$equipRef $bmsName,"","","","","",@p:ubcv:r:238b4245-b5fba92a Sing Tao Unsorted Points,"","","",@p:ubcv:r:238b4245-2bb2e550 Sing Tao Unsorted Points,"",✓,"","","",2020-05-12T20:00:00-07:00 Los_Angeles,"","",25469,2018-11-22T15:30:00-08:00 Los_Angeles,ok,"","",✓,Number,2020-05-12T20:08:39.023-07:00 Los_Angeles,2018-11-25T13:45:24.029-08:00 Los_Angeles,"","",JCL-NAE56/N2-1.SJ-DC-1.SJ-AHU1_MA-T,✓,AI3000036,"","","","",✓,"","","","","","","",@p:ubcv:r:20a661de-f242ffd0 Sing Tao,"","","","","","",JCL-NAE56/N2-1.SJ-DC-1.SJ-AHU1_MA-T.Trend1,Los_Angeles,°C,"","","","","",2020-04-09T19:02:17.493Z UTC
@p:ubcv:r:238b4247-fc615acd Sing Tao Unsorted Points JCL-NAE56/N2-1.SJ-DC-2.SJ-FLR1_RHC004-WC,"",@p:ubcv:r:21e6bcfc-6124a5f5 SOJ (NAE-56),"",TL3000286,✓,JCL-NAE56/N2-1.SJ-DC-2.SJ-FLR1_RHC004-WC,"",@p:ubcv:r:21e6bcfc-6124a5f5 SOJ (NAE-56),"","","","","","","",$equipRef $bmsName,"","","","","",@p:ubcv:r:238b4245-b5fba92a Sing Tao Unsorted Points,"","","",@p:ubcv:r:238b4245-2bb2e550 Sing Tao Unsorted Points,"",✓,"","","",2020-05-12T20:00:00-07:00 Los_Angeles,"","",25469,2018-11-22T15:30:00-08:00 Los_Angeles,ok,"","",✓,Number,2020-05-12T20:08:39.026-07:00 Los_Angeles,2018-11-25T13:45:24-08:00 Los_Angeles,"","",JCL-NAE56/N2-1.SJ-DC-2.SJ-FLR1_RHC004-WC,✓,AI3000079,"","","","",✓,"","","","","","","",@p:ubcv:r:20a661de-f242ffd0 Sing Tao,"","","","","","",JCL-NAE56/N2-1.SJ-DC-2.SJ-FLR1_RHC004-WC.Trend1,Los_Angeles,°C,"","","","","",2020-04-09T19:02:17.494Z UTC
@p:ubcv:r:238b4247-83498d86 Sing Tao Unsorted Points JCL-NAE56/N2-1.SJ-DC-2.SJ-AHU2_ZN-T,✓,@p:ubcv:r:21e6bcfc-6124a5f5 SOJ (NAE-56),"",TL3000278,✓,JCL-NAE56/N2-1.SJ-DC-2.SJ-AHU2_ZN-T,"",@p:ubcv:r:21e6bcfc-6124a5f5 SOJ (NAE-56),"","","","","","","",$equipRef $bmsName,"","","","","",@p:ubcv:r:238b4245-b5fba92a Sing Tao Unsorted Points,"","","",@p:ubcv:r:238b4245-2bb2e550 Sing Tao Unsorted Points,"",✓,"","","",2020-05-12T20:00:00-07:00 Los_Angeles,"","",25469,2018-11-22T15:30:00-08:00 Los_Angeles,ok,"","",✓,Number,2020-05-12T20:08:39.027-07:00 Los_Angeles,2018-11-25T13:45:23.996-08:00 Los_Angeles,"","",Zone Temp,"",AO3000071,"","","","",✓,"","","","","","",✓,@p:ubcv:r:20a661de-f242ffd0 Sing Tao,"","","","",@p:ubcv:r:23e65d3e-80cb0985 .+(\.|-| |_)(SUPRAD)?ZN(LL)?(\d+)?\w?-T,✓,JCL-NAE56/N2-1.SJ-DC-2.SJ-AHU2_ZN-T.Trend1,Los_Angeles,°C,"","","","",✓,2020-04-09T19:02:17.495Z UTC
@p:ubcv:r:238b4247-bd57cdb7 Sing Tao Unsorted Points JCL-NAE56/N2-1.SJ-DC-1.SJ-AHU1_ZN-T,✓,@p:ubcv:r:21e6bcfc-6124a5f5 SOJ (NAE-56),"",TL3001103,✓,JCL-NAE56/N2-1.SJ-DC-1.SJ-AHU1_ZN-T,"",@p:ubcv:r:21e6bcfc-6124a5f5 SOJ (NAE-56),"","","","","","","",$equipRef $bmsName,"","","","","",@p:ubcv:r:238b4245-b5fba92a Sing Tao Unsorted Points,"","","",@p:ubcv:r:238b4245-2bb2e550 Sing Tao Unsorted Points,"",✓,"","","",2020-05-12T20:00:00-07:00 Los_Angeles,"","",25766,2018-11-20T15:30:00-08:00 Los_Angeles,ok,"","",✓,Number,2020-05-12T20:08:39.029-07:00 Los_Angeles,2018-11-25T13:45:23.439-08:00 Los_Angeles,"","",Zone Temp,"",AO3001102,"","","","",✓,"","","","","","",✓,@p:ubcv:r:20a661de-f242ffd0 Sing Tao,"","","","",@p:ubcv:r:23e65d3e-80cb0985 .+(\.|-| |_)(SUPRAD)?ZN(LL)?(\d+)?\w?-T,✓,JCL-NAE56/N2-1.SJ-DC-1.SJ-AHU1_ZN-T.Trend1,Los_Angeles,°C,"","","","",✓,2020-04-09T19:02:17.496Z UTC
@p:ubcv:r:238b4247-c16d8477 Sing Tao Unsorted Points JCL-NAE56/N2-1.SJ-DC-3.SJ-FLR1_RHC005-T,✓,@p:ubcv:r:21e6bcfc-6124a5f5 SOJ (NAE-56),"",TL3000331,✓,JCL-NAE56/N2-1.SJ-DC-3.SJ-FLR1_RHC005-T,"",@p:ubcv:r:21e6bcfc-6124a5f5 SOJ (NAE-56),"","","","","","","",$equipRef $bmsName,"","","","","",@p:ubcv:r:238b4245-b5fba92a Sing Tao Unsorted Points,"","","",@p:ubcv:r:238b4245-2bb2e550 Sing Tao Unsorted Points,"",✓,"","","",2020-05-12T20:00:00-07:00 Los_Angeles,"","",25469,2018-11-22T15:30:00-08:00 Los_Angeles,ok,"","",✓,Number,2020-05-12T20:08:39.03-07:00 Los_Angeles,2018-11-25T13:45:23.845-08:00 Los_Angeles,"","",Zone Temp,"",AI3000092,"","","","",✓,"","","","","","",✓,@p:ubcv:r:20a661de-f242ffd0 Sing Tao,"","","","",@p:ubcv:r:23e65d3e-3f42a398 .+(\.|-| |_)RHC\d+-T,✓,JCL-NAE56/N2-1.SJ-DC-3.SJ-FLR1_RHC005-T.Trend1,Los_Angeles,°C,"","","","",✓,2020-04-09T19:02:17.497Z UTC
@p:ubcv:r:21dffdae-61f41572 Sing Tao HW Main Meter Entering Water Temp,"",@p:ubcv:r:21cad5a3-4a9603bb SOJ DES Meter,AI9,"",✓,"","",@p:ubcv:r:21cad5a3-4a9603bb SOJ DES Meter,✓,"",ok,78.19999694824219°C,"","","",$equipRef $navName,"","","",✓,"",@p:ubcv:r:20a661de-a7c8bb1f Sing Tao HW Main Meter,"","","",@p:ubcv:r:21697fca-7b42701e Sing Tao Utilities,"",✓,0.5°C,10min,"",2020-05-12T20:10:00-07:00 Los_Angeles,"",consumption,236376,2018-01-03T14:20:00-08:00 Los_Angeles,ok,"",✓,"",Number,"","","","",Entering Water Temp,"","","","","","",✓,"","","","","","",✓,@p:ubcv:r:20a661de-f242ffd0 Sing Tao,"","","","","",✓,"",Los_Angeles,°C,✓,"","",✓,"",2020-04-28T00:03:36.24Z UTC
@p:ubcv:r:238b4247-e3c51b96 Sing Tao Unsorted Points JCL-NAE56/Programming.Central Plant.SJ-HW.HWS-OAT-HL,"",@p:ubcv:r:21e6bcfc-6124a5f5 SOJ (NAE-56),"",TL3001834,✓,JCL-NAE56/Programming.Central Plant.SJ-HW.HWS-OAT-HL,"",@p:ubcv:r:21e6bcfc-6124a5f5 SOJ (NAE-56),"","","","","","","",$equipRef $bmsName,"","","","","",@p:ubcv:r:238b4245-b5fba92a Sing Tao Unsorted Points,"","","",@p:ubcv:r:238b4245-2bb2e550 Sing Tao Unsorted Points,"",✓,"","","",2020-05-12T20:00:00-07:00 Los_Angeles,"","",50494,2018-11-23T03:15:00-08:00 Los_Angeles,ok,"","",✓,Number,2020-05-12T20:08:39.076-07:00 Los_Angeles,2018-11-25T13:45:23.731-08:00 Los_Angeles,"","",JCL-NAE56/Programming.Central Plant.SJ-HW.HWS-OAT-HL,✓,AV3001595,"","","","",✓,"","","","","","","",@p:ubcv:r:20a661de-f242ffd0 Sing Tao,"","","","","","",JCL-NAE56/Programming.Central Plant.SJ-HW.HWS-OAT-HL.Trend1,Los_Angeles,°C,"","","","","",2020-04-09T19:02:17.498Z UTC
@p:ubcv:r:238b4247-af3d6a46 Sing Tao Unsorted Points JCL-NAE56/N2-1.SJ-DC-3.SJ-FLR3_RHC007-V,"",@p:ubcv:r:21e6bcfc-6124a5f5 SOJ (NAE-56),"",TL3000338,✓,JCL-NAE56/N2-1.SJ-DC-3.SJ-FLR3_RHC007-V,"",@p:ubcv:r:21e6bcfc-6124a5f5 SOJ (NAE-56),"","","","","","","",$equipRef $bmsName,"","","","","",@p:ubcv:r:238b4245-b5fba92a Sing Tao Unsorted Points,"","","",@p:ubcv:r:238b4245-2bb2e550 Sing Tao Unsorted Points,"",✓,"","","",2020-05-12T20:00:00-07:00 Los_Angeles,"","",25469,2018-11-22T15:30:00-08:00 Los_Angeles,ok,"","",✓,Number,2020-05-12T20:08:39.033-07:00 Los_Angeles,2018-11-25T13:45:23.846-08:00 Los_Angeles,"","",JCL-NAE56/N2-1.SJ-DC-3.SJ-FLR3_RHC007-V,✓,AO3000101,"","","","",✓,"","","","","","","",@p:ubcv:r:20a661de-f242ffd0 Sing Tao,"","","","","","",JCL-NAE56/N2-1.SJ-DC-3.SJ-FLR3_RHC007-V.Trend1,Los_Angeles,_,"","","","","",2020-04-09T19:15:20.434Z UTC
@p:ubcv:r:238b4247-eedc36f5 Sing Tao Unsorted Points JCL-NAE56/N2-1.SJ-DC-3.SJ-HW_HWR-T,"",@p:ubcv:r:21e6bcfc-6124a5f5 SOJ (NAE-56),"",TL3000344,✓,JCL-NAE56/N2-1.SJ-DC-3.SJ-HW_HWR-T,"",@p:ubcv:r:21e6bcfc-6124a5f5 SOJ (NAE-56),"","","","","","","",$equipRef $bmsName,"","","",✓,"",@p:ubcv:r:238b4245-b5fba92a Sing Tao Unsorted Points,"","","",@p:ubcv:r:238b4245-2bb2e550 Sing Tao Unsorted Points,"",✓,"","","",2020-05-12T20:00:00-07:00 Los_Angeles,"","",25469,2018-11-22T15:30:00-08:00 Los_Angeles,ok,"",✓,✓,Number,2020-05-12T20:08:39.034-07:00 Los_Angeles,2018-11-25T13:45:23.846-08:00 Los_Angeles,"","",Entering Hot Water Temp,"",AI3000114,"","","","",✓,"","","","","","",✓,@p:ubcv:r:20a661de-f242ffd0 Sing Tao,"","","","",@p:ubcv:r:23e65d3d-5ed87758 .+(\.|-| |_)HWR\d?-T,✓,JCL-NAE56/N2-1.SJ-DC-3.SJ-HW_HWR-T.Trend1,Los_Angeles,°C,"","","",✓,"",2020-04-09T19:02:17.5Z UTC
@p:ubcv:r:238b4247-b2434ebd Sing Tao Unsorted Points JCL-NAE56/N2-1.SJ-DC-1.SJ-FLR1_RHC002-V,"",@p:ubcv:r:21e6bcfc-6124a5f5 SOJ (NAE-56),"",TL3000220,✓,JCL-NAE56/N2-1.SJ-DC-1.SJ-FLR1_RHC002-V,"",@p:ubcv:r:21e6bcfc-6124a5f5 SOJ (NAE-56),"","","","","","","",$equipRef $bmsName,"","","","","",@p:ubcv:r:238b4245-b5fba92a Sing Tao Unsorted Points,"","","",@p:ubcv:r:238b4245-2bb2e550 Sing Tao Unsorted Points,"",✓,"","","",2020-05-12T20:00:00-07:00 Los_Angeles,"","",25469,2018-11-22T15:30:00-08:00 Los_Angeles,ok,"","",✓,Number,2020-05-12T20:08:39.036-07:00 Los_Angeles,2018-11-25T13:45:24.028-08:00 Los_Angeles,"","",JCL-NAE56/N2-1.SJ-DC-1.SJ-FLR1_RHC002-V,✓,AO3000052,"","","","",✓,"","","","","","","",@p:ubcv:r:20a661de-f242ffd0 Sing Tao,"","","","","","",JCL-NAE56/N2-1.SJ-DC-1.SJ-FLR1_RHC002-V.Trend1,Los_Angeles,%,"","","","","",2020-04-09T19:02:17.501Z UTC
@p:ubcv:r:238b4247-13eba0a2 Sing Tao Unsorted Points JCL-NAE56/BACnet IP1.SJ-EMTR.Analog Inputs.AI-5,"",@p:ubcv:r:21e6bcfc-6124a5f5 SOJ (NAE-56),"",TL3001097,✓,JCL-NAE56/BACnet IP1.SJ-EMTR.Analog Inputs.AI-5,"",@p:ubcv:r:21e6bcfc-6124a5f5 SOJ (NAE-56),"","","","","","","",$equipRef $bmsName,"","","","","",@p:ubcv:r:238b4245-b5fba92a Sing Tao Unsorted Points,"","","",@p:ubcv:r:238b4245-2bb2e550 Sing Tao Unsorted Points,"",✓,"","","",2020-05-12T20:00:00-07:00 Los_Angeles,"","",25766,2018-11-20T15:30:00-08:00 Los_Angeles,ok,"","",✓,Number,2020-05-12T20:08:39.038-07:00 Los_Angeles,2018-11-25T13:45:23.317-08:00 Los_Angeles,"","",JCL-NAE56/BACnet IP1.SJ-EMTR.Analog Inputs.AI-5,✓,AI3001089,"","","","",✓,"","","","","","","",@p:ubcv:r:20a661de-f242ffd0 Sing Tao,"","","","","","",JCL-NAE56/BACnet IP1.SJ-EMTR.Analog Inputs.AI-5.Trend1,Los_Angeles,kW,"","","","","",2020-04-09T19:02:17.502Z UTC
@p:ubcv:r:238b4247-e5dfa0fa Sing Tao Unsorted Points JCL-NAE56/N2-1.SJ-DC-1.SJ-AHU1_SF-C,"",@p:ubcv:r:21e6bcfc-6124a5f5 SOJ (NAE-56),"",TL3000209,✓,JCL-NAE56/N2-1.SJ-DC-1.SJ-AHU1_SF-C,"",@p:ubcv:r:21e6bcfc-6124a5f5 SOJ (NAE-56),"","","","","","","",$equipRef $bmsName,"","","","","Off,On",@p:ubcv:r:238b4245-b5fba92a Sing Tao Unsorted Points,"","","",@p:ubcv:r:238b4245-2bb2e550 Sing Tao Unsorted Points,"",✓,"","","",2020-05-12T13:30:04-07:00 Los_Angeles,"","",906,2018-11-19T06:00:05-08:00 Los_Angeles,ok,"","",✓,Bool,2020-05-12T20:08:38.954-07:00 Los_Angeles,2018-11-25T13:45:24.023-08:00 Los_Angeles,"","",JCL-NAE56/N2-1.SJ-DC-1.SJ-AHU1_SF-C,✓,BO3000042,"","","","",✓,"","","","","","","",@p:ubcv:r:20a661de-f242ffd0 Sing Tao,"","","","","","",JCL-NAE56/N2-1.SJ-DC-1.SJ-AHU1_SF-C.Trend1,Los_Angeles,"","","","","","",2020-04-08T18:55:46.972Z UTC
@p:ubcv:r:238b4247-c9a29efd Sing Tao Unsorted Points JCL-NAE56/N2-1.SJ-DC-1.SJ-AHU1_H-VLV,"",@p:ubcv:r:21e6bcfc-6124a5f5 SOJ (NAE-56),"",TL3000199,✓,JCL-NAE56/N2-1.SJ-DC-1.SJ-AHU1_H-VLV,"",@p:ubcv:r:21e6bcfc-6124a5f5 SOJ (NAE-56),"","","","","","","",$equipRef $bmsName,"","","","","",@p:ubcv:r:238b4245-b5fba92a Sing Tao Unsorted Points,"","","",@p:ubcv:r:238b4245-2bb2e550 Sing Tao Unsorted Points,"",✓,"","","",2020-05-12T20:00:00-07:00 Los_Angeles,"","",25469,2018-11-22T15:30:00-08:00 Los_Angeles,ok,"","",✓,Number,2020-05-12T20:08:39.041-07:00 Los_Angeles,2018-11-25T13:45:23.948-08:00 Los_Angeles,"","",JCL-NAE56/N2-1.SJ-DC-1.SJ-AHU1_H-VLV,✓,AO3000034,"","","","",✓,"","","","","","","",@p:ubcv:r:20a661de-f242ffd0 Sing Tao,"","","","","","",JCL-NAE56/N2-1.SJ-DC-1.SJ-AHU1_H-VLV.Trend1,Los_Angeles,%,"","","","","",2020-04-09T19:02:17.503Z UTC
@p:ubcv:r:238b4247-10ce5a65 Sing Tao Unsorted Points JCL-NAE56/N2-1.SJ-DC-3.SJ-FLR3_RHC007-T,✓,@p:ubcv:r:21e6bcfc-6124a5f5 SOJ (NAE-56),"",TL3000337,✓,JCL-NAE56/N2-1.SJ-DC-3.SJ-FLR3_RHC007-T,"",@p:ubcv:r:21e6bcfc-6124a5f5 SOJ (NAE-56),"","","","","","","",$equipRef $bmsName,"","","","","",@p:ubcv:r:238b4245-b5fba92a Sing Tao Unsorted Points,"","","",@p:ubcv:r:238b4245-2bb2e550 Sing Tao Unsorted Points,"",✓,"","","",2020-05-12T20:00:00-07:00 Los_Angeles,"","",25469,2018-11-22T15:30:00-08:00 Los_Angeles,ok,"","",✓,Number,2020-05-12T20:08:39.042-07:00 Los_Angeles,2018-11-25T13:45:23.846-08:00 Los_Angeles,"","",Zone Temp,"",AI3000100,"","","","",✓,"","","","","","",✓,@p:ubcv:r:20a661de-f242ffd0 Sing Tao,"","","","",@p:ubcv:r:23e65d3e-3f42a398 .+(\.|-| |_)RHC\d+-T,✓,JCL-NAE56/N2-1.SJ-DC-3.SJ-FLR3_RHC007-T.Trend1,Los_Angeles,°C,"","","","",✓,2020-04-09T19:02:17.504Z UTC
@p:ubcv:r:238b4247-c4cd074b Sing Tao Unsorted Points JCL-NAE56/Programming.Energy.Energy Meter Peak and Usage Calc.This Months Peak,"",@p:ubcv:r:21e6bcfc-6124a5f5 SOJ (NAE-56),"",TL3000928,✓,JCL-NAE56/Programming.Energy.Energy Meter Peak and Usage Calc.This Months Peak,"",@p:ubcv:r:21e6bcfc-6124a5f5 SOJ (NAE-56),"","","","","","","",$equipRef $bmsName,"","","","","",@p:ubcv:r:238b4245-b5fba92a Sing Tao Unsorted Points,"","","",@p:ubcv:r:238b4245-2bb2e550 Sing Tao Unsorted Points,"",✓,"","","",2020-05-03T13:24:20-07:00 Los_Angeles,"","",1344,2018-11-19T06:21:10-08:00 Los_Angeles,ok,"","",✓,Number,2020-05-12T20:08:38.934-07:00 Los_Angeles,2018-11-25T13:45:23.592-08:00 Los_Angeles,"","",JCL-NAE56/Programming.Energy.Energy Meter Peak and Usage Calc.This Months Peak,✓,AV3000432,"","","","",✓,"","","","","","","",@p:ubcv:r:20a661de-f242ffd0 Sing Tao,"","","","","","",JCL-NAE56/Programming.Energy.Energy Meter Peak and Usage Calc.This Months Peak.Trend1,Los_Angeles,kW,"","","","","",2020-04-09T19:02:17.505Z UTC
@p:ubcv:r:238b4247-c12cf1ad Sing Tao Unsorted Points JCL-NAE56/N2-1.SJ-DC-1.SJ-AHU1_OCC-OVR,"",@p:ubcv:r:21e6bcfc-6124a5f5 SOJ (NAE-56),"",TL3000203,✓,JCL-NAE56/N2-1.SJ-DC-1.SJ-AHU1_OCC-OVR,"",@p:ubcv:r:21e6bcfc-6124a5f5 SOJ (NAE-56),"","","","","","","",$equipRef $bmsName,"","","","","Unoccupied,Occupied",@p:ubcv:r:238b4245-b5fba92a Sing Tao Unsorted Points,"","","",@p:ubcv:r:238b4245-2bb2e550 Sing Tao Unsorted Points,"",✓,"","","",2020-04-09T04:29:01-07:00 Los_Angeles,"","",79,2018-11-29T13:58:05-08:00 Los_Angeles,ok,"","",✓,Bool,2020-05-12T20:08:38.916-07:00 Los_Angeles,2018-11-25T13:45:24.024-08:00 Los_Angeles,"","",JCL-NAE56/N2-1.SJ-DC-1.SJ-AHU1_OCC-OVR,✓,BI3000038,"","","","",✓,"","","","","","","",@p:ubcv:r:20a661de-f242ffd0 Sing Tao,"","","","","","",JCL-NAE56/N2-1.SJ-DC-1.SJ-AHU1_OCC-OVR.Trend1,Los_Angeles,"","","","","","",2020-04-08T18:55:47.167Z UTC
@p:ubcv:r:238b4247-190eb891 Sing Tao Unsorted Points JCL-NAE56/N2-1.SJ-DC-2.SJ-FLR1_RHC004-T,✓,@p:ubcv:r:21e6bcfc-6124a5f5 SOJ (NAE-56),"",TL3000287,✓,JCL-NAE56/N2-1.SJ-DC-2.SJ-FLR1_RHC004-T,"",@p:ubcv:r:21e6bcfc-6124a5f5 SOJ (NAE-56),"","","","","","","",$equipRef $bmsName,"","","","","",@p:ubcv:r:238b4245-b5fba92a Sing Tao Unsorted Points,"","","",@p:ubcv:r:238b4245-2bb2e550 Sing Tao Unsorted Points,"",✓,"","","",2020-05-12T20:00:00-07:00 Los_Angeles,"","",25469,2018-11-22T15:30:00-08:00 Los_Angeles,ok,"","",✓,Number,2020-05-12T20:08:39.044-07:00 Los_Angeles,2018-11-25T13:45:23.999-08:00 Los_Angeles,"","",Zone Temp,"",AI3000080,"","","","",✓,"","","","","","",✓,@p:ubcv:r:20a661de-f242ffd0 Sing Tao,"","","","",@p:ubcv:r:23e65d3e-3f42a398 .+(\.|-| |_)RHC\d+-T,✓,JCL-NAE56/N2-1.SJ-DC-2.SJ-FLR1_RHC004-T.Trend1,Los_Angeles,°C,"","","","",✓,2020-04-09T19:02:17.506Z UTC
@p:ubcv:r:238b4247-d6a363ea Sing Tao Unsorted Points JCL-NAE56/N2-1.SJ-DC-3.SJ-FLR2_RHC006-V,"",@p:ubcv:r:21e6bcfc-6124a5f5 SOJ (NAE-56),"",TL3000335,✓,JCL-NAE56/N2-1.SJ-DC-3.SJ-FLR2_RHC006-V,"",@p:ubcv:r:21e6bcfc-6124a5f5 SOJ (NAE-56),"","","","","","","",$equipRef $bmsName,"","","","","",@p:ubcv:r:238b4245-b5fba92a Sing Tao Unsorted Points,"","","",@p:ubcv:r:238b4245-2bb2e550 Sing Tao Unsorted Points,"",✓,"","","",2020-05-12T20:00:00-07:00 Los_Angeles,"","",25469,2018-11-22T15:30:00-08:00 Los_Angeles,ok,"","",✓,Number,2020-05-12T20:08:39.045-07:00 Los_Angeles,2018-11-25T13:45:23.846-08:00 Los_Angeles,"","",JCL-NAE56/N2-1.SJ-DC-3.SJ-FLR2_RHC006-V,✓,AO3000097,"","","","",✓,"","","","","","","",@p:ubcv:r:20a661de-f242ffd0 Sing Tao,"","","","","","",JCL-NAE56/N2-1.SJ-DC-3.SJ-FLR2_RHC006-V.Trend1,Los_Angeles,_,"","","","","",2020-04-09T19:15:20.435Z UTC
@p:ubcv:r:238b4247-8921b78a Sing Tao Unsorted Points JCL-NAE56/N2-1.SJ-DC-2.SJ-AHU2_ACT-DAT-SP,✓,@p:ubcv:r:21e6bcfc-6124a5f5 SOJ (NAE-56),"",TL3000260,✓,JCL-NAE56/N2-1.SJ-DC-2.SJ-AHU2_ACT-DAT-SP,"",@p:ubcv:r:21e6bcfc-6124a5f5 SOJ (NAE-56),"","","","","","","",$equipRef $bmsName,✓,"","","","",@p:ubcv:r:238b4245-b5fba92a Sing Tao Unsorted Points,"","","",@p:ubcv:r:238b4245-2bb2e550 Sing Tao Unsorted Points,"",✓,"","","",2020-05-12T20:00:00-07:00 Los_Angeles,"","",25469,2018-11-22T15:30:00-08:00 Los_Angeles,ok,"","",✓,Number,2020-05-12T20:08:39.047-07:00 Los_Angeles,2018-12-07T09:45:34.397-08:00 Los_Angeles,"","",Discharge Air Temp Sp,"",AI3000058,"","","","",✓,"","","","","","","",@p:ubcv:r:20a661de-f242ffd0 Sing Tao,"",✓,"","",@p:ubcv:r:23e65d3d-3f81ae2b .+(\.|-| )DAT-SP,✓,JCL-NAE56/N2-1.SJ-DC-2.SJ-AHU2_ACT-DAT-SP.Trend1,Los_Angeles,°C,"","","","","",2020-04-09T19:02:17.508Z UTC
@p:ubcv:r:238b4247-5ed305ce Sing Tao Unsorted Points JCL-NAE56/Programming.Energy.Energy Meter Peak and Usage Calc.This Hours Consumption,"",@p:ubcv:r:21e6bcfc-6124a5f5 SOJ (NAE-56),"",TL3000975,✓,JCL-NAE56/Programming.Energy.Energy Meter Peak and Usage Calc.This Hours Consumption,"",@p:ubcv:r:21e6bcfc-6124a5f5 SOJ (NAE-56),"","","","","","","",$equipRef $bmsName,"","","","","",@p:ubcv:r:238b4245-b5fba92a Sing Tao Unsorted Points,"","","",@p:ubcv:r:238b4245-2bb2e550 Sing Tao Unsorted Points,"",✓,"","","",2020-05-12T00:00:00-07:00 Los_Angeles,"","",541,2018-11-19T00:00:00-08:00 Los_Angeles,ok,"","",✓,Number,2020-05-12T20:08:38.941-07:00 Los_Angeles,2018-11-25T13:45:23.585-08:00 Los_Angeles,"","",JCL-NAE56/Programming.Energy.Energy Meter Peak and Usage Calc.This Hours Consumption,✓,AV3000440,"","","","",✓,"","","","","","","",@p:ubcv:r:20a661de-f242ffd0 Sing Tao,"","","","","","",JCL-NAE56/Programming.Energy.Energy Meter Peak and Usage Calc.This Hours Consumption.Trend1,Los_Angeles,MWh,"","","","","",2020-04-09T19:02:17.509Z UTC
@p:ubcv:r:238b4247-5e45acb2 Sing Tao Unsorted Points JCL-NAE56/N2-1.SJ-DC-3.SJ-HW_OA-T,✓,@p:ubcv:r:21e6bcfc-6124a5f5 SOJ (NAE-56),"",TL3000346,✓,JCL-NAE56/N2-1.SJ-DC-3.SJ-HW_OA-T,"",@p:ubcv:r:21e6bcfc-6124a5f5 SOJ (NAE-56),"","","","","","","",$equipRef $bmsName,"","","","","",@p:ubcv:r:238b4245-b5fba92a Sing Tao Unsorted Points,"","","",@p:ubcv:r:238b4245-2bb2e550 Sing Tao Unsorted Points,"",✓,"","","",2020-05-12T20:00:00-07:00 Los_Angeles,"","",25469,2018-11-22T15:30:00-08:00 Los_Angeles,ok,"","",✓,Number,2020-05-12T20:08:39.049-07:00 Los_Angeles,2018-11-25T13:45:23.842-08:00 Los_Angeles,"","",Outside Air Temp,"",AI3000118,"","","",✓,✓,"","","","","","",✓,@p:ubcv:r:20a661de-f242ffd0 Sing Tao,"","","","",@p:ubcv:r:23e65d3d-5671e7b8 .+(\.|-| |_)OA(_|-)T,✓,JCL-NAE56/N2-1.SJ-DC-3.SJ-HW_OA-T.Trend1,Los_Angeles,°C,"","","","","",2020-04-09T19:02:17.51Z UTC
@p:ubcv:r:238b4247-0c77c96e Sing Tao Unsorted Points JCL-NAE56/N2-1.SJ-DC-1.SJ-AHU1_EF7-DPR,"",@p:ubcv:r:21e6bcfc-6124a5f5 SOJ (NAE-56),"",TL3000197,✓,JCL-NAE56/N2-1.SJ-DC-1.SJ-AHU1_EF7-DPR,"",@p:ubcv:r:21e6bcfc-6124a5f5 SOJ (NAE-56),"","","","","","","",$equipRef $bmsName,"","","","","",@p:ubcv:r:238b4245-b5fba92a Sing Tao Unsorted Points,"","","",@p:ubcv:r:238b4245-2bb2e550 Sing Tao Unsorted Points,"",✓,"","","",2020-05-12T00:00:00-07:00 Los_Angeles,"","",541,2018-11-19T00:00:00-08:00 Los_Angeles,ok,"","",✓,Number,2020-05-12T20:08:38.943-07:00 Los_Angeles,2018-11-25T13:45:23.949-08:00 Los_Angeles,"","",JCL-NAE56/N2-1.SJ-DC-1.SJ-AHU1_EF7-DPR,✓,AO3000032,"","","","",✓,"","","","","","","",@p:ubcv:r:20a661de-f242ffd0 Sing Tao,"","","","","","",JCL-NAE56/N2-1.SJ-DC-1.SJ-AHU1_EF7-DPR.Trend1,Los_Angeles,_,"","","","","",2020-04-09T19:15:20.436Z UTC
@p:ubcv:r:238b4247-490208b9 Sing Tao Unsorted Points JCL-NAE56/N2-1.SJ-DC-2.SJ-AHU2_TLL-ALM,"",@p:ubcv:r:21e6bcfc-6124a5f5 SOJ (NAE-56),"",TL3000276,✓,JCL-NAE56/N2-1.SJ-DC-2.SJ-AHU2_TLL-ALM,"",@p:ubcv:r:21e6bcfc-6124a5f5 SOJ (NAE-56),"","","","","","","",$equipRef $bmsName,"","","","","Normal,Alarm",@p:ubcv:r:238b4245-b5fba92a Sing Tao Unsorted Points,"","","",@p:ubcv:r:238b4245-2bb2e550 Sing Tao Unsorted Points,"",✓,"","","",2020-04-09T04:29:01-07:00 Los_Angeles,"","",17,2018-12-20T12:32:56-08:00 Los_Angeles,ok,"","",✓,Bool,2020-05-12T20:08:38.917-07:00 Los_Angeles,2018-11-25T13:45:23.997-08:00 Los_Angeles,"","",JCL-NAE56/N2-1.SJ-DC-2.SJ-AHU2_TLL-ALM,✓,BI3000069,"","","","",✓,"","","","","","","",@p:ubcv:r:20a661de-f242ffd0 Sing Tao,"","","","","","",JCL-NAE56/N2-1.SJ-DC-2.SJ-AHU2_TLL-ALM.Trend1,Los_Angeles,"","","","","","",2020-04-08T18:55:45.211Z UTC
@p:ubcv:r:238b4247-3eeb4133 Sing Tao Unsorted Points JCL-NAE56/N2-1.SJ-DC-2.SJ-FLR1_RHC003-V,"",@p:ubcv:r:21e6bcfc-6124a5f5 SOJ (NAE-56),"",TL3000288,✓,JCL-NAE56/N2-1.SJ-DC-2.SJ-FLR1_RHC003-V,"",@p:ubcv:r:21e6bcfc-6124a5f5 SOJ (NAE-56),"","","","","","","",$equipRef $bmsName,"","","","","",@p:ubcv:r:238b4245-b5fba92a Sing Tao Unsorted Points,"","","",@p:ubcv:r:238b4245-2bb2e550 Sing Tao Unsorted Points,"",✓,"","","",2020-05-12T20:00:00-07:00 Los_Angeles,"","",25469,2018-11-22T15:30:00-08:00 Los_Angeles,ok,"","",✓,Number,2020-05-12T20:08:39.051-07:00 Los_Angeles,2018-11-25T13:45:23.999-08:00 Los_Angeles,"","",JCL-NAE56/N2-1.SJ-DC-2.SJ-FLR1_RHC003-V,✓,AO3000082,"","","","",✓,"","","","","","","",@p:ubcv:r:20a661de-f242ffd0 Sing Tao,"","","","","","",JCL-NAE56/N2-1.SJ-DC-2.SJ-FLR1_RHC003-V.Trend1,Los_Angeles,_,"","","","","",2020-04-09T19:15:20.437Z UTC
@p:ubcv:r:238b4247-9ff6cb40 Sing Tao Unsorted Points JCL-NAE56/Programming.Energy.Energy Meter Peak and Usage Calc.Diff Temp,"",@p:ubcv:r:21e6bcfc-6124a5f5 SOJ (NAE-56),"",TL3001026,✓,JCL-NAE56/Programming.Energy.Energy Meter Peak and Usage Calc.Diff Temp,"",@p:ubcv:r:21e6bcfc-6124a5f5 SOJ (NAE-56),"","","","","","","",$equipRef $bmsName,"","","","","",@p:ubcv:r:238b4245-b5fba92a Sing Tao Unsorted Points,"","","",@p:ubcv:r:238b4245-2bb2e550 Sing Tao Unsorted Points,"",✓,"","","",2020-05-12T20:00:00-07:00 Los_Angeles,"","",25766,2018-11-20T15:30:00-08:00 Los_Angeles,ok,"","",✓,Number,2020-05-12T20:08:39.053-07:00 Los_Angeles,2018-11-25T13:45:23.379-08:00 Los_Angeles,"","",JCL-NAE56/Programming.Energy.Energy Meter Peak and Usage Calc.Diff Temp,✓,AV3000453,"","","","",✓,"","","","","","","",@p:ubcv:r:20a661de-f242ffd0 Sing Tao,"","","","","","",JCL-NAE56/Programming.Energy.Energy Meter Peak and Usage Calc.Diff Temp.Trend1,Los_Angeles,°C,"","","","","",2020-04-09T19:02:17.513Z UTC
@p:ubcv:r:238b4247-75c0126a Sing Tao Unsorted Points JCL-NAE56/N2-1.SJ-DC-2.SJ-AHU2_MA-T,"",@p:ubcv:r:21e6bcfc-6124a5f5 SOJ (NAE-56),"",TL3000264,✓,JCL-NAE56/N2-1.SJ-DC-2.SJ-AHU2_MA-T,"",@p:ubcv:r:21e6bcfc-6124a5f5 SOJ (NAE-56),"","","","","","","",$equipRef $bmsName,"","","","","",@p:ubcv:r:238b4245-b5fba92a Sing Tao Unsorted Points,"","","",@p:ubcv:r:238b4245-2bb2e550 Sing Tao Unsorted Points,"",✓,"","","",2020-05-12T20:00:00-07:00 Los_Angeles,"","",25469,2018-11-22T15:30:00-08:00 Los_Angeles,ok,"","",✓,Number,2020-05-12T20:08:39.054-07:00 Los_Angeles,2018-11-25T13:45:24.015-08:00 Los_Angeles,"","",JCL-NAE56/N2-1.SJ-DC-2.SJ-AHU2_MA-T,✓,AI3000061,"","","","",✓,"","","","","","","",@p:ubcv:r:20a661de-f242ffd0 Sing Tao,"","","","","","",JCL-NAE56/N2-1.SJ-DC-2.SJ-AHU2_MA-T.Trend1,Los_Angeles,°C,"","","","","",2020-04-09T19:02:17.514Z UTC
@p:ubcv:r:238b4247-6c55760e Sing Tao Unsorted Points JCL-NAE56/N2-1.SJ-DC-1.SJ-FLR1_RHC001-T,✓,@p:ubcv:r:21e6bcfc-6124a5f5 SOJ (NAE-56),"",TL3000215,✓,JCL-NAE56/N2-1.SJ-DC-1.SJ-FLR1_RHC001-T,"",@p:ubcv:r:21e6bcfc-6124a5f5 SOJ (NAE-56),"","","","","","","",$equipRef $bmsName,"","","","","",@p:ubcv:r:238b4245-b5fba92a Sing Tao Unsorted Points,"","","",@p:ubcv:r:238b4245-2bb2e550 Sing Tao Unsorted Points,"",✓,"","","",2020-05-12T20:00:00-07:00 Los_Angeles,"","",25469,2018-11-22T15:30:00-08:00 Los_Angeles,ok,"","",✓,Number,2020-05-12T20:08:39.056-07:00 Los_Angeles,2018-11-25T13:45:24.027-08:00 Los_Angeles,"","",Zone Temp,"",AI3000047,"","","","",✓,"","","","","","",✓,@p:ubcv:r:20a661de-f242ffd0 Sing Tao,"","","","",@p:ubcv:r:23e65d3e-3f42a398 .+(\.|-| |_)RHC\d+-T,✓,JCL-NAE56/N2-1.SJ-DC-1.SJ-FLR1_RHC001-T.Trend1,Los_Angeles,°C,"","","","",✓,2020-04-09T19:02:17.515Z UTC
@p:ubcv:r:21dffdae-2d7b111b Sing Tao HW Main Meter Flow,"",@p:ubcv:r:21cad5a3-4a9603bb SOJ DES Meter,AI4,"",✓,"","",@p:ubcv:r:21cad5a3-4a9603bb SOJ DES Meter,✓,L/h => L/s,ok,0.05388888888888888L/s,"","","",$equipRef $navName,"","","","","",@p:ubcv:r:20a661de-a7c8bb1f Sing Tao HW Main Meter,"","",✓,@p:ubcv:r:21697fca-7b42701e Sing Tao Utilities,"",✓,0.25L/s,10min,"",2020-05-12T20:10:00-07:00 Los_Angeles,"",consumption,123011,2018-01-03T14:20:00-08:00 Los_Angeles,ok,"",✓,"",Number,"","","","",Flow,"","","","","","",✓,"","","","","","",✓,@p:ubcv:r:20a661de-f242ffd0 Sing Tao,"","","","","","","",Los_Angeles,L/s,✓,"","",✓,"",2020-04-28T00:03:36.241Z UTC
@p:ubcv:r:238b4247-13f76325 Sing Tao Unsorted Points JCL-NAE56/Programming.HVAC.SJ-AHU2.Optimum Start.Zone Occupied Schedule,"",@p:ubcv:r:21e6bcfc-6124a5f5 SOJ (NAE-56),"",TL3001050,✓,JCL-NAE56/Programming.HVAC.SJ-AHU2.Optimum Start.Zone Occupied Schedule,"",@p:ubcv:r:21e6bcfc-6124a5f5 SOJ (NAE-56),"","","","","","","",$equipRef $bmsName,"","","","","Unoccupied,Occupied",@p:ubcv:r:238b4245-b5fba92a Sing Tao Unsorted Points,"","","",@p:ubcv:r:238b4245-2bb2e550 Sing Tao Unsorted Points,"",✓,"","","",2020-05-12T12:30:00-07:00 Los_Angeles,"","",733,2018-11-19T06:00:00-08:00 Los_Angeles,ok,"","",✓,Bool,2020-05-12T20:08:38.944-07:00 Los_Angeles,2018-11-25T13:45:23.331-08:00 Los_Angeles,"","",Scheduled Occupancy,"",BV3000663,"","","","",✓,"","","","","",✓,"",@p:ubcv:r:20a661de-f242ffd0 Sing Tao,"","","","",@p:ubcv:r:24ede125-239d50ec .+(S|s)chedule(.+)?,"",JCL-NAE56/Programming.HVAC.SJ-AHU2.Optimum Start.Zone Occupied Schedule.Trend1,Los_Angeles,"","","","","","",2020-04-08T18:52:43.768Z UTC
@p:ubcv:r:238b4247-33d02fd2 Sing Tao Unsorted Points JCL-NAE56/N2-1.SJ-DC-1.SJ-AHU1_EF7-S,✓,@p:ubcv:r:21e6bcfc-6124a5f5 SOJ (NAE-56),"",TL3000198,✓,JCL-NAE56/N2-1.SJ-DC-1.SJ-AHU1_EF7-S,"",@p:ubcv:r:21e6bcfc-6124a5f5 SOJ (NAE-56),"","","","","","","",$equipRef $bmsName,"","","","","Off,On",@p:ubcv:r:238b4245-b5fba92a Sing Tao Unsorted Points,✓,✓,"",@p:ubcv:r:238b4245-2bb2e550 Sing Tao Unsorted Points,"",✓,"","","",2020-05-12T13:30:44-07:00 Los_Angeles,"","",177,2018-12-20T12:32:55-08:00 Los_Angeles,ok,"","",✓,Bool,2020-05-12T20:08:38.919-07:00 Los_Angeles,2018-11-25T13:45:23.949-08:00 Los_Angeles,"","",Exhaust Fan Run Feedback,"",BI3000033,"","","","",✓,"","","","",✓,"",✓,@p:ubcv:r:20a661de-f242ffd0 Sing Tao,"","","","",@p:ubcv:r:23e65d3d-9d7111b8 .+(\.|-| |_)EF-?(\d+)?\w?-S,"",JCL-NAE56/N2-1.SJ-DC-1.SJ-AHU1_EF7-S.Trend1,Los_Angeles,"","","","","","",2020-04-08T18:55:39.898Z UTC
@p:ubcv:r:238b4247-427b668a Sing Tao Unsorted Points JCL-NAE56/N2-1.SJ-DC-3.SJ-HW_CON-F,"",@p:ubcv:r:21e6bcfc-6124a5f5 SOJ (NAE-56),"",TL3000339,✓,JCL-NAE56/N2-1.SJ-DC-3.SJ-HW_CON-F,"",@p:ubcv:r:21e6bcfc-6124a5f5 SOJ (NAE-56),"","","","","","","",$equipRef $bmsName,"","","","","",@p:ubcv:r:238b4245-b5fba92a Sing Tao Unsorted Points,"","","",@p:ubcv:r:238b4245-2bb2e550 Sing Tao Unsorted Points,"",✓,"","","",2020-05-12T20:00:00-07:00 Los_Angeles,"","",25469,2018-11-22T15:30:00-08:00 Los_Angeles,ok,"","",✓,Number,2020-05-12T20:08:39.058-07:00 Los_Angeles,2018-11-25T13:45:23.846-08:00 Los_Angeles,"","",JCL-NAE56/N2-1.SJ-DC-3.SJ-HW_CON-F,✓,AI3000107,"","","","",✓,"","","","","","","",@p:ubcv:r:20a661de-f242ffd0 Sing Tao,"","","","","","",JCL-NAE56/N2-1.SJ-DC-3.SJ-HW_CON-F.Trend1,Los_Angeles,gal/min,"","","","","",2020-04-09T19:02:17.516Z UTC
@p:ubcv:r:2388a048-cb036128 Sing Tao HW Main Meter Water Delta Temp,"","","","","","","","","","","","","",✓,✓,$equipRef $navName,"","","","","",@p:ubcv:r:20a661de-a7c8bb1f Sing Tao HW Main Meter,"","","",@p:ubcv:r:21697fca-7b42701e Sing Tao Utilities,"",✓,"","","","",deltaTemp,consumption,"","","","","","",Number,"","","","",Water Delta Temp,"","","","","","",✓,"","","","","","","",@p:ubcv:r:20a661de-f242ffd0 Sing Tao,"","","","","",✓,"",Los_Angeles,°C,✓,"","",✓,"",2020-04-28T00:03:36.242Z UTC
@p:ubcv:r:238b4247-e9887a19 Sing Tao Unsorted Points JCL-NAE56/N2-1.SJ-DC-3.SJ-HW_HWS-T,"",@p:ubcv:r:21e6bcfc-6124a5f5 SOJ (NAE-56),"",TL3000345,✓,JCL-NAE56/N2-1.SJ-DC-3.SJ-HW_HWS-T,"",@p:ubcv:r:21e6bcfc-6124a5f5 SOJ (NAE-56),"","","","","","","",$equipRef $bmsName,"","","","","",@p:ubcv:r:238b4245-b5fba92a Sing Tao Unsorted Points,"","","",@p:ubcv:r:238b4245-2bb2e550 Sing Tao Unsorted Points,"",✓,"","","",2020-05-12T20:00:00-07:00 Los_Angeles,"","",25469,2018-11-22T15:30:00-08:00 Los_Angeles,ok,"",✓,✓,Number,2020-05-12T20:08:39.059-07:00 Los_Angeles,2018-12-07T09:45:31.751-08:00 Los_Angeles,✓,"",Leaving Hot Water Temp,"",AI3000116,"","","","",✓,"","","","","","",✓,@p:ubcv:r:20a661de-f242ffd0 Sing Tao,"","","","",@p:ubcv:r:23e65d3d-654bc1a2 .+(\.|-|_| )HWS\d?-T,✓,JCL-NAE56/N2-1.SJ-DC-3.SJ-HW_HWS-T.Trend1,Los_Angeles,°C,"","","",✓,"",2020-04-09T19:02:17.517Z UTC
@p:ubcv:r:238b4247-98d97ff3 Sing Tao Unsorted Points JCL-NAE56/N2-1.SJ-DC-1.SJ-AHU1_P3-C,"",@p:ubcv:r:21e6bcfc-6124a5f5 SOJ (NAE-56),"",TL3000204,✓,JCL-NAE56/N2-1.SJ-DC-1.SJ-AHU1_P3-C,✓,@p:ubcv:r:21e6bcfc-6124a5f5 SOJ (NAE-56),"","","","","","","",$equipRef $bmsName,"","","","","On,Off",@p:ubcv:r:238b4245-b5fba92a Sing Tao Unsorted Points,"","","",@p:ubcv:r:238b4245-2bb2e550 Sing Tao Unsorted Points,"",✓,"","","",2020-04-09T04:30:02-07:00 Los_Angeles,"","",212,2018-11-19T06:09:58-08:00 Los_Angeles,ok,"","",✓,Bool,2020-05-12T20:08:38.928-07:00 Los_Angeles,2018-12-07T09:45:28.527-08:00 Los_Angeles,"","",Pump Run Cmd,"",BO3000039,"","","","",✓,"",✓,"","",✓,"","",@p:ubcv:r:20a661de-f242ffd0 Sing Tao,"","","","",@p:ubcv:r:23e65d3d-604110c2 .+(\.|-|_)C?H?P\d+(-)?C,"",JCL-NAE56/N2-1.SJ-DC-1.SJ-AHU1_P3-C.Trend1,Los_Angeles,"","","","","","",2020-04-08T18:55:47.135Z UTC
@p:ubcv:r:238b4247-89444a90 Sing Tao Unsorted Points JCL-NAE56/N2-1.SJ-DC-1.SJ-FLR1_RHC001-WC,"",@p:ubcv:r:21e6bcfc-6124a5f5 SOJ (NAE-56),"",TL3000216,✓,JCL-NAE56/N2-1.SJ-DC-1.SJ-FLR1_RHC001-WC,"",@p:ubcv:r:21e6bcfc-6124a5f5 SOJ (NAE-56),"","","","","","","",$equipRef $bmsName,"","","","","",@p:ubcv:r:238b4245-b5fba92a Sing Tao Unsorted Points,"","","",@p:ubcv:r:238b4245-2bb2e550 Sing Tao Unsorted Points,"",✓,"","","",2020-05-12T20:00:00-07:00 Los_Angeles,"","",25469,2018-11-22T15:30:00-08:00 Los_Angeles,ok,"","",✓,Number,2020-05-12T20:08:39.061-07:00 Los_Angeles,2018-11-25T13:45:24.026-08:00 Los_Angeles,"","",JCL-NAE56/N2-1.SJ-DC-1.SJ-FLR1_RHC001-WC,✓,AI3000048,"","","","",✓,"","","","","","","",@p:ubcv:r:20a661de-f242ffd0 Sing Tao,"","","","","","",JCL-NAE56/N2-1.SJ-DC-1.SJ-FLR1_RHC001-WC.Trend1,Los_Angeles,°C,"","","","","",2020-04-09T19:02:17.518Z UTC
@p:ubcv:r:238b4247-9902e7ad Sing Tao Unsorted Points JCL-NAE56/N2-1.SJ-DC-2.SJ-AHU2_P4-S,"",@p:ubcv:r:21e6bcfc-6124a5f5 SOJ (NAE-56),"",TL3000268,✓,JCL-NAE56/N2-1.SJ-DC-2.SJ-AHU2_P4-S,"",@p:ubcv:r:21e6bcfc-6124a5f5 SOJ (NAE-56),"","","","","","","",$equipRef $bmsName,"","","","","Off,On",@p:ubcv:r:238b4245-b5fba92a Sing Tao Unsorted Points,"","","",@p:ubcv:r:238b4245-2bb2e550 Sing Tao Unsorted Points,"",✓,"","","",2020-05-08T12:06:49-07:00 Los_Angeles,"","",2867,2018-11-19T06:01:22-08:00 Los_Angeles,ok,"","",✓,Bool,2020-05-12T20:08:38.936-07:00 Los_Angeles,2018-12-07T09:45:32.079-08:00 Los_Angeles,"","",Pump Run Status,"",BI3000064,"","","","",✓,"",✓,"","",✓,"",✓,@p:ubcv:r:20a661de-f242ffd0 Sing Tao,"","","","",@p:ubcv:r:23e65d3d-742086c0 .+(\.|-|_)P\d+-(FS-)?S,"",JCL-NAE56/N2-1.SJ-DC-2.SJ-AHU2_P4-S.Trend1,Los_Angeles,"","","","","","",2020-04-08T18:55:46.053Z UTC
@p:ubcv:r:20a661de-79a58aa7 Sing Tao HW Main Meter Power,"",@p:ubcv:r:21cad5a3-4a9603bb SOJ DES Meter,AI5,"",✓,"","",@p:ubcv:r:21cad5a3-4a9603bb SOJ DES Meter,✓,"",ok,7.5kW,"","","",$equipRef $navName,"","","","","",@p:ubcv:r:20a661de-a7c8bb1f Sing Tao HW Main Meter,"","","",@p:ubcv:r:21697fca-7b42701e Sing Tao Utilities,"",✓,5kW,15min,"",2020-05-12T20:15:00-07:00 Los_Angeles,"","",188525,2016-05-10T15:30:00-07:00 Los_Angeles,ok,"",✓,"",Number,"","","","",Power,"","","","","","",✓,✓,"","","","","",✓,@p:ubcv:r:20a661de-f242ffd0 Sing Tao,"","","","","","","",Los_Angeles,kW,✓,"","",✓,"",2020-05-12T08:00:09.886Z UTC
@p:ubcv:r:263b76eb-b3e60802 Sing Tao Water Main Meter Consumption,"","","","","","","",@p:ubcv:r:2549fd47-39d2c491 ION KepServer,✓,"",ok,2683.60009765625m³,"","","",$equipRef $navName,"","","","","",@p:ubcv:r:20a661de-05143f57 Sing Tao Water Main Meter,"","","",@p:ubcv:r:21697fca-7b42701e Sing Tao Utilities,"",✓,"",15min,"",2020-05-12T20:15:00-07:00 Los_Angeles,"",consumption,319753,2011-03-31T17:00:00-07:00 Los_Angeles,ok,✓,"","",Number,"","","","",Consumption,"","",@p:ubcv:r:2549fd47-39d2c491 ION KepServer,ns=2;s=ION - Local.OPC DA.Buildings_Sing_Tao_212.Water_Volume,✓,"",✓,"","",10394,"","","",✓,@p:ubcv:r:20a661de-f242ffd0 Sing Tao,68,"",@p:ubcv:r:23060489-d61f5459 ION DB,✓,"","","",Los_Angeles,m³,✓,"",✓,✓,"",2020-05-04T19:39:55.62Z UTC
@p:ubcv:r:238b4247-dd9be3e7 Sing Tao Unsorted Points JCL-NAE56/N2-1.SJ-DC-1.SJ-AHU1_ACT-DAT-SP,✓,@p:ubcv:r:21e6bcfc-6124a5f5 SOJ (NAE-56),"",TL3000194,✓,JCL-NAE56/N2-1.SJ-DC-1.SJ-AHU1_ACT-DAT-SP,"",@p:ubcv:r:21e6bcfc-6124a5f5 SOJ (NAE-56),"","","","","","","",$equipRef $bmsName,✓,"","","","",@p:ubcv:r:238b4245-b5fba92a Sing Tao Unsorted Points,"","","",@p:ubcv:r:238b4245-2bb2e550 Sing Tao Unsorted Points,"",✓,"","","",2020-05-12T20:00:00-07:00 Los_Angeles,"","",25469,2018-11-22T15:30:00-08:00 Los_Angeles,ok,"","",✓,Number,2020-05-12T20:08:39.063-07:00 Los_Angeles,2018-12-07T09:45:34.399-08:00 Los_Angeles,"","",Discharge Air Temp Sp,"",AI3000029,"","","","",✓,"","","","","","","",@p:ubcv:r:20a661de-f242ffd0 Sing Tao,"",✓,"","",@p:ubcv:r:23e65d3d-3f81ae2b .+(\.|-| )DAT-SP,✓,JCL-NAE56/N2-1.SJ-DC-1.SJ-AHU1_ACT-DAT-SP.Trend1,Los_Angeles,°C,"","","","","",2020-04-09T19:02:17.519Z UTC
@p:ubcv:r:238b4247-d3c72f4d Sing Tao Unsorted Points JCL-NAE56/BACnet IP1.SJ-EMTR.Analog Inputs.AI-10,"",@p:ubcv:r:21e6bcfc-6124a5f5 SOJ (NAE-56),"",TL3001095,✓,JCL-NAE56/BACnet IP1.SJ-EMTR.Analog Inputs.AI-10,"",@p:ubcv:r:21e6bcfc-6124a5f5 SOJ (NAE-56),"","","","","","","",$equipRef $bmsName,"","","","","",@p:ubcv:r:238b4245-b5fba92a Sing Tao Unsorted Points,"","","",@p:ubcv:r:238b4245-2bb2e550 Sing Tao Unsorted Points,"",✓,"","","",2020-05-12T20:00:00-07:00 Los_Angeles,"","",25766,2018-11-20T15:30:00-08:00 Los_Angeles,ok,"","",✓,Number,2020-05-12T20:08:39.065-07:00 Los_Angeles,2018-11-25T13:45:23.318-08:00 Los_Angeles,"","",JCL-NAE56/BACnet IP1.SJ-EMTR.Analog Inputs.AI-10,✓,AI3001084,"","","","",✓,"","","","","","","",@p:ubcv:r:20a661de-f242ffd0 Sing Tao,"","","","","","",JCL-NAE56/BACnet IP1.SJ-EMTR.Analog Inputs.AI-10.Trend1,Los_Angeles,°C,"","","","","",2020-04-09T19:02:17.52Z UTC
@p:ubcv:r:238b4247-22e4cb6a Sing Tao Unsorted Points JCL-NAE56/N2-1.SJ-DC-1.SJ-AHU1_P3-S,"",@p:ubcv:r:21e6bcfc-6124a5f5 SOJ (NAE-56),"",TL3000206,✓,JCL-NAE56/N2-1.SJ-DC-1.SJ-AHU1_P3-S,"",@p:ubcv:r:21e6bcfc-6124a5f5 SOJ (NAE-56),"","","","","","","",$equipRef $bmsName,"","","","","Off,On",@p:ubcv:r:238b4245-b5fba92a Sing Tao Unsorted Points,"","","",@p:ubcv:r:238b4245-2bb2e550 Sing Tao Unsorted Points,"",✓,"","","",2020-04-09T04:30:06-07:00 Los_Angeles,"","",221,2018-11-19T06:10:00-08:00 Los_Angeles,ok,"","",✓,Bool,2020-05-12T20:08:38.931-07:00 Los_Angeles,2018-12-07T09:45:32.098-08:00 Los_Angeles,"","",Pump Run Status,"",BI3000040,"","","","",✓,"",✓,"","",✓,"",✓,@p:ubcv:r:20a661de-f242ffd0 Sing Tao,"","","","",@p:ubcv:r:23e65d3d-742086c0 .+(\.|-|_)P\d+-(FS-)?S,"",JCL-NAE56/N2-1.SJ-DC-1.SJ-AHU1_P3-S.Trend1,Los_Angeles,"","","","","","",2020-04-08T18:55:47.067Z UTC
@p:ubcv:r:238b4247-3be05c40 Sing Tao Unsorted Points JCL-NAE56/N2-1.SJ-DC-3.SJ-HW_P1-C,"",@p:ubcv:r:21e6bcfc-6124a5f5 SOJ (NAE-56),"",TL3000347,✓,JCL-NAE56/N2-1.SJ-DC-3.SJ-HW_P1-C,✓,@p:ubcv:r:21e6bcfc-6124a5f5 SOJ (NAE-56),"","","","","","","",$equipRef $bmsName,"","","","","On,Off",@p:ubcv:r:238b4245-b5fba92a Sing Tao Unsorted Points,"","","",@p:ubcv:r:238b4245-2bb2e550 Sing Tao Unsorted Points,"",✓,"","","",2020-04-09T04:29:01-07:00 Los_Angeles,"","",26,2018-11-21T07:28:04-08:00 Los_Angeles,ok,"","",✓,Bool,2020-05-12T20:08:38.921-07:00 Los_Angeles,2018-12-07T09:45:27.782-08:00 Los_Angeles,"","",Pump Run Cmd,"",BO3000120,"","","","",✓,"",✓,"","",✓,"","",@p:ubcv:r:20a661de-f242ffd0 Sing Tao,"","","","",@p:ubcv:r:23e65d3d-604110c2 .+(\.|-|_)C?H?P\d+(-)?C,"",JCL-NAE56/N2-1.SJ-DC-3.SJ-HW_P1-C.Trend1,Los_Angeles,"","","","","","",2020-04-08T18:55:33.086Z UTC
@p:ubcv:r:238b4247-1327bb0f Sing Tao Unsorted Points JCL-NAE56/N2-1.SJ-DC-1.SJ-AHU1_EF6-S,✓,@p:ubcv:r:21e6bcfc-6124a5f5 SOJ (NAE-56),"",TL3000196,✓,JCL-NAE56/N2-1.SJ-DC-1.SJ-AHU1_EF6-S,"",@p:ubcv:r:21e6bcfc-6124a5f5 SOJ (NAE-56),"","","","","","","",$equipRef $bmsName,"","","","","Off,On",@p:ubcv:r:238b4245-b5fba92a Sing Tao Unsorted Points,✓,✓,"",@p:ubcv:r:238b4245-2bb2e550 Sing Tao Unsorted Points,"",✓,"","","",2020-04-09T04:29:01-07:00 Los_Angeles,"","",18,2018-12-20T12:32:55-08:00 Los_Angeles,ok,"","",✓,Bool,2020-05-12T20:08:38.923-07:00 Los_Angeles,2018-11-25T13:45:23.949-08:00 Los_Angeles,"","",Exhaust Fan Run Status,"",BI3000031,"","","","",✓,"","","","",✓,"",✓,@p:ubcv:r:20a661de-f242ffd0 Sing Tao,"","","","",@p:ubcv:r:23e65d3d-9d7111b8 .+(\.|-| |_)EF-?(\d+)?\w?-S,"",JCL-NAE56/N2-1.SJ-DC-1.SJ-AHU1_EF6-S.Trend1,Los_Angeles,"","","","","","",2020-04-08T18:55:50.854Z UTC
@p:ubcv:r:238b4247-9b604e41 Sing Tao Unsorted Points JCL-NAE56/N2-1.SJ-DC-3.SJ-DHW_P5-C,"",@p:ubcv:r:21e6bcfc-6124a5f5 SOJ (NAE-56),"",TL3000353,✓,JCL-NAE56/N2-1.SJ-DC-3.SJ-DHW_P5-C,✓,@p:ubcv:r:21e6bcfc-6124a5f5 SOJ (NAE-56),"","","","","","","",$equipRef $bmsName,"","","","","Off,On",@p:ubcv:r:238b4245-b5fba92a Sing Tao Unsorted Points,"","","",@p:ubcv:r:238b4245-2bb2e550 Sing Tao Unsorted Points,"",✓,"","","",2020-04-09T04:29:27-07:00 Los_Angeles,"","",705,2018-11-19T04:00:03-08:00 Los_Angeles,ok,"","",✓,Bool,2020-05-12T20:08:38.929-07:00 Los_Angeles,2018-12-07T09:45:27.791-08:00 Los_Angeles,"","",Pump Run Cmd,"",BO3000125,"","","","",✓,"",✓,"","",✓,"","",@p:ubcv:r:20a661de-f242ffd0 Sing Tao,"","","","",@p:ubcv:r:23e65d3d-604110c2 .+(\.|-|_)C?H?P\d+(-)?C,"",JCL-NAE56/N2-1.SJ-DC-3.SJ-DHW_P5-C.Trend1,Los_Angeles,"","","","","","",2020-04-08T18:55:33.2Z UTC
@p:ubcv:r:238b4247-89b659e5 Sing Tao Unsorted Points JCL-NAE56/N2-1.SJ-DC-2.SJ-FLR1_RHC003-T,✓,@p:ubcv:r:21e6bcfc-6124a5f5 SOJ (NAE-56),"",TL3000285,✓,JCL-NAE56/N2-1.SJ-DC-2.SJ-FLR1_RHC003-T,"",@p:ubcv:r:21e6bcfc-6124a5f5 SOJ (NAE-56),"","","","","","","",$equipRef $bmsName,"","","","","",@p:ubcv:r:238b4245-b5fba92a Sing Tao Unsorted Points,"","","",@p:ubcv:r:238b4245-2bb2e550 Sing Tao Unsorted Points,"",✓,"","","",2020-05-12T20:00:00-07:00 Los_Angeles,"","",25469,2018-11-22T15:30:00-08:00 Los_Angeles,ok,"","",✓,Number,2020-05-12T20:08:39.066-07:00 Los_Angeles,2018-11-25T13:45:24-08:00 Los_Angeles,"","",Zone Temp,"",AI3000078,"","","","",✓,"","","","","","",✓,@p:ubcv:r:20a661de-f242ffd0 Sing Tao,"","","","",@p:ubcv:r:23e65d3e-3f42a398 .+(\.|-| |_)RHC\d+-T,✓,JCL-NAE56/N2-1.SJ-DC-2.SJ-FLR1_RHC003-T.Trend1,Los_Angeles,°C,"","","","",✓,2020-04-09T19:02:17.521Z UTC
@p:ubcv:r:21dffdae-2fa76ca2 Sing Tao HW Main Meter Leaving Water Temp,"",@p:ubcv:r:21cad5a3-4a9603bb SOJ DES Meter,AI10,"",✓,"","",@p:ubcv:r:21cad5a3-4a9603bb SOJ DES Meter,✓,"",ok,45.64999771118164°C,"","","",$equipRef $navName,"","","","","",@p:ubcv:r:20a661de-a7c8bb1f Sing Tao HW Main Meter,"","","",@p:ubcv:r:21697fca-7b42701e Sing Tao Utilities,"",✓,0.5°C,10min,"",2020-05-12T20:10:00-07:00 Los_Angeles,"",consumption,165005,2018-01-03T14:20:00-08:00 Los_Angeles,ok,"",✓,"",Number,"","",✓,"",Leaving Water Temp,"","","","","","",✓,"","","","","","",✓,@p:ubcv:r:20a661de-f242ffd0 Sing Tao,"","","","","",✓,"",Los_Angeles,°C,✓,"","",✓,"",2020-04-28T00:03:36.244Z UTC
@p:ubcv:r:238b4247-1707d99f Sing Tao Unsorted Points JCL-NAE56/N2-1.SJ-DC-2.SJ-FLR1_RHC004-V,"",@p:ubcv:r:21e6bcfc-6124a5f5 SOJ (NAE-56),"",TL3000289,✓,JCL-NAE56/N2-1.SJ-DC-2.SJ-FLR1_RHC004-V,"",@p:ubcv:r:21e6bcfc-6124a5f5 SOJ (NAE-56),"","","","","","","",$equipRef $bmsName,"","","","","",@p:ubcv:r:238b4245-b5fba92a Sing Tao Unsorted Points,"","","",@p:ubcv:r:238b4245-2bb2e550 Sing Tao Unsorted Points,"",✓,"","","",2020-05-12T20:00:00-07:00 Los_Angeles,"","",25469,2018-11-22T15:30:00-08:00 Los_Angeles,ok,"","",✓,Number,2020-05-12T20:08:39.068-07:00 Los_Angeles,2018-11-25T13:45:23.999-08:00 Los_Angeles,"","",JCL-NAE56/N2-1.SJ-DC-2.SJ-FLR1_RHC004-V,✓,AO3000084,"","","","",✓,"","","","","","","",@p:ubcv:r:20a661de-f242ffd0 Sing Tao,"","","","","","",JCL-NAE56/N2-1.SJ-DC-2.SJ-FLR1_RHC004-V.Trend1,Los_Angeles,_,"","","","","",2020-04-09T19:15:20.438Z UTC
@p:ubcv:r:238b4247-eaa7587f Sing Tao Unsorted Points JCL-NAE56/N2-1.SJ-DC-1.SJ-FLR1_RHC002-WC,"",@p:ubcv:r:21e6bcfc-6124a5f5 SOJ (NAE-56),"",TL3000219,✓,JCL-NAE56/N2-1.SJ-DC-1.SJ-FLR1_RHC002-WC,"",@p:ubcv:r:21e6bcfc-6124a5f5 SOJ (NAE-56),"","","","","","","",$equipRef $bmsName,"","","","","",@p:ubcv:r:238b4245-b5fba92a Sing Tao Unsorted Points,"","","",@p:ubcv:r:238b4245-2bb2e550 Sing Tao Unsorted Points,"",✓,"","","",2020-05-12T20:00:00-07:00 Los_Angeles,"","",25469,2018-11-22T15:30:00-08:00 Los_Angeles,ok,"","",✓,Number,2020-05-12T20:08:39.069-07:00 Los_Angeles,2018-11-25T13:45:24.026-08:00 Los_Angeles,"","",JCL-NAE56/N2-1.SJ-DC-1.SJ-FLR1_RHC002-WC,✓,AI3000051,"","","","",✓,"","","","","","","",@p:ubcv:r:20a661de-f242ffd0 Sing Tao,"","","","","","",JCL-NAE56/N2-1.SJ-DC-1.SJ-FLR1_RHC002-WC.Trend1,Los_Angeles,°C,"","","","","",2020-04-09T19:02:17.523Z UTC
@p:ubcv:r:238b4247-fc41e92a Sing Tao Unsorted Points JCL-NAE56/N2-1.SJ-DC-3.SJ-HW_P2-C,"",@p:ubcv:r:21e6bcfc-6124a5f5 SOJ (NAE-56),"",TL3000350,✓,JCL-NAE56/N2-1.SJ-DC-3.SJ-HW_P2-C,✓,@p:ubcv:r:21e6bcfc-6124a5f5 SOJ (NAE-56),"","","","","","","",$equipRef $bmsName,"","","","","On,Off",@p:ubcv:r:238b4245-b5fba92a Sing Tao Unsorted Points,"","","",@p:ubcv:r:238b4245-2bb2e550 Sing Tao Unsorted Points,"",✓,"","","",2020-04-09T04:29:01-07:00 Los_Angeles,"","",64,2018-11-21T07:28:04-08:00 Los_Angeles,ok,"","",✓,Bool,2020-05-12T20:08:38.924-07:00 Los_Angeles,2018-12-07T09:45:27.784-08:00 Los_Angeles,"","",Pump Run Cmd,"",BO3000123,"","","","",✓,"",✓,"","",✓,"","",@p:ubcv:r:20a661de-f242ffd0 Sing Tao,"","","","",@p:ubcv:r:23e65d3d-604110c2 .+(\.|-|_)C?H?P\d+(-)?C,"",JCL-NAE56/N2-1.SJ-DC-3.SJ-HW_P2-C.Trend1,Los_Angeles,"","","","","","",2020-04-08T18:55:33.246Z UTC
@p:ubcv:r:238b4247-9b70fb57 Sing Tao Unsorted Points JCL-NAE56/N2-1.SJ-DC-3.SJ-FLR1_RHC005-V,"",@p:ubcv:r:21e6bcfc-6124a5f5 SOJ (NAE-56),"",TL3000332,✓,JCL-NAE56/N2-1.SJ-DC-3.SJ-FLR1_RHC005-V,"",@p:ubcv:r:21e6bcfc-6124a5f5 SOJ (NAE-56),"","","","","","","",$equipRef $bmsName,"","","","","",@p:ubcv:r:238b4245-b5fba92a Sing Tao Unsorted Points,"","","",@p:ubcv:r:238b4245-2bb2e550 Sing Tao Unsorted Points,"",✓,"","","",2020-05-12T20:00:00-07:00 Los_Angeles,"","",25469,2018-11-22T15:30:00-08:00 Los_Angeles,ok,"","",✓,Number,2020-05-12T20:08:39.071-07:00 Los_Angeles,2018-11-25T13:45:23.845-08:00 Los_Angeles,"","",JCL-NAE56/N2-1.SJ-DC-3.SJ-FLR1_RHC005-V,✓,AO3000094,"","","","",✓,"","","","","","","",@p:ubcv:r:20a661de-f242ffd0 Sing Tao,"","","","","","",JCL-NAE56/N2-1.SJ-DC-3.SJ-FLR1_RHC005-V.Trend1,Los_Angeles,%,"","","","","",2020-04-09T19:02:17.524Z UTC
@p:ubcv:r:238b4247-8af123e0 Sing Tao Unsorted Points JCL-NAE56/N2-1.SJ-DC-2.SJ-AHU2_H-VLV,"",@p:ubcv:r:21e6bcfc-6124a5f5 SOJ (NAE-56),"",TL3000261,✓,JCL-NAE56/N2-1.SJ-DC-2.SJ-AHU2_H-VLV,"",@p:ubcv:r:21e6bcfc-6124a5f5 SOJ (NAE-56),"","","","","","","",$equipRef $bmsName,"","","","","",@p:ubcv:r:238b4245-b5fba92a Sing Tao Unsorted Points,"","","",@p:ubcv:r:238b4245-2bb2e550 Sing Tao Unsorted Points,"",✓,"","","",2020-05-12T20:00:00-07:00 Los_Angeles,"","",25469,2018-11-22T15:30:00-08:00 Los_Angeles,ok,"","",✓,Number,2020-05-12T20:08:39.073-07:00 Los_Angeles,2018-11-25T13:45:24.017-08:00 Los_Angeles,"","",JCL-NAE56/N2-1.SJ-DC-2.SJ-AHU2_H-VLV,✓,AO3000059,"","","","",✓,"","","","","","","",@p:ubcv:r:20a661de-f242ffd0 Sing Tao,"","","","","","",JCL-NAE56/N2-1.SJ-DC-2.SJ-AHU2_H-VLV.Trend1,Los_Angeles,%,"","","","","",2020-04-09T19:02:17.525Z UTC
