id,air,alarm,avg,bacnetConnRef,bacnetHis,bacnetPoint,bmsName,cmd,connRef,damper,delta,differential,disMacro,discharge,effective,enable,entering,enum,equipName,equipRef,esc,fan,filter,groupRef,highLim,his,hisEnd,hisErr,hisMode,hisSize,hisStart,hisStatus,hot,kind,lastSynced,lastTagged,leaving,lowLim,mixed,navName,noTagMatch,objectId,point,pointType,pressure,pump,return,run,runtime,scheduleOcc,sensor,siteRef,sp,tagTableRef,temp,tz,unit,water,zone,mod
@p:ubcv:r:23f8b507-93d06e8f Wood Drying Laboratory DES Connection 385_HX1_P1_FAIL_AL_BV,"",✓,"",@p:ubcv:r:23f8b403-9480a010 Totem 385.0 WOOD PROD LAB (506100),TL28,✓,385_HX1_P1_FAIL_AL_BV,"",@p:ubcv:r:23f8b403-9480a010 Totem 385.0 WOOD PROD LAB (506100),"","","",$equipRef $bmsName,"","","","","OFF,ON","",@p:ubcv:r:23f8cabf-a6b11b89 Wood Drying Laboratory DES Connection,✓,"","",@p:ubcv:r:23f8cabf-2a327e7d Wood Drying Laboratory Hydronic Systems,"",✓,"",conn fault,"","","",fault,"",Bool,2020-05-05T15:51:28.86-07:00 Los_Angeles,"","","","",Alarm,"",BV10,✓,"","","","","","","",✓,@p:ubcv:r:23f8c970-d1e27cd0 Wood Drying Laboratory,"",@p:ubcv:r:245ce60e-528dc0fe .+_AL_BV(_TL)?,"",Los_Angeles,"","","",2020-04-08T18:53:07.48Z UTC
@p:ubcv:r:23f8b507-24c1e18d Wood Drying Laboratory AHU-01 385_AHU1_P2_FAIL_AL_BV,"",✓,"",@p:ubcv:r:23f8b403-9480a010 Totem 385.0 WOOD PROD LAB (506100),TL33,✓,385_AHU1_P2_FAIL_AL_BV,"",@p:ubcv:r:23f8b403-9480a010 Totem 385.0 WOOD PROD LAB (506100),"","","",$equipRef $bmsName,"","","","","OFF,ON","",@p:ubcv:r:23f8ca14-33c02fe2 Wood Drying Laboratory AHU-01,✓,"","",@p:ubcv:r:23f8ca14-cb2bd4b1 Wood Drying Laboratory Air Systems,"",✓,"",conn fault,"","","",fault,"",Bool,2020-05-05T15:51:28.86-07:00 Los_Angeles,"","","","",Alarm,"",BV17,✓,"","","","","","","",✓,@p:ubcv:r:23f8c970-d1e27cd0 Wood Drying Laboratory,"",@p:ubcv:r:245ce60e-528dc0fe .+_AL_BV(_TL)?,"",Los_Angeles,"","","",2020-04-08T18:54:19.126Z UTC
@p:ubcv:r:23f8b507-f42e71b1 Wood Drying Laboratory DES Connection 385_DHR_PRES,"","","",@p:ubcv:r:23f8b403-9480a010 Totem 385.0 WOOD PROD LAB (506100),TL4,✓,385_DHR_PRES,"",@p:ubcv:r:23f8b403-9480a010 Totem 385.0 WOOD PROD LAB (506100),"","","",$equipRef $bmsName,"","","","","","",@p:ubcv:r:23f8cabf-a6b11b89 Wood Drying Laboratory DES Connection,✓,"","",@p:ubcv:r:23f8cabf-2a327e7d Wood Drying Laboratory Hydronic Systems,"",✓,2019-08-08T09:15:52-07:00 Los_Angeles,conn fault,"",66165,2019-02-13T14:30:09-08:00 Los_Angeles,fault,"",Number,2020-05-05T15:51:28.86-07:00 Los_Angeles,"","","","",385_DHR_PRES,✓,AI5,✓,"","","","","","","","",@p:ubcv:r:23f8c970-d1e27cd0 Wood Drying Laboratory,"","","",Los_Angeles,_,"","",2020-04-09T19:15:03.536Z UTC
@p:ubcv:r:23f8b507-698c98ab Wood Drying Laboratory DES Connection 385_HX1_FLW_SW,"","","",@p:ubcv:r:23f8b403-9480a010 Totem 385.0 WOOD PROD LAB (506100),TL16,✓,385_HX1_FLW_SW,"",@p:ubcv:r:23f8b403-9480a010 Totem 385.0 WOOD PROD LAB (506100),"","","",$equipRef $bmsName,"","","","","Off,On","",@p:ubcv:r:23f8cabf-a6b11b89 Wood Drying Laboratory DES Connection,✓,"","",@p:ubcv:r:23f8cabf-2a327e7d Wood Drying Laboratory Hydronic Systems,"",✓,"",conn fault,"","","",fault,"",Bool,2020-05-05T15:51:28.86-07:00 Los_Angeles,"","","","",385_HX1_FLW_SW,✓,BI4,✓,"","","","","","","","",@p:ubcv:r:23f8c970-d1e27cd0 Wood Drying Laboratory,"","","",Los_Angeles,"","","",2020-04-08T18:53:30.348Z UTC
@p:ubcv:r:23f8b507-5b6a43a1 Wood Drying Laboratory AHU-01 385_AHU1_SCH,"","","",@p:ubcv:r:23f8b403-9480a010 Totem 385.0 WOOD PROD LAB (506100),TL29,✓,385_AHU1_SCH,"",@p:ubcv:r:23f8b403-9480a010 Totem 385.0 WOOD PROD LAB (506100),"","","",$equipRef $bmsName,"","","","","","",@p:ubcv:r:23f8ca14-33c02fe2 Wood Drying Laboratory AHU-01,✓,"","",@p:ubcv:r:23f8ca14-cb2bd4b1 Wood Drying Laboratory Air Systems,"",✓,"",conn fault,"","","",fault,"",Str,2020-05-05T15:51:28.86-07:00 Los_Angeles,"","","","",Scheduled Occupancy,"",SCH2,✓,"","","","","","",✓,"",@p:ubcv:r:23f8c970-d1e27cd0 Wood Drying Laboratory,"",@p:ubcv:r:24ede11b-a499e164 .+_SCH(.+)?(_TL)?,"",Los_Angeles,"","","",2020-04-08T18:53:06.033Z UTC
@p:ubcv:r:23f8b507-768d808d Wood Drying Laboratory AHU-01 385_AHU1_SAT_SP,✓,"","",@p:ubcv:r:23f8b403-9480a010 Totem 385.0 WOOD PROD LAB (506100),TL41,✓,385_AHU1_SAT_SP,"",@p:ubcv:r:23f8b403-9480a010 Totem 385.0 WOOD PROD LAB (506100),"","","",$equipRef $bmsName,✓,"","","","","",@p:ubcv:r:23f8ca14-33c02fe2 Wood Drying Laboratory AHU-01,✓,"","",@p:ubcv:r:23f8ca14-cb2bd4b1 Wood Drying Laboratory Air Systems,"",✓,2019-08-08T07:14:54-07:00 Los_Angeles,conn fault,"",6709,2019-02-09T15:36:34-08:00 Los_Angeles,fault,"",Number,2020-05-05T15:51:28.86-07:00 Los_Angeles,"","","","",Discharge Air Temp Sp,"",AV30,✓,"","","","","","","","",@p:ubcv:r:23f8c970-d1e27cd0 Wood Drying Laboratory,✓,@p:ubcv:r:23e65d0e-055565a9 .+_SAT(_RHCV)?_SP(_AV)?(_TL)?,✓,Los_Angeles,°C,"","",2020-04-14T16:49:59.112Z UTC
@p:ubcv:r:23f8b507-a4a138cf Wood Drying Laboratory Water Main Meter 385_WMTR_DEC,"","","",@p:ubcv:r:23f8b403-9480a010 Totem 385.0 WOOD PROD LAB (506100),TL60,✓,385_WMTR_DEC,"",@p:ubcv:r:23f8b403-9480a010 Totem 385.0 WOOD PROD LAB (506100),"","","",$equipRef $bmsName,"","","","","","",@p:ubcv:r:23f8cac1-8d609f40 Wood Drying Laboratory Water Main Meter,✓,"","",@p:ubcv:r:23f8cabf-2a327e7d Wood Drying Laboratory Hydronic Systems,"",✓,"",conn fault,consumption,"","",fault,"",Number,2020-05-05T15:51:28.86-07:00 Los_Angeles,"","","","",385_WMTR_DEC,✓,AV60,✓,"","","","","","","","",@p:ubcv:r:23f8c970-d1e27cd0 Wood Drying Laboratory,"","","",Los_Angeles,_,"","",2020-04-28T00:03:35.093Z UTC
@p:ubcv:r:23f8b507-741709f6 Wood Drying Laboratory Water Main Meter 385_WMTR_LAST_DAY,"","","",@p:ubcv:r:23f8b403-9480a010 Totem 385.0 WOOD PROD LAB (506100),TL45,✓,385_WMTR_LAST_DAY,"",@p:ubcv:r:23f8b403-9480a010 Totem 385.0 WOOD PROD LAB (506100),"","","",$equipRef $bmsName,"","","","","","",@p:ubcv:r:23f8cac1-8d609f40 Wood Drying Laboratory Water Main Meter,✓,"","",@p:ubcv:r:23f8cabf-2a327e7d Wood Drying Laboratory Hydronic Systems,"",✓,2019-07-16T23:58:00-07:00 Los_Angeles,conn fault,consumption,6,2019-03-22T23:58:00-07:00 Los_Angeles,fault,"",Number,2020-05-05T15:51:28.859-07:00 Los_Angeles,"","","","",385_WMTR_LAST_DAY,✓,AV42,✓,"","","","","","","","",@p:ubcv:r:23f8c970-d1e27cd0 Wood Drying Laboratory,"","","",Los_Angeles,_,"","",2020-04-28T00:03:35.094Z UTC
@p:ubcv:r:23f8b507-05eb9923 Wood Drying Laboratory DES Connection 385_HX1_OAT_EN_BV,"","","",@p:ubcv:r:23f8b403-9480a010 Totem 385.0 WOOD PROD LAB (506100),TL26,✓,385_HX1_OAT_EN_BV,"",@p:ubcv:r:23f8b403-9480a010 Totem 385.0 WOOD PROD LAB (506100),"","","",$equipRef $bmsName,"","","","","OFF,ON","",@p:ubcv:r:23f8cabf-a6b11b89 Wood Drying Laboratory DES Connection,✓,"","",@p:ubcv:r:23f8cabf-2a327e7d Wood Drying Laboratory Hydronic Systems,"",✓,2019-08-08T00:08:59-07:00 Los_Angeles,conn fault,"",242,2019-03-21T14:09:07-07:00 Los_Angeles,fault,"",Bool,2020-05-05T15:51:28.86-07:00 Los_Angeles,"","","","",385_HX1_OAT_EN_BV,✓,BV6,✓,"","","","","","","","",@p:ubcv:r:23f8c970-d1e27cd0 Wood Drying Laboratory,"","","",Los_Angeles,"","","",2020-04-08T18:53:10.222Z UTC
@p:ubcv:r:23f8b507-218da196 Wood Drying Laboratory DES Connection 385_HX1_FREEZE_PROT,"","","",@p:ubcv:r:23f8b403-9480a010 Totem 385.0 WOOD PROD LAB (506100),TL24,✓,385_HX1_FREEZE_PROT,"",@p:ubcv:r:23f8b403-9480a010 Totem 385.0 WOOD PROD LAB (506100),"","","",$equipRef $bmsName,"","","","","OFF,ON","",@p:ubcv:r:23f8cabf-a6b11b89 Wood Drying Laboratory DES Connection,✓,"","",@p:ubcv:r:23f8cabf-2a327e7d Wood Drying Laboratory Hydronic Systems,"",✓,2019-04-15T03:48:24-07:00 Los_Angeles,conn fault,"",107,2019-02-14T12:35:31-08:00 Los_Angeles,fault,"",Bool,2020-05-05T15:51:28.858-07:00 Los_Angeles,"","","","",385_HX1_FREEZE_PROT,✓,BV1,✓,"","","","","","","","",@p:ubcv:r:23f8c970-d1e27cd0 Wood Drying Laboratory,"","","",Los_Angeles,"","","",2020-04-08T18:53:13.755Z UTC
@p:ubcv:r:23f8b507-f83c9e82 Wood Drying Laboratory DES Connection P1 385_HX1_P1_C,"","","",@p:ubcv:r:23f8b403-9480a010 Totem 385.0 WOOD PROD LAB (506100),TL21,✓,385_HX1_P1_C,✓,@p:ubcv:r:23f8b403-9480a010 Totem 385.0 WOOD PROD LAB (506100),"","","",$equipRef $equipName $bmsName,"","","","","OFF,ON",P1,@p:ubcv:r:23f8cabf-a6b11b89 Wood Drying Laboratory DES Connection,✓,"","",@p:ubcv:r:23f8cabf-2a327e7d Wood Drying Laboratory Hydronic Systems,"",✓,2019-08-08T00:08:59-07:00 Los_Angeles,conn fault,"",194,2019-04-16T07:49:58-07:00 Los_Angeles,fault,✓,Bool,2020-05-05T15:51:28.86-07:00 Los_Angeles,"","","","",Run Cmd,"",BO1,✓,"","",✓,"",✓,"","","",@p:ubcv:r:23f8c970-d1e27cd0 Wood Drying Laboratory,"",@p:ubcv:r:244ba6df-17358a53 .+_PC?H?\d+[A-Z]?_P?C(_\d+)?(_TL)?,"",Los_Angeles,"",✓,"",2020-05-13T11:00:59.037Z UTC
@p:ubcv:r:23f8b507-e76a2c2c Wood Drying Laboratory Water Main Meter 385_WMTR_NOV,"","","",@p:ubcv:r:23f8b403-9480a010 Totem 385.0 WOOD PROD LAB (506100),TL59,✓,385_WMTR_NOV,"",@p:ubcv:r:23f8b403-9480a010 Totem 385.0 WOOD PROD LAB (506100),"","","",$equipRef $bmsName,"","","","","","",@p:ubcv:r:23f8cac1-8d609f40 Wood Drying Laboratory Water Main Meter,✓,"","",@p:ubcv:r:23f8cabf-2a327e7d Wood Drying Laboratory Hydronic Systems,"",✓,2019-04-16T07:49:58-07:00 Los_Angeles,conn fault,consumption,1,2019-04-16T07:49:58-07:00 Los_Angeles,fault,"",Number,2020-05-05T15:51:28.858-07:00 Los_Angeles,"","","","",385_WMTR_NOV,✓,AV59,✓,"","","","","","","","",@p:ubcv:r:23f8c970-d1e27cd0 Wood Drying Laboratory,"","","",Los_Angeles,_,"","",2020-04-28T00:03:35.095Z UTC
@p:ubcv:r:23f8b507-7b424fd8 Wood Drying Laboratory AHU-01 SF 385_AHU1_SFC,✓,"","",@p:ubcv:r:23f8b403-9480a010 Totem 385.0 WOOD PROD LAB (506100),TL22,✓,385_AHU1_SFC,✓,@p:ubcv:r:23f8b403-9480a010 Totem 385.0 WOOD PROD LAB (506100),"","","",$equipRef $bmsName,✓,"","","","OFF,ON","",@p:ubcv:r:25d7526b-6b52b739 Wood Drying Laboratory AHU-01 SF,✓,✓,"",@p:ubcv:r:23f8ca14-cb2bd4b1 Wood Drying Laboratory Air Systems,"",✓,2019-08-08T07:00:54-07:00 Los_Angeles,conn fault,"",386,2019-02-09T20:50:00-08:00 Los_Angeles,fault,"",Bool,2020-05-05T15:51:28.86-07:00 Los_Angeles,"","","","",Discharge Fan Run Cmd,"",BO3,✓,"","","","",✓,"","","",@p:ubcv:r:23f8c970-d1e27cd0 Wood Drying Laboratory,"",@p:ubcv:r:23e65d0f-ef6babc0 .+_SF(\d)?C(_TL)?,"",Los_Angeles,"","","",2020-04-08T18:53:17.718Z UTC
@p:ubcv:r:23f8b507-651cac05 Wood Drying Laboratory Water Main Meter 385_WMTR_ACCUM_DAY,"","","",@p:ubcv:r:23f8b403-9480a010 Totem 385.0 WOOD PROD LAB (506100),TL44,✓,385_WMTR_ACCUM_DAY,"",@p:ubcv:r:23f8b403-9480a010 Totem 385.0 WOOD PROD LAB (506100),"","","",$equipRef $bmsName,"","","","","","",@p:ubcv:r:23f8cac1-8d609f40 Wood Drying Laboratory Water Main Meter,✓,"","",@p:ubcv:r:23f8cabf-2a327e7d Wood Drying Laboratory Hydronic Systems,"",✓,2019-07-15T23:59:00-07:00 Los_Angeles,conn fault,consumption,6,2019-03-22T10:10:50-07:00 Los_Angeles,fault,"",Number,2020-05-05T15:51:28.859-07:00 Los_Angeles,"","","","",385_WMTR_ACCUM_DAY,✓,AV41,✓,"","","","","","","","",@p:ubcv:r:23f8c970-d1e27cd0 Wood Drying Laboratory,"","","",Los_Angeles,_,"","",2020-04-28T00:03:35.096Z UTC
@p:ubcv:r:23f8b507-c624db55 Wood Drying Laboratory Water Main Meter 385_WMTR_AUG,"","","",@p:ubcv:r:23f8b403-9480a010 Totem 385.0 WOOD PROD LAB (506100),TL56,✓,385_WMTR_AUG,"",@p:ubcv:r:23f8b403-9480a010 Totem 385.0 WOOD PROD LAB (506100),"","","",$equipRef $bmsName,"","","","","","",@p:ubcv:r:23f8cac1-8d609f40 Wood Drying Laboratory Water Main Meter,✓,"","",@p:ubcv:r:23f8cabf-2a327e7d Wood Drying Laboratory Hydronic Systems,"",✓,"",conn fault,consumption,"","",fault,"",Number,2020-05-05T15:51:28.86-07:00 Los_Angeles,"","","","",385_WMTR_AUG,✓,AV56,✓,"","","","","","","","",@p:ubcv:r:23f8c970-d1e27cd0 Wood Drying Laboratory,"","","",Los_Angeles,_,"","",2020-04-28T00:03:35.097Z UTC
@p:ubcv:r:23f8b507-f29f1160 Wood Drying Laboratory DES Connection 385_HX1_HILIMIT_PROT,"","","",@p:ubcv:r:23f8b403-9480a010 Totem 385.0 WOOD PROD LAB (506100),TL27,✓,385_HX1_HILIMIT_PROT,"",@p:ubcv:r:23f8b403-9480a010 Totem 385.0 WOOD PROD LAB (506100),"","","",$equipRef $bmsName,"","","","","OFF,ON","",@p:ubcv:r:23f8cabf-a6b11b89 Wood Drying Laboratory DES Connection,✓,"","",@p:ubcv:r:23f8cabf-2a327e7d Wood Drying Laboratory Hydronic Systems,"",✓,2019-08-07T10:38:46-07:00 Los_Angeles,conn fault,"",254,2019-02-11T09:17:03-08:00 Los_Angeles,fault,"",Bool,2020-05-05T15:51:28.86-07:00 Los_Angeles,"","","","",385_HX1_HILIMIT_PROT,✓,BV8,✓,"","","","","","","","",@p:ubcv:r:23f8c970-d1e27cd0 Wood Drying Laboratory,"","","",Los_Angeles,"","","",2020-04-08T18:53:09.026Z UTC
@p:ubcv:r:23f8b507-19a7638c Wood Drying Laboratory AHU-01 385_AHU1_RAT,✓,"","",@p:ubcv:r:23f8b403-9480a010 Totem 385.0 WOOD PROD LAB (506100),TL9,✓,385_AHU1_RAT,"",@p:ubcv:r:23f8b403-9480a010 Totem 385.0 WOOD PROD LAB (506100),"","","",$equipRef $bmsName,"","","","","","",@p:ubcv:r:23f8ca14-33c02fe2 Wood Drying Laboratory AHU-01,✓,"","",@p:ubcv:r:23f8ca14-cb2bd4b1 Wood Drying Laboratory Air Systems,"",✓,2019-08-08T07:32:35-07:00 Los_Angeles,conn fault,"",1831,2019-02-09T16:37:47-08:00 Los_Angeles,fault,"",Number,2020-05-05T15:51:28.86-07:00 Los_Angeles,"","","","",Return Air Temp,"",AI10,✓,"","","",✓,"","","",✓,@p:ubcv:r:23f8c970-d1e27cd0 Wood Drying Laboratory,"",@p:ubcv:r:23e65d0f-3b2d274c .+_RAT(_TL)?,✓,Los_Angeles,°C,"","",2020-04-14T16:50:01.245Z UTC
@p:ubcv:r:23f8b507-6559e642 Wood Drying Laboratory Water Main Meter 385_WMTR_JUN,"","","",@p:ubcv:r:23f8b403-9480a010 Totem 385.0 WOOD PROD LAB (506100),TL54,✓,385_WMTR_JUN,"",@p:ubcv:r:23f8b403-9480a010 Totem 385.0 WOOD PROD LAB (506100),"","","",$equipRef $bmsName,"","","","","","",@p:ubcv:r:23f8cac1-8d609f40 Wood Drying Laboratory Water Main Meter,✓,"","",@p:ubcv:r:23f8cabf-2a327e7d Wood Drying Laboratory Hydronic Systems,"",✓,"",conn fault,consumption,"","",fault,"",Number,2020-05-05T15:51:28.86-07:00 Los_Angeles,"","","","",385_WMTR_JUN,✓,AV54,✓,"","","","","","","","",@p:ubcv:r:23f8c970-d1e27cd0 Wood Drying Laboratory,"","","",Los_Angeles,_,"","",2020-04-28T00:03:35.098Z UTC
@p:ubcv:r:23f8b507-a4d8441f Wood Drying Laboratory Water Main Meter 385_WMTR_MONTH,"","","",@p:ubcv:r:23f8b403-9480a010 Totem 385.0 WOOD PROD LAB (506100),TL47,✓,385_WMTR_MONTH,"",@p:ubcv:r:23f8b403-9480a010 Totem 385.0 WOOD PROD LAB (506100),"","","",$equipRef $bmsName,"","","","","","",@p:ubcv:r:23f8cac1-8d609f40 Wood Drying Laboratory Water Main Meter,✓,"","",@p:ubcv:r:23f8cabf-2a327e7d Wood Drying Laboratory Hydronic Systems,"",✓,2019-08-01T00:00:10-07:00 Los_Angeles,conn fault,consumption,6,2019-03-23T00:00:00-07:00 Los_Angeles,fault,"",Number,2020-05-05T15:51:28.86-07:00 Los_Angeles,"","","","",385_WMTR_MONTH,✓,AV44,✓,"","","","","","","","",@p:ubcv:r:23f8c970-d1e27cd0 Wood Drying Laboratory,"","","",Los_Angeles,_,"","",2020-04-28T00:03:35.099Z UTC
@p:ubcv:r:23f8b507-f36f51a8 Wood Drying Laboratory DES Connection 385_DHS_PRES,"","","",@p:ubcv:r:23f8b403-9480a010 Totem 385.0 WOOD PROD LAB (506100),TL5,✓,385_DHS_PRES,"",@p:ubcv:r:23f8b403-9480a010 Totem 385.0 WOOD PROD LAB (506100),"","","",$equipRef $bmsName,"","","","","","",@p:ubcv:r:23f8cabf-a6b11b89 Wood Drying Laboratory DES Connection,✓,"","",@p:ubcv:r:23f8cabf-2a327e7d Wood Drying Laboratory Hydronic Systems,"",✓,2019-08-08T08:51:48-07:00 Los_Angeles,conn fault,"",71746,2019-02-13T23:05:19-08:00 Los_Angeles,fault,"",Number,2020-05-05T15:51:28.86-07:00 Los_Angeles,"","","","",385_DHS_PRES,✓,AI6,✓,"","","","","","","","",@p:ubcv:r:23f8c970-d1e27cd0 Wood Drying Laboratory,"","","",Los_Angeles,_,"","",2020-04-09T19:15:03.546Z UTC
@p:ubcv:r:23f8b507-0518000d Wood Drying Laboratory AHU-01 385_AHU1_CV_1S,"","","",@p:ubcv:r:23f8b403-9480a010 Totem 385.0 WOOD PROD LAB (506100),TL20,✓,385_AHU1_CV_1S,"",@p:ubcv:r:23f8b403-9480a010 Totem 385.0 WOOD PROD LAB (506100),"","","",$equipRef $bmsName,"","","","","","",@p:ubcv:r:23f8ca14-33c02fe2 Wood Drying Laboratory AHU-01,✓,"","",@p:ubcv:r:23f8ca14-cb2bd4b1 Wood Drying Laboratory Air Systems,"",✓,2019-07-30T07:01:34-07:00 Los_Angeles,conn fault,"",3695,2019-02-11T09:19:52-08:00 Los_Angeles,fault,"",Number,2020-05-05T15:51:28.859-07:00 Los_Angeles,"","","","",385_AHU1_CV_1S,✓,AO5,✓,"","","","","","","","",@p:ubcv:r:23f8c970-d1e27cd0 Wood Drying Laboratory,"","","",Los_Angeles,_,"","",2020-04-09T19:15:03.547Z UTC
@p:ubcv:r:23f8b507-0b59467f Wood Drying Laboratory AHU-01 385_AHU1_NSB_CLG_EN,"","","",@p:ubcv:r:23f8b403-9480a010 Totem 385.0 WOOD PROD LAB (506100),TL36,✓,385_AHU1_NSB_CLG_EN,✓,@p:ubcv:r:23f8b403-9480a010 Totem 385.0 WOOD PROD LAB (506100),"","","",$equipRef $bmsName,"","",✓,"","OFF,ON","",@p:ubcv:r:23f8ca14-33c02fe2 Wood Drying Laboratory AHU-01,✓,"","",@p:ubcv:r:23f8ca14-cb2bd4b1 Wood Drying Laboratory Air Systems,"",✓,"",conn fault,"","","",fault,"",Bool,2020-05-05T15:51:28.86-07:00 Los_Angeles,"","","","",Enable Cmd,"",BV25,✓,"","","","","","","","",@p:ubcv:r:23f8c970-d1e27cd0 Wood Drying Laboratory,"",@p:ubcv:r:23e65d0e-5f12cf73 .+_EN(_TL)?,"",Los_Angeles,"","","",2020-04-08T18:54:16.433Z UTC
@p:ubcv:r:23f8b507-bf46b641 Wood Drying Laboratory DES Connection 385_HX1_HWST_SP,"","","",@p:ubcv:r:23f8b403-9480a010 Totem 385.0 WOOD PROD LAB (506100),TL39,✓,385_HX1_HWST_SP,"",@p:ubcv:r:23f8b403-9480a010 Totem 385.0 WOOD PROD LAB (506100),"","","",$equipRef $bmsName,"","","","","","",@p:ubcv:r:23f8cabf-a6b11b89 Wood Drying Laboratory DES Connection,✓,"","",@p:ubcv:r:23f8cabf-2a327e7d Wood Drying Laboratory Hydronic Systems,"",✓,2019-08-08T09:02:51-07:00 Los_Angeles,conn fault,"",3021,2019-02-09T16:40:32-08:00 Los_Angeles,fault,✓,Number,2020-05-05T15:51:28.86-07:00 Los_Angeles,"",✓,"","",Leaving Hot Water Temp Sp,"",AV9,✓,"","","","","","","","",@p:ubcv:r:23f8c970-d1e27cd0 Wood Drying Laboratory,✓,@p:ubcv:r:23e65d0e-fbb477f4 .+_HWST_SP(_TL)?,✓,Los_Angeles,°C,✓,"",2020-04-14T16:50:01.135Z UTC
@p:ubcv:r:23f8b507-26371ff0 Wood Drying Laboratory Water Main Meter 385_WMTR_APR,"","","",@p:ubcv:r:23f8b403-9480a010 Totem 385.0 WOOD PROD LAB (506100),TL52,✓,385_WMTR_APR,"",@p:ubcv:r:23f8b403-9480a010 Totem 385.0 WOOD PROD LAB (506100),"","","",$equipRef $bmsName,"","","","","","",@p:ubcv:r:23f8cac1-8d609f40 Wood Drying Laboratory Water Main Meter,✓,"","",@p:ubcv:r:23f8cabf-2a327e7d Wood Drying Laboratory Hydronic Systems,"",✓,"",conn fault,consumption,"","",fault,"",Number,2020-05-05T15:51:28.86-07:00 Los_Angeles,"","","","",385_WMTR_APR,✓,AV52,✓,"","","","","","","","",@p:ubcv:r:23f8c970-d1e27cd0 Wood Drying Laboratory,"","","",Los_Angeles,_,"","",2020-04-28T00:03:35.1Z UTC
@p:ubcv:r:23f8b507-cf717681 Wood Drying Laboratory AHU-01 385_MAKEUP_PRES,"","","",@p:ubcv:r:23f8b403-9480a010 Totem 385.0 WOOD PROD LAB (506100),TL14,✓,385_MAKEUP_PRES,"",@p:ubcv:r:23f8b403-9480a010 Totem 385.0 WOOD PROD LAB (506100),"","","",$equipRef $bmsName,"","","","","","",@p:ubcv:r:23f8ca14-33c02fe2 Wood Drying Laboratory AHU-01,✓,"","",@p:ubcv:r:23f8ca14-cb2bd4b1 Wood Drying Laboratory Air Systems,"",✓,2019-08-08T03:54:17-07:00 Los_Angeles,conn fault,"",555,2019-02-10T02:57:48-08:00 Los_Angeles,fault,"",Number,2020-05-05T15:51:28.86-07:00 Los_Angeles,"","","","",385_MAKEUP_PRES,✓,AI14,✓,"","","","","","","","",@p:ubcv:r:23f8c970-d1e27cd0 Wood Drying Laboratory,"","","",Los_Angeles,_,"","",2020-04-09T19:15:03.55Z UTC
@p:ubcv:r:23f8b507-f12add12 Wood Drying Laboratory AHU-01 385_AHU1_SF_FAIL_AL_BV,"",✓,"",@p:ubcv:r:23f8b403-9480a010 Totem 385.0 WOOD PROD LAB (506100),TL31,✓,385_AHU1_SF_FAIL_AL_BV,"",@p:ubcv:r:23f8b403-9480a010 Totem 385.0 WOOD PROD LAB (506100),"","","",$equipRef $bmsName,"","","","","OFF,ON","",@p:ubcv:r:23f8ca14-33c02fe2 Wood Drying Laboratory AHU-01,✓,"","",@p:ubcv:r:23f8ca14-cb2bd4b1 Wood Drying Laboratory Air Systems,"",✓,2019-04-16T07:49:58-07:00 Los_Angeles,conn fault,"",4,2019-04-08T20:55:17-07:00 Los_Angeles,fault,"",Bool,2020-05-05T15:51:28.858-07:00 Los_Angeles,"","","","",Alarm,"",BV15,✓,"","","","","","","",✓,@p:ubcv:r:23f8c970-d1e27cd0 Wood Drying Laboratory,"",@p:ubcv:r:245ce60e-528dc0fe .+_AL_BV(_TL)?,"",Los_Angeles,"","","",2020-04-08T18:54:10.857Z UTC
@p:ubcv:r:23f8b507-c69a679d Wood Drying Laboratory AHU-01 385_OAT_GV,"","","",@p:ubcv:r:23f8b403-9480a010 Totem 385.0 WOOD PROD LAB (506100),TL37,✓,385_OAT_GV,"",@p:ubcv:r:23f8b403-9480a010 Totem 385.0 WOOD PROD LAB (506100),"","","",$equipRef $bmsName,"","","","","","",@p:ubcv:r:23f8ca14-33c02fe2 Wood Drying Laboratory AHU-01,✓,"","",@p:ubcv:r:23f8ca14-cb2bd4b1 Wood Drying Laboratory Air Systems,"",✓,2019-08-08T09:04:26-07:00 Los_Angeles,conn fault,"",4041,2019-02-09T16:40:32-08:00 Los_Angeles,fault,"",Number,2020-05-05T15:51:28.86-07:00 Los_Angeles,"","","","",385_OAT_GV,✓,AV1,✓,"","","","","","","","",@p:ubcv:r:23f8c970-d1e27cd0 Wood Drying Laboratory,"","","",Los_Angeles,_,"","",2020-04-09T19:15:03.551Z UTC
@p:ubcv:r:23f8b507-2656bc73 Wood Drying Laboratory AHU-01 385_AHU1_SWT,"","","",@p:ubcv:r:23f8b403-9480a010 Totem 385.0 WOOD PROD LAB (506100),TL12,✓,385_AHU1_SWT,"",@p:ubcv:r:23f8b403-9480a010 Totem 385.0 WOOD PROD LAB (506100),"","","",$equipRef $bmsName,"","","","","","",@p:ubcv:r:23f8ca14-33c02fe2 Wood Drying Laboratory AHU-01,✓,"","",@p:ubcv:r:23f8ca14-cb2bd4b1 Wood Drying Laboratory Air Systems,"",✓,2019-08-08T08:36:50-07:00 Los_Angeles,conn fault,"",11868,2019-02-13T18:26:52-08:00 Los_Angeles,fault,"",Number,2020-05-05T15:51:28.86-07:00 Los_Angeles,"","","","",385_AHU1_SWT,✓,AI15,✓,"","","","","","","","",@p:ubcv:r:23f8c970-d1e27cd0 Wood Drying Laboratory,"","","",Los_Angeles,_,"","",2020-04-09T19:15:03.552Z UTC
@p:ubcv:r:23f8b507-9cb4d686 Wood Drying Laboratory AHU-01 385_AHU1_RT,✓,"",✓,@p:ubcv:r:23f8b403-9480a010 Totem 385.0 WOOD PROD LAB (506100),TL15,✓,385_AHU1_RT,"",@p:ubcv:r:23f8b403-9480a010 Totem 385.0 WOOD PROD LAB (506100),"","","",$equipRef $bmsName,"","","","","","",@p:ubcv:r:23f8ca14-33c02fe2 Wood Drying Laboratory AHU-01,✓,"","",@p:ubcv:r:23f8ca14-cb2bd4b1 Wood Drying Laboratory Air Systems,"",✓,2019-08-08T07:20:30-07:00 Los_Angeles,conn fault,"",1182,2019-02-09T21:24:19-08:00 Los_Angeles,fault,"",Number,2020-05-05T15:51:28.86-07:00 Los_Angeles,2020-05-13T04:00:58.366-07:00 Los_Angeles,"","","",Average Zone Temp,"",AI201,✓,"","","","","","","",✓,@p:ubcv:r:23f8c970-d1e27cd0 Wood Drying Laboratory,"",@p:ubcv:r:244376a8-f0dfeae8 .+_RT(_AVG?)?(_LL\d+)?(_TL)?,✓,Los_Angeles,°C,"",✓,2020-05-13T11:00:58.367Z UTC
@p:ubcv:r:23f8b507-2c34b08b Wood Drying Laboratory Water Main Meter 385_WMTR_YEAR,"","","",@p:ubcv:r:23f8b403-9480a010 Totem 385.0 WOOD PROD LAB (506100),TL48,✓,385_WMTR_YEAR,"",@p:ubcv:r:23f8b403-9480a010 Totem 385.0 WOOD PROD LAB (506100),"","","",$equipRef $bmsName,"","","","","","",@p:ubcv:r:23f8cac1-8d609f40 Wood Drying Laboratory Water Main Meter,✓,"","",@p:ubcv:r:23f8cabf-2a327e7d Wood Drying Laboratory Hydronic Systems,"",✓,2019-07-16T00:00:00-07:00 Los_Angeles,conn fault,consumption,3,2019-03-23T00:00:00-07:00 Los_Angeles,fault,"",Number,2020-05-05T15:51:28.859-07:00 Los_Angeles,"","","","",385_WMTR_YEAR,✓,AV45,✓,"","","","","","","","",@p:ubcv:r:23f8c970-d1e27cd0 Wood Drying Laboratory,"","","",Los_Angeles,_,"","",2020-04-28T00:03:35.101Z UTC
@p:ubcv:r:23f8b507-f7a9ea6f Wood Drying Laboratory Water Main Meter 385_WMTR_FLOW,"","","",@p:ubcv:r:23f8b403-9480a010 Totem 385.0 WOOD PROD LAB (506100),TL43,✓,385_WMTR_FLOW,"",@p:ubcv:r:23f8b403-9480a010 Totem 385.0 WOOD PROD LAB (506100),"","","",$equipRef $bmsName,"","","","","","",@p:ubcv:r:23f8cac1-8d609f40 Wood Drying Laboratory Water Main Meter,✓,"","",@p:ubcv:r:23f8cabf-2a327e7d Wood Drying Laboratory Hydronic Systems,"",✓,2019-07-15T10:22:06-07:00 Los_Angeles,conn fault,consumption,6,2019-03-22T10:10:35-07:00 Los_Angeles,fault,"",Number,2020-05-05T15:51:28.859-07:00 Los_Angeles,"","","","",385_WMTR_FLOW,✓,AV40,✓,"","","","","","","","",@p:ubcv:r:23f8c970-d1e27cd0 Wood Drying Laboratory,"","","",Los_Angeles,_,"","",2020-04-28T00:03:35.102Z UTC
@p:ubcv:r:23f8b507-c9556867 Wood Drying Laboratory AHU-01 385_AHU1_FIL,"","","",@p:ubcv:r:23f8b403-9480a010 Totem 385.0 WOOD PROD LAB (506100),TL10,✓,385_AHU1_FIL,"",@p:ubcv:r:23f8b403-9480a010 Totem 385.0 WOOD PROD LAB (506100),"",✓,✓,$equipRef $bmsName,✓,"","","","","",@p:ubcv:r:23f8ca14-33c02fe2 Wood Drying Laboratory AHU-01,✓,"",✓,@p:ubcv:r:23f8ca14-cb2bd4b1 Wood Drying Laboratory Air Systems,50Pa,✓,2019-08-08T09:18:30-07:00 Los_Angeles,conn fault,"",199192,2019-02-14T13:22:47-08:00 Los_Angeles,fault,"",Number,2020-05-05T15:51:28.86-07:00 Los_Angeles,"","",0Pa,"",Discharge Air Filter DP,"",AI12,✓,"",✓,"","","","","",✓,@p:ubcv:r:23f8c970-d1e27cd0 Wood Drying Laboratory,"",@p:ubcv:r:23e65d0e-4bdac866 (.+)?AHU(_)?\d+[A-Z]?_FILT?_?(S|DP|PRES|DP)?(_TL)?,"",Los_Angeles,Pa,"","",2020-04-14T16:50:03.179Z UTC
@p:ubcv:r:23f8b507-8779c353 Wood Drying Laboratory Water Main Meter 385_WMTR_SPT,"","","",@p:ubcv:r:23f8b403-9480a010 Totem 385.0 WOOD PROD LAB (506100),TL57,✓,385_WMTR_SPT,"",@p:ubcv:r:23f8b403-9480a010 Totem 385.0 WOOD PROD LAB (506100),"","","",$equipRef $bmsName,"","","","","","",@p:ubcv:r:23f8cac1-8d609f40 Wood Drying Laboratory Water Main Meter,✓,"","",@p:ubcv:r:23f8cabf-2a327e7d Wood Drying Laboratory Hydronic Systems,"",✓,2019-08-08T09:18:00-07:00 Los_Angeles,conn fault,consumption,184069,2019-02-14T15:16:00-08:00 Los_Angeles,fault,"",Number,2020-05-05T15:51:28.86-07:00 Los_Angeles,"","","","",385_WMTR_SPT,✓,AV57,✓,"","","","","","","","",@p:ubcv:r:23f8c970-d1e27cd0 Wood Drying Laboratory,"","","",Los_Angeles,_,"","",2020-04-28T00:03:35.103Z UTC
@p:ubcv:r:23f8b507-b4822f74 Wood Drying Laboratory DES Connection 385_HX1_HTG_DMD,"","","",@p:ubcv:r:23f8b403-9480a010 Totem 385.0 WOOD PROD LAB (506100),TL25,✓,385_HX1_HTG_DMD,"",@p:ubcv:r:23f8b403-9480a010 Totem 385.0 WOOD PROD LAB (506100),"","","",$equipRef $bmsName,"","","","","OFF,ON","",@p:ubcv:r:23f8cabf-a6b11b89 Wood Drying Laboratory DES Connection,✓,"","",@p:ubcv:r:23f8cabf-2a327e7d Wood Drying Laboratory Hydronic Systems,"",✓,2019-07-30T07:01:18-07:00 Los_Angeles,conn fault,"",680,2019-02-10T08:30:32-08:00 Los_Angeles,fault,"",Bool,2020-05-05T15:51:28.859-07:00 Los_Angeles,"","","","",385_HX1_HTG_DMD,✓,BV3,✓,"","","","","","","","",@p:ubcv:r:23f8c970-d1e27cd0 Wood Drying Laboratory,"","","",Los_Angeles,"","","",2020-04-08T18:53:12.682Z UTC
@p:ubcv:r:23f8b507-4c0fd471 Wood Drying Laboratory DES Connection 385_HX1_HWST,"","","",@p:ubcv:r:23f8b403-9480a010 Totem 385.0 WOOD PROD LAB (506100),TL2,✓,385_HX1_HWST,"",@p:ubcv:r:23f8b403-9480a010 Totem 385.0 WOOD PROD LAB (506100),"","","",$equipRef $bmsName,"","","","","","",@p:ubcv:r:23f8cabf-a6b11b89 Wood Drying Laboratory DES Connection,✓,"","",@p:ubcv:r:23f8cabf-2a327e7d Wood Drying Laboratory Hydronic Systems,"",✓,2019-08-08T08:21:19-07:00 Los_Angeles,conn fault,"",184911,2019-02-14T14:34:09-08:00 Los_Angeles,fault,✓,Number,2020-05-05T15:51:28.86-07:00 Los_Angeles,"",✓,"","",Leaving Hot Water Temp,"",AI2,✓,"","","","","","","",✓,@p:ubcv:r:23f8c970-d1e27cd0 Wood Drying Laboratory,"",@p:ubcv:r:23e65d0e-90aebcb3 .+_HWST(_AV)?(_\d+)?(_TL)?,✓,Los_Angeles,°C,✓,"",2020-04-14T16:50:01.999Z UTC
@p:ubcv:r:23f8b507-e6e242b0 Wood Drying Laboratory Water Main Meter 385_WMTR_MAR,"","","",@p:ubcv:r:23f8b403-9480a010 Totem 385.0 WOOD PROD LAB (506100),TL51,✓,385_WMTR_MAR,"",@p:ubcv:r:23f8b403-9480a010 Totem 385.0 WOOD PROD LAB (506100),"","","",$equipRef $bmsName,"","","","","","",@p:ubcv:r:23f8cac1-8d609f40 Wood Drying Laboratory Water Main Meter,✓,"","",@p:ubcv:r:23f8cabf-2a327e7d Wood Drying Laboratory Hydronic Systems,"",✓,2019-04-01T00:00:00-07:00 Los_Angeles,conn fault,consumption,1,2019-04-01T00:00:00-07:00 Los_Angeles,fault,"",Number,2020-05-05T15:51:28.858-07:00 Los_Angeles,"","","","",385_WMTR_MAR,✓,AV51,✓,"","","","","","","","",@p:ubcv:r:23f8c970-d1e27cd0 Wood Drying Laboratory,"","","",Los_Angeles,_,"","",2020-04-28T00:03:35.104Z UTC
@p:ubcv:r:23f8b507-15ecd295 Wood Drying Laboratory Water Main Meter 385_WMTR_JAN,"","","",@p:ubcv:r:23f8b403-9480a010 Totem 385.0 WOOD PROD LAB (506100),TL49,✓,385_WMTR_JAN,"",@p:ubcv:r:23f8b403-9480a010 Totem 385.0 WOOD PROD LAB (506100),"","","",$equipRef $bmsName,"","","","","","",@p:ubcv:r:23f8cac1-8d609f40 Wood Drying Laboratory Water Main Meter,✓,"","",@p:ubcv:r:23f8cabf-2a327e7d Wood Drying Laboratory Hydronic Systems,"",✓,"",conn fault,consumption,"","",fault,"",Number,2020-05-05T15:51:28.86-07:00 Los_Angeles,"","","","",385_WMTR_JAN,✓,AV49,✓,"","","","","","","","",@p:ubcv:r:23f8c970-d1e27cd0 Wood Drying Laboratory,"","","",Los_Angeles,_,"","",2020-04-28T00:03:35.105Z UTC
@p:ubcv:r:23f8b507-9fafa587 Wood Drying Laboratory AHU-01 385_AHU1_WARM_UP_BV,"","","",@p:ubcv:r:23f8b403-9480a010 Totem 385.0 WOOD PROD LAB (506100),TL35,✓,385_AHU1_WARM_UP_BV,"",@p:ubcv:r:23f8b403-9480a010 Totem 385.0 WOOD PROD LAB (506100),"","","",$equipRef $bmsName,"","","","","OFF,ON","",@p:ubcv:r:23f8ca14-33c02fe2 Wood Drying Laboratory AHU-01,✓,"","",@p:ubcv:r:23f8ca14-cb2bd4b1 Wood Drying Laboratory Air Systems,"",✓,2019-04-29T07:11:52-07:00 Los_Angeles,conn fault,"",114,2019-02-10T08:30:00-08:00 Los_Angeles,fault,"",Bool,2020-05-05T15:51:28.858-07:00 Los_Angeles,"","","","",385_AHU1_WARM_UP_BV,✓,BV20,✓,"","","","","","","","",@p:ubcv:r:23f8c970-d1e27cd0 Wood Drying Laboratory,"","","",Los_Angeles,"","","",2020-04-08T18:54:17.625Z UTC
@p:ubcv:r:23f8b507-ce347c82 Wood Drying Laboratory Water Main Meter 385_WMTR_FEB,"","","",@p:ubcv:r:23f8b403-9480a010 Totem 385.0 WOOD PROD LAB (506100),TL50,✓,385_WMTR_FEB,"",@p:ubcv:r:23f8b403-9480a010 Totem 385.0 WOOD PROD LAB (506100),"","","",$equipRef $bmsName,"","","","","","",@p:ubcv:r:23f8cac1-8d609f40 Wood Drying Laboratory Water Main Meter,✓,"","",@p:ubcv:r:23f8cabf-2a327e7d Wood Drying Laboratory Hydronic Systems,"",✓,"",conn fault,consumption,"","",fault,"",Number,2020-05-05T15:51:28.86-07:00 Los_Angeles,"","","","",385_WMTR_FEB,✓,AV50,✓,"","","","","","","","",@p:ubcv:r:23f8c970-d1e27cd0 Wood Drying Laboratory,"","","",Los_Angeles,_,"","",2020-04-28T00:03:35.106Z UTC
@p:ubcv:r:23f8b507-d8bd1eb0 Wood Drying Laboratory AHU-01 P2 385_AHU1_P2_S,"","","",@p:ubcv:r:23f8b403-9480a010 Totem 385.0 WOOD PROD LAB (506100),TL11,✓,385_AHU1_P2_S,"",@p:ubcv:r:23f8b403-9480a010 Totem 385.0 WOOD PROD LAB (506100),"","","",$equipRef $equipName $bmsName,"","","","","",P2,@p:ubcv:r:23f8ca14-33c02fe2 Wood Drying Laboratory AHU-01,✓,"","",@p:ubcv:r:23f8ca14-cb2bd4b1 Wood Drying Laboratory Air Systems,"",✓,2019-07-30T07:02:37-07:00 Los_Angeles,conn fault,"",846,2019-02-09T15:38:49-08:00 Los_Angeles,fault,✓,Number,2020-05-05T15:51:28.86-07:00 Los_Angeles,"","","","",Run Status,"",AI13,✓,"","",✓,"",✓,"","",✓,@p:ubcv:r:23f8c970-d1e27cd0 Wood Drying Laboratory,"",@p:ubcv:r:2401fc01-30caa756 .+_PC?H?\d+[A-Z]?_P?S(_\d+)?(_TL)?,"",Los_Angeles,A,✓,"",2020-05-13T11:00:58.966Z UTC
@p:ubcv:r:23f8b507-ac64fda9 Wood Drying Laboratory Water Main Meter 385_WMTR_WEEK,"","","",@p:ubcv:r:23f8b403-9480a010 Totem 385.0 WOOD PROD LAB (506100),TL46,✓,385_WMTR_WEEK,"",@p:ubcv:r:23f8b403-9480a010 Totem 385.0 WOOD PROD LAB (506100),"","","",$equipRef $bmsName,"","","","","","",@p:ubcv:r:23f8cac1-8d609f40 Wood Drying Laboratory Water Main Meter,✓,"","",@p:ubcv:r:23f8cabf-2a327e7d Wood Drying Laboratory Hydronic Systems,"",✓,2019-07-22T00:00:10-07:00 Los_Angeles,conn fault,consumption,6,2019-03-23T00:00:00-07:00 Los_Angeles,fault,"",Number,2020-05-05T15:51:28.859-07:00 Los_Angeles,"","","","",385_WMTR_WEEK,✓,AV43,✓,"","","","","","","","",@p:ubcv:r:23f8c970-d1e27cd0 Wood Drying Laboratory,"","","",Los_Angeles,_,"","",2020-04-28T00:03:35.107Z UTC
@p:ubcv:r:23f8b507-8ec3e2b6 Wood Drying Laboratory Water Main Meter 385_WMTR_OCT,"","","",@p:ubcv:r:23f8b403-9480a010 Totem 385.0 WOOD PROD LAB (506100),TL58,✓,385_WMTR_OCT,"",@p:ubcv:r:23f8b403-9480a010 Totem 385.0 WOOD PROD LAB (506100),"","","",$equipRef $bmsName,"","","","","","",@p:ubcv:r:23f8cac1-8d609f40 Wood Drying Laboratory Water Main Meter,✓,"","",@p:ubcv:r:23f8cabf-2a327e7d Wood Drying Laboratory Hydronic Systems,"",✓,"",conn fault,consumption,"","",fault,"",Number,2020-05-05T15:51:28.86-07:00 Los_Angeles,"","","","",385_WMTR_OCT,✓,AV58,✓,"","","","","","","","",@p:ubcv:r:23f8c970-d1e27cd0 Wood Drying Laboratory,"","","",Los_Angeles,_,"","",2020-04-28T00:03:35.108Z UTC
@p:ubcv:r:23f8b507-729abe3c Wood Drying Laboratory AHU-01 385_AHU1_FZ,"","","",@p:ubcv:r:23f8b403-9480a010 Totem 385.0 WOOD PROD LAB (506100),TL17,✓,385_AHU1_FZ,"",@p:ubcv:r:23f8b403-9480a010 Totem 385.0 WOOD PROD LAB (506100),"","","",$equipRef $bmsName,"","","","","OFF,ON","",@p:ubcv:r:23f8ca14-33c02fe2 Wood Drying Laboratory AHU-01,✓,"","",@p:ubcv:r:23f8ca14-cb2bd4b1 Wood Drying Laboratory Air Systems,"",✓,"",conn fault,"","","",fault,"",Bool,2020-05-05T15:51:28.86-07:00 Los_Angeles,"","","","",385_AHU1_FZ,✓,BI11,✓,"","","","","","","","",@p:ubcv:r:23f8c970-d1e27cd0 Wood Drying Laboratory,"","","",Los_Angeles,"","","",2020-04-08T18:53:29.656Z UTC
@p:ubcv:r:23f8b507-a62e381c Wood Drying Laboratory AHU-01 385_AHU1_MAT,✓,"","",@p:ubcv:r:23f8b403-9480a010 Totem 385.0 WOOD PROD LAB (506100),TL8,✓,385_AHU1_MAT,"",@p:ubcv:r:23f8b403-9480a010 Totem 385.0 WOOD PROD LAB (506100),"","","",$equipRef $bmsName,"","","","","","",@p:ubcv:r:23f8ca14-33c02fe2 Wood Drying Laboratory AHU-01,✓,"","",@p:ubcv:r:23f8ca14-cb2bd4b1 Wood Drying Laboratory Air Systems,"",✓,2019-08-08T08:31:40-07:00 Los_Angeles,conn fault,"",8092,2019-02-09T15:38:04-08:00 Los_Angeles,fault,"",Number,2020-05-05T15:51:28.86-07:00 Los_Angeles,"","","",✓,Mixed Air Temp,"",AI9,✓,"","","","","","","",✓,@p:ubcv:r:23f8c970-d1e27cd0 Wood Drying Laboratory,"",@p:ubcv:r:23e65d0e-702bc10d .+_MAT(_TL)?,✓,Los_Angeles,°C,"","",2020-04-14T16:50:02.938Z UTC
@p:ubcv:r:23f8b507-a779670c Wood Drying Laboratory AHU-01 385_AHU1_NSB_HTG_EN,"","","",@p:ubcv:r:23f8b403-9480a010 Totem 385.0 WOOD PROD LAB (506100),TL30,✓,385_AHU1_NSB_HTG_EN,✓,@p:ubcv:r:23f8b403-9480a010 Totem 385.0 WOOD PROD LAB (506100),"","","",$equipRef $bmsName,"","",✓,"","OFF,ON","",@p:ubcv:r:23f8ca14-33c02fe2 Wood Drying Laboratory AHU-01,✓,"","",@p:ubcv:r:23f8ca14-cb2bd4b1 Wood Drying Laboratory Air Systems,"",✓,2019-05-29T15:18:14-07:00 Los_Angeles,conn fault,"",4,2019-04-16T07:49:58-07:00 Los_Angeles,fault,"",Bool,2020-05-05T15:51:28.859-07:00 Los_Angeles,"","","","",Enable Cmd,"",BV14,✓,"","","","","","","","",@p:ubcv:r:23f8c970-d1e27cd0 Wood Drying Laboratory,"",@p:ubcv:r:23e65d0e-5f12cf73 .+_EN(_TL)?,"",Los_Angeles,"","","",2020-04-08T18:54:12.906Z UTC
@p:ubcv:r:23f8b507-196ce449 Wood Drying Laboratory AHU-01 385_AHU1_SAT,✓,"","",@p:ubcv:r:23f8b403-9480a010 Totem 385.0 WOOD PROD LAB (506100),TL7,✓,385_AHU1_SAT,"",@p:ubcv:r:23f8b403-9480a010 Totem 385.0 WOOD PROD LAB (506100),"","","",$equipRef $bmsName,✓,"","","","","",@p:ubcv:r:23f8ca14-33c02fe2 Wood Drying Laboratory AHU-01,✓,"","",@p:ubcv:r:23f8ca14-cb2bd4b1 Wood Drying Laboratory Air Systems,"",✓,2019-08-08T07:23:53-07:00 Los_Angeles,conn fault,"",9655,2019-02-11T17:12:05-08:00 Los_Angeles,fault,"",Number,2020-05-05T15:51:28.86-07:00 Los_Angeles,"","","","",Discharge Air Temp,"",AI8,✓,"","","","","","","",✓,@p:ubcv:r:23f8c970-d1e27cd0 Wood Drying Laboratory,"",@p:ubcv:r:24c508d8-1a2e5947 .+_SAT(_MUX)?(_TL)?,✓,Los_Angeles,°C,"","",2020-04-14T16:50:00.125Z UTC
@p:ubcv:r:23f8b507-5cc6e428 Wood Drying Laboratory AHU-01 385_AHU1_FIL_FAIL_AL_BV,"",✓,"",@p:ubcv:r:23f8b403-9480a010 Totem 385.0 WOOD PROD LAB (506100),TL32,✓,385_AHU1_FIL_FAIL_AL_BV,"",@p:ubcv:r:23f8b403-9480a010 Totem 385.0 WOOD PROD LAB (506100),"","","",$equipRef $bmsName,"","","","","OFF,ON","",@p:ubcv:r:23f8ca14-33c02fe2 Wood Drying Laboratory AHU-01,✓,"","",@p:ubcv:r:23f8ca14-cb2bd4b1 Wood Drying Laboratory Air Systems,"",✓,"",conn fault,"","","",fault,"",Bool,2020-05-05T15:51:28.86-07:00 Los_Angeles,"","","","",Alarm,"",BV16,✓,"","","","","","","",✓,@p:ubcv:r:23f8c970-d1e27cd0 Wood Drying Laboratory,"",@p:ubcv:r:245ce60e-528dc0fe .+_AL_BV(_TL)?,"",Los_Angeles,"","","",2020-04-08T18:54:09.63Z UTC
@p:ubcv:r:23f8b507-8dfd1469 Wood Drying Laboratory AHU-01 SF 385_AHU1_SFS,✓,"","",@p:ubcv:r:23f8b403-9480a010 Totem 385.0 WOOD PROD LAB (506100),TL6,✓,385_AHU1_SFS,"",@p:ubcv:r:23f8b403-9480a010 Totem 385.0 WOOD PROD LAB (506100),"","","",$equipRef $bmsName,✓,"","","","","",@p:ubcv:r:25d7526b-6b52b739 Wood Drying Laboratory AHU-01 SF,✓,✓,"",@p:ubcv:r:23f8ca14-cb2bd4b1 Wood Drying Laboratory Air Systems,"",✓,2019-08-08T07:00:58-07:00 Los_Angeles,conn fault,"",636,2019-02-09T20:50:02-08:00 Los_Angeles,fault,"",Number,2020-05-05T15:51:28.86-07:00 Los_Angeles,"","","","",Discharge Fan Run Status,"",AI7,✓,"","","","",✓,✓,"",✓,@p:ubcv:r:23f8c970-d1e27cd0 Wood Drying Laboratory,"",@p:ubcv:r:241ae208-4afc4e5f .+_SF(\d?)S(_BV)?(_TL)?,"",Los_Angeles,_,"","",2020-04-14T16:50:00.93Z UTC
@p:ubcv:r:23f8b507-b9cbbc81 Wood Drying Laboratory AHU-01 385_AHU1_RT_SP,✓,"","",@p:ubcv:r:23f8b403-9480a010 Totem 385.0 WOOD PROD LAB (506100),TL40,✓,385_AHU1_RT_SP,"",@p:ubcv:r:23f8b403-9480a010 Totem 385.0 WOOD PROD LAB (506100),"","","",$equipRef $bmsName,"",✓,"","","","",@p:ubcv:r:23f8ca14-33c02fe2 Wood Drying Laboratory AHU-01,✓,"","",@p:ubcv:r:23f8ca14-cb2bd4b1 Wood Drying Laboratory Air Systems,"",✓,"",conn fault,"","","",fault,"",Number,2020-05-05T15:51:28.86-07:00 Los_Angeles,"","","","",Zone Temp Effective Sp,"",AV29,✓,"","","","","","","","",@p:ubcv:r:23f8c970-d1e27cd0 Wood Drying Laboratory,✓,@p:ubcv:r:23e65d0f-9a7e5f45 .+_RT_SP(_AV)?(_TL)?,✓,Los_Angeles,°C,"",✓,2020-04-14T16:50:01.864Z UTC
@p:ubcv:r:23f8b507-8e6987bb Wood Drying Laboratory AHU-01 385_AHU1_OVRD_EN,"","","",@p:ubcv:r:23f8b403-9480a010 Totem 385.0 WOOD PROD LAB (506100),TL34,✓,385_AHU1_OVRD_EN,✓,@p:ubcv:r:23f8b403-9480a010 Totem 385.0 WOOD PROD LAB (506100),"","","",$equipRef $bmsName,"","",✓,"","OFF,ON","",@p:ubcv:r:23f8ca14-33c02fe2 Wood Drying Laboratory AHU-01,✓,"","",@p:ubcv:r:23f8ca14-cb2bd4b1 Wood Drying Laboratory Air Systems,"",✓,"",conn fault,"","","",fault,"",Bool,2020-05-05T15:51:28.86-07:00 Los_Angeles,"","","","",Enable Cmd,"",BV19,✓,"","","","","","","","",@p:ubcv:r:23f8c970-d1e27cd0 Wood Drying Laboratory,"",@p:ubcv:r:23e65d0e-5f12cf73 .+_EN(_TL)?,"",Los_Angeles,"","","",2020-04-08T18:54:18.85Z UTC
@p:ubcv:r:23f8b507-eb752954 Wood Drying Laboratory Water Main Meter 385_WMTR_MAY,"","","",@p:ubcv:r:23f8b403-9480a010 Totem 385.0 WOOD PROD LAB (506100),TL53,✓,385_WMTR_MAY,"",@p:ubcv:r:23f8b403-9480a010 Totem 385.0 WOOD PROD LAB (506100),"","","",$equipRef $bmsName,"","","","","","",@p:ubcv:r:23f8cac1-8d609f40 Wood Drying Laboratory Water Main Meter,✓,"","",@p:ubcv:r:23f8cabf-2a327e7d Wood Drying Laboratory Hydronic Systems,"",✓,2019-06-01T00:00:00-07:00 Los_Angeles,conn fault,consumption,2,2019-04-16T07:49:58-07:00 Los_Angeles,fault,"",Number,2020-05-05T15:51:28.859-07:00 Los_Angeles,"","","","",385_WMTR_MAY,✓,AV53,✓,"","","","","","","","",@p:ubcv:r:23f8c970-d1e27cd0 Wood Drying Laboratory,"","","",Los_Angeles,_,"","",2020-04-28T00:03:35.109Z UTC
@p:ubcv:r:23f8b507-9d89530c Wood Drying Laboratory DES Connection 385_HX1_HX_DMD(OPTION),"","","",@p:ubcv:r:23f8b403-9480a010 Totem 385.0 WOOD PROD LAB (506100),TL38,✓,385_HX1_HX_DMD(OPTION),"",@p:ubcv:r:23f8b403-9480a010 Totem 385.0 WOOD PROD LAB (506100),"","","",$equipRef $bmsName,"","","","","","",@p:ubcv:r:23f8cabf-a6b11b89 Wood Drying Laboratory DES Connection,✓,"","",@p:ubcv:r:23f8cabf-2a327e7d Wood Drying Laboratory Hydronic Systems,"",✓,2019-07-30T07:01:37-07:00 Los_Angeles,conn fault,"",25403,2019-02-14T05:35:10-08:00 Los_Angeles,fault,"",Number,2020-05-05T15:51:28.859-07:00 Los_Angeles,"","","","",385_HX1_HX_DMD(OPTION),✓,AV2,✓,"","","","","","","","",@p:ubcv:r:23f8c970-d1e27cd0 Wood Drying Laboratory,"","","",Los_Angeles,_,"","",2020-04-09T19:15:03.57Z UTC
@p:ubcv:r:23f8b507-87c37734 Wood Drying Laboratory AHU-01 385_AHU1_RWT,"","","",@p:ubcv:r:23f8b403-9480a010 Totem 385.0 WOOD PROD LAB (506100),TL13,✓,385_AHU1_RWT,"",@p:ubcv:r:23f8b403-9480a010 Totem 385.0 WOOD PROD LAB (506100),"","","",$equipRef $bmsName,"","","","","","",@p:ubcv:r:23f8ca14-33c02fe2 Wood Drying Laboratory AHU-01,✓,"","",@p:ubcv:r:23f8ca14-cb2bd4b1 Wood Drying Laboratory Air Systems,"",✓,2019-08-08T08:54:44-07:00 Los_Angeles,conn fault,"",9062,2019-02-13T16:09:31-08:00 Los_Angeles,fault,"",Number,2020-05-05T15:51:28.86-07:00 Los_Angeles,"","","","",385_AHU1_RWT,✓,AI16,✓,"","","","","","","","",@p:ubcv:r:23f8c970-d1e27cd0 Wood Drying Laboratory,"","","",Los_Angeles,_,"","",2020-04-09T19:15:03.571Z UTC
@p:ubcv:r:23f8b507-35273691 Wood Drying Laboratory DES Connection 385_HX1_CV_1P,"","","",@p:ubcv:r:23f8b403-9480a010 Totem 385.0 WOOD PROD LAB (506100),TL18,✓,385_HX1_CV_1P,"",@p:ubcv:r:23f8b403-9480a010 Totem 385.0 WOOD PROD LAB (506100),"","","",$equipRef $bmsName,"","","","","","",@p:ubcv:r:23f8cabf-a6b11b89 Wood Drying Laboratory DES Connection,✓,"","",@p:ubcv:r:23f8cabf-2a327e7d Wood Drying Laboratory Hydronic Systems,"",✓,2019-08-08T00:26:55-07:00 Los_Angeles,conn fault,"",75087,2019-02-14T13:59:25-08:00 Los_Angeles,fault,"",Number,2020-05-05T15:51:28.86-07:00 Los_Angeles,"","","","",385_HX1_CV_1P,✓,AO2,✓,"","","","","","","","",@p:ubcv:r:23f8c970-d1e27cd0 Wood Drying Laboratory,"","","",Los_Angeles,_,"","",2020-04-09T19:15:03.572Z UTC
@p:ubcv:r:23f8b507-08eaa266 Wood Drying Laboratory Water Main Meter 385_WMTR_JUL,"","","",@p:ubcv:r:23f8b403-9480a010 Totem 385.0 WOOD PROD LAB (506100),TL55,✓,385_WMTR_JUL,"",@p:ubcv:r:23f8b403-9480a010 Totem 385.0 WOOD PROD LAB (506100),"","","",$equipRef $bmsName,"","","","","","",@p:ubcv:r:23f8cac1-8d609f40 Wood Drying Laboratory Water Main Meter,✓,"","",@p:ubcv:r:23f8cabf-2a327e7d Wood Drying Laboratory Hydronic Systems,"",✓,2019-08-01T00:00:00-07:00 Los_Angeles,conn fault,consumption,1,2019-08-01T00:00:00-07:00 Los_Angeles,fault,"",Number,2020-05-05T15:51:28.86-07:00 Los_Angeles,"","","","",385_WMTR_JUL,✓,AV55,✓,"","","","","","","","",@p:ubcv:r:23f8c970-d1e27cd0 Wood Drying Laboratory,"","","",Los_Angeles,_,"","",2020-04-28T00:03:35.11Z UTC
@p:ubcv:r:23f8b507-e06f0406 Wood Drying Laboratory AHU-01 P2 385_AHU1_P2_C,"","","",@p:ubcv:r:23f8b403-9480a010 Totem 385.0 WOOD PROD LAB (506100),TL23,✓,385_AHU1_P2_C,✓,@p:ubcv:r:23f8b403-9480a010 Totem 385.0 WOOD PROD LAB (506100),"","","",$equipRef $equipName $bmsName,"","","","","OFF,ON",P2,@p:ubcv:r:23f8ca14-33c02fe2 Wood Drying Laboratory AHU-01,✓,"","",@p:ubcv:r:23f8ca14-cb2bd4b1 Wood Drying Laboratory Air Systems,"",✓,2019-07-30T07:02:33-07:00 Los_Angeles,conn fault,"",846,2019-02-09T15:38:47-08:00 Los_Angeles,fault,✓,Bool,2020-05-05T15:51:28.859-07:00 Los_Angeles,"","","","",Run Cmd,"",BO6,✓,"","",✓,"",✓,"","","",@p:ubcv:r:23f8c970-d1e27cd0 Wood Drying Laboratory,"",@p:ubcv:r:244ba6df-17358a53 .+_PC?H?\d+[A-Z]?_P?C(_\d+)?(_TL)?,"",Los_Angeles,"",✓,"",2020-05-13T11:00:58.961Z UTC
@p:ubcv:r:23f8b507-e2723169 Wood Drying Laboratory AHU-01 385_AHU1_MAD,✓,"","",@p:ubcv:r:23f8b403-9480a010 Totem 385.0 WOOD PROD LAB (506100),TL19,✓,385_AHU1_MAD,✓,@p:ubcv:r:23f8b403-9480a010 Totem 385.0 WOOD PROD LAB (506100),✓,"","",$equipRef $bmsName,"","","","","","",@p:ubcv:r:23f8ca14-33c02fe2 Wood Drying Laboratory AHU-01,✓,"","",@p:ubcv:r:23f8ca14-cb2bd4b1 Wood Drying Laboratory Air Systems,"",✓,2019-08-08T07:45:00-07:00 Los_Angeles,conn fault,"",22198,2019-02-09T20:50:04-08:00 Los_Angeles,fault,"",Number,2020-05-05T15:51:28.86-07:00 Los_Angeles,"","","",✓,Mixed Air Damper Cmd,"",AO4,✓,"","","","","","","","",@p:ubcv:r:23f8c970-d1e27cd0 Wood Drying Laboratory,"",@p:ubcv:r:245cb36b-079a5e5e .+_MAD(_AV)?(_TL)?,"",Los_Angeles,%,"","",2020-04-14T16:50:02.054Z UTC
@p:ubcv:r:23f8b507-e4668976 Wood Drying Laboratory DES Connection P1 385_HX1_P1_S,"","","",@p:ubcv:r:23f8b403-9480a010 Totem 385.0 WOOD PROD LAB (506100),TL1,✓,385_HX1_P1_S,"",@p:ubcv:r:23f8b403-9480a010 Totem 385.0 WOOD PROD LAB (506100),"","","",$equipRef $equipName $bmsName,"","","","","",P1,@p:ubcv:r:23f8cabf-a6b11b89 Wood Drying Laboratory DES Connection,✓,"","",@p:ubcv:r:23f8cabf-2a327e7d Wood Drying Laboratory Hydronic Systems,"",✓,2019-08-08T00:09:05-07:00 Los_Angeles,conn fault,"",580,2019-04-16T07:49:58-07:00 Los_Angeles,fault,✓,Number,2020-05-05T15:51:28.86-07:00 Los_Angeles,"","","","",Run Status,"",AI1,✓,"","",✓,"",✓,"","",✓,@p:ubcv:r:23f8c970-d1e27cd0 Wood Drying Laboratory,"",@p:ubcv:r:2401fc01-30caa756 .+_PC?H?\d+[A-Z]?_P?S(_\d+)?(_TL)?,"",Los_Angeles,A,✓,"",2020-05-13T11:00:59.036Z UTC
@p:ubcv:r:23f8b507-835f82df Wood Drying Laboratory DES Connection 385_HX1_HWRT,"","","",@p:ubcv:r:23f8b403-9480a010 Totem 385.0 WOOD PROD LAB (506100),TL3,✓,385_HX1_HWRT,"",@p:ubcv:r:23f8b403-9480a010 Totem 385.0 WOOD PROD LAB (506100),"","","",$equipRef $bmsName,"","","",✓,"","",@p:ubcv:r:23f8cabf-a6b11b89 Wood Drying Laboratory DES Connection,✓,"","",@p:ubcv:r:23f8cabf-2a327e7d Wood Drying Laboratory Hydronic Systems,"",✓,2019-08-08T08:12:37-07:00 Los_Angeles,conn fault,"",55857,2019-02-14T13:28:17-08:00 Los_Angeles,fault,✓,Number,2020-05-05T15:51:28.86-07:00 Los_Angeles,"","","","",Entering Hot Water Temp,"",AI3,✓,"","","","","","","",✓,@p:ubcv:r:23f8c970-d1e27cd0 Wood Drying Laboratory,"",@p:ubcv:r:23e65d0e-2ae762c1 .+_HWRT(_AV)?(_\d+)?(_TL)?,✓,Los_Angeles,°C,✓,"",2020-04-14T16:50:02.981Z UTC
@p:ubcv:r:23f8b507-d06f73c1 Wood Drying Laboratory DES Connection 385_DHS_PRESS_DP,"","","",@p:ubcv:r:23f8b403-9480a010 Totem 385.0 WOOD PROD LAB (506100),TL42,✓,385_DHS_PRESS_DP,"",@p:ubcv:r:23f8b403-9480a010 Totem 385.0 WOOD PROD LAB (506100),"","","",$equipRef $bmsName,"","","","","","",@p:ubcv:r:23f8cabf-a6b11b89 Wood Drying Laboratory DES Connection,✓,"","",@p:ubcv:r:23f8cabf-2a327e7d Wood Drying Laboratory Hydronic Systems,"",✓,2019-08-08T09:15:40-07:00 Los_Angeles,conn fault,"",101284,2019-02-14T11:48:56-08:00 Los_Angeles,fault,"",Number,2020-05-05T15:51:28.86-07:00 Los_Angeles,"","","","",385_DHS_PRESS_DP,✓,AV33,✓,"","","","","","","","",@p:ubcv:r:23f8c970-d1e27cd0 Wood Drying Laboratory,"","","",Los_Angeles,_,"","",2020-04-09T19:15:03.577Z UTC
