id,air,alarm,bacnetConnRef,bacnetCur,bacnetHis,bacnetPoint,bmsName,cmd,connRef,curStatus,disMacro,discharge,effective,enable,entering,enum,equipName,equipRef,fan,groupRef,his,hisConvert,hisEnd,hisErr,hisSize,hisStart,hisStatus,hot,jci,kind,lastSynced,leaving,low,navName,noTagMatch,objectId,occ,outside,point,pump,run,scheduleOcc,scheduled,sensor,siteRef,sp,tagTableRef,tags,temp,tlName,tz,unit,water,zachName,mod
@p:ubcv:r:23d50f76-a982d1d1 Acadia Park HR Unsorted Points JCL-NAE10/FCB.Local Application.SHWS2-T,"","",@p:ubcv:r:21e6b134-33901f0e APHR (NAE-10),"",TL3000464,✓,JCL-NAE10/FCB.Local Application.SHWS2-T,"",@p:ubcv:r:21e6b134-33901f0e APHR (NAE-10),"",$equipRef $bmsName,"","","","","","",@p:ubcv:r:23d50ee7-2481e2c8 Acadia Park HR Unsorted Points,"",@p:ubcv:r:23d50ee7-2ee15173 Acadia Park HR Unsorted Points,✓,"",2020-05-12T14:00:00-07:00 Los_Angeles,"",23238,2019-01-13T15:00:00-08:00 Los_Angeles,ok,"",✓,Number,2020-05-12T14:00:20.774-07:00 Los_Angeles,"","",JCL-NAE10/FCB.Local Application.SHWS2-T,✓,AI3000121,"","",✓,"","","","","",@p:ubcv:r:23d509e0-23febac6 Acadia Park HR,"","","","",JCL-NAE10/FCB.Local Application.SHWS2-T.Trend1,Los_Angeles,°C,"",SHWS2-T,2020-04-09T19:01:58.599Z UTC
@p:ubcv:r:23d50f76-8fb92859 Acadia Park HR Unsorted Points JCL-NAE10/FCB.JCL-NAE10---FEC-06.SP1-A,"","",@p:ubcv:r:21e6b134-33901f0e APHR (NAE-10),"",TL3000068,✓,JCL-NAE10/FCB.JCL-NAE10---FEC-06.SP1-A,"",@p:ubcv:r:21e6b134-33901f0e APHR (NAE-10),"",$equipRef $bmsName,"","","","",",","",@p:ubcv:r:23d50ee7-2481e2c8 Acadia Park HR Unsorted Points,"",@p:ubcv:r:23d50ee7-2ee15173 Acadia Park HR Unsorted Points,✓,"","","bacnet::ConfirmedServiceErr: [15] svc=READ_RANGE cls=OBJECT code=UNKNOWN_OBJECT ","","",fault,"",✓,Bool,2020-05-12T12:37:47.641-07:00 Los_Angeles,"","",JCL-NAE10/FCB.JCL-NAE10---FEC-06.SP1-A,✓,BI3000030,"","",✓,"","","","","",@p:ubcv:r:23d509e0-23febac6 Acadia Park HR,"","","","","",Los_Angeles,"","","",2020-04-08T18:52:35.554Z UTC
@p:ubcv:r:23d50f76-4ba60121 Acadia Park HR Unsorted Points JCL-NAE10/FCB.Local Application.SHWP8-S,"","",@p:ubcv:r:21e6b134-33901f0e APHR (NAE-10),"",TL3000480,✓,JCL-NAE10/FCB.Local Application.SHWP8-S,"",@p:ubcv:r:21e6b134-33901f0e APHR (NAE-10),"",$equipRef $bmsName,"","","","","Off,On","",@p:ubcv:r:23d50ee7-2481e2c8 Acadia Park HR Unsorted Points,"",@p:ubcv:r:23d50ee7-2ee15173 Acadia Park HR Unsorted Points,✓,"",2020-01-11T16:55:06-08:00 Los_Angeles,"",4194,2019-03-19T16:30:12-07:00 Los_Angeles,ok,"",✓,Bool,2020-05-12T14:00:13.423-07:00 Los_Angeles,"","",JCL-NAE10/FCB.Local Application.SHWP8-S,✓,BI3000146,"","",✓,"","","","","",@p:ubcv:r:23d509e0-23febac6 Acadia Park HR,"","","","",JCL-NAE10/FCB.Local Application.SHWP8-S.Trend1,Los_Angeles,"","",SHWP8-S,2020-04-08T18:55:37.192Z UTC
@p:ubcv:r:23d50f76-9f3954df Acadia Park HR Unsorted Points JCL-NAE10/FCB.Local Application.ZN3DP-SP,"","",@p:ubcv:r:21e6b134-33901f0e APHR (NAE-10),"",TL3000501,✓,JCL-NAE10/FCB.Local Application.ZN3DP-SP,"",@p:ubcv:r:21e6b134-33901f0e APHR (NAE-10),"",$equipRef $bmsName,"","","","","","",@p:ubcv:r:23d50ee7-2481e2c8 Acadia Park HR Unsorted Points,"",@p:ubcv:r:23d50ee7-2ee15173 Acadia Park HR Unsorted Points,✓,"",2020-01-11T16:55:06-08:00 Los_Angeles,"",10,2019-05-31T14:36:13-07:00 Los_Angeles,ok,"",✓,Number,2020-05-12T14:00:13.433-07:00 Los_Angeles,"","",JCL-NAE10/FCB.Local Application.ZN3DP-SP,✓,AV3000189,"","",✓,"","","","","",@p:ubcv:r:23d509e0-23febac6 Acadia Park HR,"","","","",JCL-NAE10/FCB.Local Application.ZN3DP-SP.Trend1,Los_Angeles,kPa,"",ZN3DP-SP,2020-04-09T19:01:58.6Z UTC
@p:ubcv:r:23d50f76-6d0fcbb4 Acadia Park HR Unsorted Points JCL-NAE10/FCB.Local Application.BP2-O,"","",@p:ubcv:r:21e6b134-33901f0e APHR (NAE-10),"",TL3000483,✓,JCL-NAE10/FCB.Local Application.BP2-O,"",@p:ubcv:r:21e6b134-33901f0e APHR (NAE-10),"",$equipRef $bmsName,"","","","","","",@p:ubcv:r:23d50ee7-2481e2c8 Acadia Park HR Unsorted Points,"",@p:ubcv:r:23d50ee7-2ee15173 Acadia Park HR Unsorted Points,✓,"",2020-05-12T14:00:00-07:00 Los_Angeles,"",69220,2019-01-16T06:40:00-08:00 Los_Angeles,ok,"",✓,Number,2020-05-12T14:00:20.916-07:00 Los_Angeles,"","",JCL-NAE10/FCB.Local Application.BP2-O,✓,AO3000205,"","",✓,"","","","","",@p:ubcv:r:23d509e0-23febac6 Acadia Park HR,"","","","",JCL-NAE10/FCB.Local Application.BP2-O.Trend1,Los_Angeles,%,"",BP2-O,2020-04-09T19:01:58.601Z UTC
@p:ubcv:r:23d50f76-7ab078f0 Acadia Park HR Unsorted Points JCL-NAE10/FCB.JCL-NAE10 - FEC-05.DHWT2-T,"","",@p:ubcv:r:21e6b134-33901f0e APHR (NAE-10),"",TL3000512,✓,JCL-NAE10/FCB.JCL-NAE10 - FEC-05.DHWT2-T,"",@p:ubcv:r:21e6b134-33901f0e APHR (NAE-10),"",$equipRef $bmsName,"","","","","","",@p:ubcv:r:23d50ee7-2481e2c8 Acadia Park HR Unsorted Points,"",@p:ubcv:r:23d50ee7-2ee15173 Acadia Park HR Unsorted Points,✓,"",2020-05-12T14:00:00-07:00 Los_Angeles,"",23238,2019-01-13T15:00:00-08:00 Los_Angeles,ok,"",✓,Number,2020-05-12T14:00:20.782-07:00 Los_Angeles,"","",JCL-NAE10/FCB.JCL-NAE10 - FEC-05.DHWT2-T,✓,AI3000093,"","",✓,"","","","","",@p:ubcv:r:23d509e0-23febac6 Acadia Park HR,"","","","",JCL-NAE10/FCB.JCL-NAE10 - FEC-05.DHWT2-T.Trend1,Los_Angeles,°C,"",DHWT2-T,2020-04-09T19:01:58.602Z UTC
@p:ubcv:r:23d50f77-302ae4a9 Acadia Park HR Unsorted Points P11 JCL-NAE10/FCB.JCL-NAE10 - FEC-05.P11-S,"","",@p:ubcv:r:21e6b134-33901f0e APHR (NAE-10),"",TL3000522,✓,JCL-NAE10/FCB.JCL-NAE10 - FEC-05.P11-S,"",@p:ubcv:r:21e6b134-33901f0e APHR (NAE-10),"",$equipRef $equipName $bmsName,"","","","","Off,On",P11,@p:ubcv:r:23d50ee7-2481e2c8 Acadia Park HR Unsorted Points,"",@p:ubcv:r:23d50ee7-2ee15173 Acadia Park HR Unsorted Points,✓,"",2020-01-11T16:55:06-08:00 Los_Angeles,"",11,2019-05-31T14:36:14-07:00 Los_Angeles,ok,"",✓,Bool,2020-05-12T14:00:13.446-07:00 Los_Angeles,"","",Run Status,"",BI3000084,"","",✓,✓,✓,"","",✓,@p:ubcv:r:23d509e0-23febac6 Acadia Park HR,"",@p:ubcv:r:23e65d3d-742086c0 .+(\.|-|_)P\d+-(FS-)?S,"","",JCL-NAE10/FCB.JCL-NAE10 - FEC-05.P11-S.Trend1,Los_Angeles,"","",P11-S,2020-05-12T11:03:27.576Z UTC
@p:ubcv:r:23d50f76-eef40975 Acadia Park HR Unsorted Points P3 JCL-NAE10/FCB.JCL-NAE10 - FEC-05.P3-S,"","",@p:ubcv:r:21e6b134-33901f0e APHR (NAE-10),"",TL3000518,✓,JCL-NAE10/FCB.JCL-NAE10 - FEC-05.P3-S,"",@p:ubcv:r:21e6b134-33901f0e APHR (NAE-10),"",$equipRef $equipName $bmsName,"","","","","Off,On",P3,@p:ubcv:r:23d50ee7-2481e2c8 Acadia Park HR Unsorted Points,"",@p:ubcv:r:23d50ee7-2ee15173 Acadia Park HR Unsorted Points,✓,"",2020-02-15T14:12:07-08:00 Los_Angeles,"",13550,2019-02-20T21:29:34-08:00 Los_Angeles,ok,"",✓,Bool,2020-05-12T14:00:13.643-07:00 Los_Angeles,"","",Run Status,"",BI3000081,"","",✓,✓,✓,"","",✓,@p:ubcv:r:23d509e0-23febac6 Acadia Park HR,"",@p:ubcv:r:23e65d3d-742086c0 .+(\.|-|_)P\d+-(FS-)?S,"","",JCL-NAE10/FCB.JCL-NAE10 - FEC-05.P3-S.Trend1,Los_Angeles,"","",P3-S,2020-05-12T11:03:27.728Z UTC
@p:ubcv:r:23d50f76-e8e3f406 Acadia Park HR Unsorted Points JCL-NAE10/FCB.Local Application.BP2-S,"","",@p:ubcv:r:21e6b134-33901f0e APHR (NAE-10),"",TL3000475,✓,JCL-NAE10/FCB.Local Application.BP2-S,"",@p:ubcv:r:21e6b134-33901f0e APHR (NAE-10),"",$equipRef $bmsName,"","","","","Off,On","",@p:ubcv:r:23d50ee7-2481e2c8 Acadia Park HR Unsorted Points,"",@p:ubcv:r:23d50ee7-2ee15173 Acadia Park HR Unsorted Points,✓,"",2020-05-12T13:59:08-07:00 Los_Angeles,"",7814,2019-03-18T14:34:55-07:00 Los_Angeles,ok,"",✓,Bool,2020-05-12T14:00:13.758-07:00 Los_Angeles,"","",JCL-NAE10/FCB.Local Application.BP2-S,✓,BI3000134,"","",✓,"","","","","",@p:ubcv:r:23d509e0-23febac6 Acadia Park HR,"","","","",JCL-NAE10/FCB.Local Application.BP2-S.Trend1,Los_Angeles,"","",BP2-S,2020-04-08T18:55:36.777Z UTC
@p:ubcv:r:24ccc7ca-8ad5d7e8 Acadia Park HR Unsorted Points JCL-NAE10/FCB.JCL-NAE10 - FEC-06.Sump ALARM,"","",@p:ubcv:r:21e6b134-33901f0e APHR (NAE-10),"",TL3000901,✓,JCL-NAE10/FCB.JCL-NAE10 - FEC-06.Sump ALARM,"",@p:ubcv:r:21e6b134-33901f0e APHR (NAE-10),"",$equipRef $bmsName,"","","","","Normal,Alarm","",@p:ubcv:r:23d50ee7-2481e2c8 Acadia Park HR Unsorted Points,"",@p:ubcv:r:23d50ee7-2ee15173 Acadia Park HR Unsorted Points,✓,"-1 enumNumberToStr(self, false)",2020-02-25T18:39:29-08:00 Los_Angeles,"",24,2019-10-24T12:38:25-07:00 Los_Angeles,ok,"",✓,Str,2020-05-12T14:00:13.666-07:00 Los_Angeles,"","",JCL-NAE10/FCB.JCL-NAE10 - FEC-06.Sump ALARM,✓,MSV3000564,"","",✓,"","","","","",@p:ubcv:r:23d509e0-23febac6 Acadia Park HR,"","","","",JCL-NAE10/FCB.JCL-NAE10 - FEC-06.Sump ALARM.Trend1,Los_Angeles,"","",Sump ALARM,2020-04-08T18:50:09.261Z UTC
@p:ubcv:r:23d50f76-bbb62b97 Acadia Park HR Unsorted Points P10 JCL-NAE10/FCB.JCL-NAE10 - FEC-05.P10-C,"","",@p:ubcv:r:21e6b134-33901f0e APHR (NAE-10),"",TL3000519,✓,JCL-NAE10/FCB.JCL-NAE10 - FEC-05.P10-C,✓,@p:ubcv:r:21e6b134-33901f0e APHR (NAE-10),"",$equipRef $equipName $bmsName,"","","","","Off,On",P10,@p:ubcv:r:23d50ee7-2481e2c8 Acadia Park HR Unsorted Points,"",@p:ubcv:r:23d50ee7-2ee15173 Acadia Park HR Unsorted Points,✓,"",2020-01-11T16:55:06-08:00 Los_Angeles,"",11,2019-05-31T14:36:14-07:00 Los_Angeles,ok,"",✓,Bool,2020-05-12T14:00:13.459-07:00 Los_Angeles,"","",Run Cmd,"",BO3000080,"","",✓,✓,✓,"","","",@p:ubcv:r:23d509e0-23febac6 Acadia Park HR,"",@p:ubcv:r:23e65d3d-604110c2 .+(\.|-|_)C?H?P\d+(-)?C,"","","",Los_Angeles,"","","",2020-05-12T11:03:27.766Z UTC
@p:ubcv:r:23d50f76-4024c620 Acadia Park HR Unsorted Points JCL-NAE10/FCB.Local Application.ZN2DP-SP,"","",@p:ubcv:r:21e6b134-33901f0e APHR (NAE-10),"",TL3000499,✓,JCL-NAE10/FCB.Local Application.ZN2DP-SP,"",@p:ubcv:r:21e6b134-33901f0e APHR (NAE-10),"",$equipRef $bmsName,"","","","","","",@p:ubcv:r:23d50ee7-2481e2c8 Acadia Park HR Unsorted Points,"",@p:ubcv:r:23d50ee7-2ee15173 Acadia Park HR Unsorted Points,✓,"",2020-01-11T16:55:06-08:00 Los_Angeles,"",10,2019-05-31T14:36:13-07:00 Los_Angeles,ok,"",✓,Number,2020-05-12T14:00:13.47-07:00 Los_Angeles,"","",JCL-NAE10/FCB.Local Application.ZN2DP-SP,✓,AV3000180,"","",✓,"","","","","",@p:ubcv:r:23d509e0-23febac6 Acadia Park HR,"","","","",JCL-NAE10/FCB.Local Application.ZN2DP-SP.Trend1,Los_Angeles,kPa,"",ZN2DP-SP,2020-04-09T19:01:58.603Z UTC
@p:ubcv:r:23d50fca-ea305fbc Acadia Park HR Unsorted Points JCL-NAE10/FCB.JCL-NAE10 - FEC-06.EAF3-S,"","",@p:ubcv:r:21e6b134-33901f0e APHR (NAE-10),"",TL3000541,✓,JCL-NAE10/FCB.JCL-NAE10 - FEC-06.EAF3-S,"",@p:ubcv:r:21e6b134-33901f0e APHR (NAE-10),"",$equipRef $bmsName,"","","","","Off,On","",@p:ubcv:r:23d50ee7-2481e2c8 Acadia Park HR Unsorted Points,"",@p:ubcv:r:23d50ee7-2ee15173 Acadia Park HR Unsorted Points,✓,"",2020-04-10T22:01:57-07:00 Los_Angeles,"",44598,2019-01-17T04:25:34-08:00 Los_Angeles,ok,"",✓,Bool,2020-05-12T14:00:13.703-07:00 Los_Angeles,"","",JCL-NAE10/FCB.JCL-NAE10 - FEC-06.EAF3-S,✓,BI3000040,"","",✓,"","","","","",@p:ubcv:r:23d509e0-23febac6 Acadia Park HR,"","","","",JCL-NAE10/FCB.JCL-NAE10 - FEC-06.EAF3-S.Trend1,Los_Angeles,"","",EF Systems.EAF3-S,2020-04-08T18:55:25.602Z UTC
@p:ubcv:r:23d50f76-322edb0b Acadia Park HR Unsorted Points JCL-NAE10/FCB.Local Application.SHWP5-O,"","",@p:ubcv:r:21e6b134-33901f0e APHR (NAE-10),"",TL3000485,✓,JCL-NAE10/FCB.Local Application.SHWP5-O,"",@p:ubcv:r:21e6b134-33901f0e APHR (NAE-10),"",$equipRef $bmsName,"","","","","","",@p:ubcv:r:23d50ee7-2481e2c8 Acadia Park HR Unsorted Points,"",@p:ubcv:r:23d50ee7-2ee15173 Acadia Park HR Unsorted Points,✓,"",2020-05-12T14:00:00-07:00 Los_Angeles,"",69220,2019-01-16T06:40:00-08:00 Los_Angeles,ok,"",✓,Number,2020-05-12T14:00:20.924-07:00 Los_Angeles,"","",JCL-NAE10/FCB.Local Application.SHWP5-O,✓,AO3000140,"","",✓,"","","","","",@p:ubcv:r:23d509e0-23febac6 Acadia Park HR,"","","","",JCL-NAE10/FCB.Local Application.SHWP5-O.Trend1,Los_Angeles,%,"",SHWP5-O,2020-04-09T19:01:58.604Z UTC
@p:ubcv:r:23d50f76-de5069d8 Acadia Park HR Unsorted Points JCL-NAE10/FCB.Local Application.OA-T,✓,"",@p:ubcv:r:21e6b134-33901f0e APHR (NAE-10),"",TL3000495,✓,JCL-NAE10/FCB.Local Application.OA-T,"",@p:ubcv:r:21e6b134-33901f0e APHR (NAE-10),"",$equipRef $bmsName,"","","","","","",@p:ubcv:r:23d50ee7-2481e2c8 Acadia Park HR Unsorted Points,"",@p:ubcv:r:23d50ee7-2ee15173 Acadia Park HR Unsorted Points,✓,"",2020-05-12T14:00:00-07:00 Los_Angeles,"",23238,2019-01-13T15:00:00-08:00 Los_Angeles,ok,"",✓,Number,2020-05-12T14:00:20.79-07:00 Los_Angeles,"","",Outside Air Temp,"",AV3000165,"",✓,✓,"","","","",✓,@p:ubcv:r:23d509e0-23febac6 Acadia Park HR,"",@p:ubcv:r:23e65d3d-5671e7b8 .+(\.|-| |_)OA(_|-)T,"",✓,JCL-NAE10/FCB.Local Application.OA-T.Trend1,Los_Angeles,°C,"",OA-T,2020-04-09T19:01:58.605Z UTC
@p:ubcv:r:23d50f02-fa851367 Acadia Park HR Unsorted Points JCL-NAE10/FCB.JCL-NAE10 - FEC-07.OA-T,✓,"",@p:ubcv:r:21e6b134-33901f0e APHR (NAE-10),"",TL3000042,✓,JCL-NAE10/FCB.JCL-NAE10 - FEC-07.OA-T,"",@p:ubcv:r:21e6b134-33901f0e APHR (NAE-10),"",$equipRef $bmsName,"","","","","","",@p:ubcv:r:23d50ee7-2481e2c8 Acadia Park HR Unsorted Points,"",@p:ubcv:r:23d50ee7-2ee15173 Acadia Park HR Unsorted Points,✓,"",2020-05-12T14:00:00-07:00 Los_Angeles,"",68076,2019-01-18T06:40:00-08:00 Los_Angeles,ok,"",✓,Number,2020-05-12T14:00:20.931-07:00 Los_Angeles,"","",Outside Air Temp,"",AI3000018,"",✓,✓,"","","","",✓,@p:ubcv:r:23d509e0-23febac6 Acadia Park HR,"",@p:ubcv:r:23e65d3d-5671e7b8 .+(\.|-| |_)OA(_|-)T,"",✓,JCL-NAE10/FCB.JCL-NAE10 - FEC-07.OA-T.Trend1,Los_Angeles,°C,"",MUA-01.OA-T,2020-04-09T19:01:58.606Z UTC
@p:ubcv:r:23d50f76-2fe7aba9 Acadia Park HR Unsorted Points JCL-NAE10/FCB.JCL-NAE10 - FEC-05.DHW-T1,"","",@p:ubcv:r:21e6b134-33901f0e APHR (NAE-10),"",TL3000509,✓,JCL-NAE10/FCB.JCL-NAE10 - FEC-05.DHW-T1,"",@p:ubcv:r:21e6b134-33901f0e APHR (NAE-10),"",$equipRef $bmsName,"","","","","","",@p:ubcv:r:23d50ee7-2481e2c8 Acadia Park HR Unsorted Points,"",@p:ubcv:r:23d50ee7-2ee15173 Acadia Park HR Unsorted Points,✓,"",2020-05-12T14:00:00-07:00 Los_Angeles,"",23238,2019-01-13T15:00:00-08:00 Los_Angeles,ok,"",✓,Number,2020-05-12T14:00:20.797-07:00 Los_Angeles,"","",JCL-NAE10/FCB.JCL-NAE10 - FEC-05.DHW-T1,✓,AI3000090,"","",✓,"","","","","",@p:ubcv:r:23d509e0-23febac6 Acadia Park HR,"","","","",JCL-NAE10/FCB.JCL-NAE10 - FEC-05.DHW-T1.Trend1,Los_Angeles,°C,"",DHW-T1,2020-04-09T19:01:58.607Z UTC
@p:ubcv:r:23d50f76-24468380 Acadia Park HR Unsorted Points P2 JCL-NAE10/FCB.JCL-NAE10 - FEC-05.P2-S,"","",@p:ubcv:r:21e6b134-33901f0e APHR (NAE-10),"",TL3000515,✓,JCL-NAE10/FCB.JCL-NAE10 - FEC-05.P2-S,"",@p:ubcv:r:21e6b134-33901f0e APHR (NAE-10),"",$equipRef $equipName $bmsName,"","","","","Off,On",P2,@p:ubcv:r:23d50ee7-2481e2c8 Acadia Park HR Unsorted Points,"",@p:ubcv:r:23d50ee7-2ee15173 Acadia Park HR Unsorted Points,✓,"",2020-05-12T13:57:08-07:00 Los_Angeles,"",41160,2019-01-17T06:11:03-08:00 Los_Angeles,ok,"",✓,Bool,2020-05-12T14:00:20.865-07:00 Los_Angeles,"","",Run Status,"",BI3000078,"","",✓,✓,✓,"","",✓,@p:ubcv:r:23d509e0-23febac6 Acadia Park HR,"",@p:ubcv:r:23e65d3d-742086c0 .+(\.|-|_)P\d+-(FS-)?S,"","",JCL-NAE10/FCB.JCL-NAE10 - FEC-05.P2-S.Trend1,Los_Angeles,"","",P2-S,2020-05-12T11:03:27.542Z UTC
@p:ubcv:r:23d50f76-23bbe621 Acadia Park HR Unsorted Points JCL-NAE10/FCB.Local Application.SHWP6-S,"","",@p:ubcv:r:21e6b134-33901f0e APHR (NAE-10),"",TL3000478,✓,JCL-NAE10/FCB.Local Application.SHWP6-S,"",@p:ubcv:r:21e6b134-33901f0e APHR (NAE-10),"",$equipRef $bmsName,"","","","","Off,On","",@p:ubcv:r:23d50ee7-2481e2c8 Acadia Park HR Unsorted Points,"",@p:ubcv:r:23d50ee7-2ee15173 Acadia Park HR Unsorted Points,✓,"",2020-01-11T16:55:05-08:00 Los_Angeles,"",567,2019-03-19T16:30:13-07:00 Los_Angeles,ok,"",✓,Bool,2020-05-12T14:00:13.316-07:00 Los_Angeles,"","",JCL-NAE10/FCB.Local Application.SHWP6-S,✓,BI3000118,"","",✓,"","","","","",@p:ubcv:r:23d509e0-23febac6 Acadia Park HR,"","","","",JCL-NAE10/FCB.Local Application.SHWP6-S.Trend1,Los_Angeles,"","",SHWP6-S,2020-04-08T18:55:37.018Z UTC
@p:ubcv:r:23d50fca-1cf5ecdb Acadia Park HR Unsorted Points JCL-NAE10/FCB.JCL-NAE10 - FEC-06.EAF1-S,"","",@p:ubcv:r:21e6b134-33901f0e APHR (NAE-10),"",TL3000535,✓,JCL-NAE10/FCB.JCL-NAE10 - FEC-06.EAF1-S,"",@p:ubcv:r:21e6b134-33901f0e APHR (NAE-10),"",$equipRef $bmsName,"","","","","Off,On","",@p:ubcv:r:23d50ee7-2481e2c8 Acadia Park HR Unsorted Points,"",@p:ubcv:r:23d50ee7-2ee15173 Acadia Park HR Unsorted Points,✓,"",2020-01-11T16:55:07-08:00 Los_Angeles,"",8,2019-05-31T14:36:15-07:00 Los_Angeles,ok,"",✓,Bool,2020-05-12T14:00:13.521-07:00 Los_Angeles,"","",JCL-NAE10/FCB.JCL-NAE10 - FEC-06.EAF1-S,✓,BI3000033,"","",✓,"","","","","",@p:ubcv:r:23d509e0-23febac6 Acadia Park HR,"","","","",JCL-NAE10/FCB.JCL-NAE10 - FEC-06.EAF1-S.Trend1,Los_Angeles,"","",EF Systems.EAF1-S,2020-04-08T18:55:25.464Z UTC
@p:ubcv:r:23d50f76-f3734a58 Acadia Park HR Unsorted Points JCL-NAE10/FCB.JCL-NAE10---FEC-07.EFFDAT-SP,✓,"",@p:ubcv:r:21e6b134-33901f0e APHR (NAE-10),"",TL3000052,✓,JCL-NAE10/FCB.JCL-NAE10---FEC-07.EFFDAT-SP,"",@p:ubcv:r:21e6b134-33901f0e APHR (NAE-10),"",$equipRef $bmsName,✓,✓,"","","","",@p:ubcv:r:23d50ee7-2481e2c8 Acadia Park HR Unsorted Points,"",@p:ubcv:r:23d50ee7-2ee15173 Acadia Park HR Unsorted Points,✓,"",2019-01-25T12:00:00-08:00 Los_Angeles,"bacnet::ConfirmedServiceErr: [13] svc=READ_RANGE cls=OBJECT code=UNKNOWN_OBJECT ",1041,2019-01-18T06:40:00-08:00 Los_Angeles,fault,"",✓,Number,2020-05-12T12:37:47.628-07:00 Los_Angeles,"","",Discharge Air Temp Effective Sp,"",AV3000027,"","",✓,"","","","","",@p:ubcv:r:23d509e0-23febac6 Acadia Park HR,✓,@p:ubcv:r:23e65d3d-79dbc720 .+(\.|-| )EFFDAT-SP,"",✓,"",Los_Angeles,°C,"","",2020-04-14T16:50:01.243Z UTC
@p:ubcv:r:23d50f76-97e14988 Acadia Park HR Unsorted Points JCL-NAE10/FCB.Local Application.HW3-DP,"","",@p:ubcv:r:21e6b134-33901f0e APHR (NAE-10),"",TL3000467,✓,JCL-NAE10/FCB.Local Application.HW3-DP,"",@p:ubcv:r:21e6b134-33901f0e APHR (NAE-10),"",$equipRef $bmsName,"","","","","","",@p:ubcv:r:23d50ee7-2481e2c8 Acadia Park HR Unsorted Points,"",@p:ubcv:r:23d50ee7-2ee15173 Acadia Park HR Unsorted Points,✓,"",2020-05-12T14:00:00-07:00 Los_Angeles,"",69220,2019-01-16T06:40:00-08:00 Los_Angeles,ok,"",✓,Number,2020-05-12T14:00:20.94-07:00 Los_Angeles,"","",JCL-NAE10/FCB.Local Application.HW3-DP,✓,AI3000143,"","",✓,"","","","","",@p:ubcv:r:23d509e0-23febac6 Acadia Park HR,"","","","",JCL-NAE10/FCB.Local Application.HW3-DP.Trend1,Los_Angeles,kPa,"",HW3-DP,2020-04-09T19:01:58.609Z UTC
@p:ubcv:r:23d50f76-cc78e779 Acadia Park HR Unsorted Points JCL-NAE10/FCB.Local Application.EMER-STOP,"","",@p:ubcv:r:21e6b134-33901f0e APHR (NAE-10),"",TL3000493,✓,JCL-NAE10/FCB.Local Application.EMER-STOP,"",@p:ubcv:r:21e6b134-33901f0e APHR (NAE-10),"",$equipRef $bmsName,"","","","","Shutdown,Enable","",@p:ubcv:r:23d50ee7-2481e2c8 Acadia Park HR Unsorted Points,"",@p:ubcv:r:23d50ee7-2ee15173 Acadia Park HR Unsorted Points,✓,"",2020-01-11T16:55:05-08:00 Los_Angeles,"",10,2019-05-31T14:36:13-07:00 Los_Angeles,ok,"",✓,Bool,2020-05-12T14:00:13.326-07:00 Los_Angeles,"","",JCL-NAE10/FCB.Local Application.EMER-STOP,✓,BI3000138,"","",✓,"","","","","",@p:ubcv:r:23d509e0-23febac6 Acadia Park HR,"","","","",JCL-NAE10/FCB.Local Application.EMER-STOP.Trend1,Los_Angeles,"","",EMER-STOP,2020-04-08T18:55:36.511Z UTC
@p:ubcv:r:23d50f76-a815b51a Acadia Park HR Unsorted Points JCL-NAE10/FCB.Local Application.SHWP4-C,"","",@p:ubcv:r:21e6b134-33901f0e APHR (NAE-10),"",TL3000469,✓,JCL-NAE10/FCB.Local Application.SHWP4-C,"",@p:ubcv:r:21e6b134-33901f0e APHR (NAE-10),"",$equipRef $bmsName,"","","","","Off,On","",@p:ubcv:r:23d50ee7-2481e2c8 Acadia Park HR Unsorted Points,"",@p:ubcv:r:23d50ee7-2ee15173 Acadia Park HR Unsorted Points,✓,"",2020-01-11T16:55:05-08:00 Los_Angeles,"",254,2019-05-31T14:36:12-07:00 Los_Angeles,ok,"",✓,Bool,2020-05-12T14:00:13.336-07:00 Los_Angeles,"","",JCL-NAE10/FCB.Local Application.SHWP4-C,✓,BO3000110,"","",✓,"","","","","",@p:ubcv:r:23d509e0-23febac6 Acadia Park HR,"","","","","",Los_Angeles,"","","",2020-04-08T18:55:36.656Z UTC
@p:ubcv:r:23d50f77-7c68414f Acadia Park HR Unsorted Points JCL-NAE10/FCB.JCL-NAE10 - FEC-07.SHWS1-T,"","",@p:ubcv:r:21e6b134-33901f0e APHR (NAE-10),"",TL3000530,✓,JCL-NAE10/FCB.JCL-NAE10 - FEC-07.SHWS1-T,"",@p:ubcv:r:21e6b134-33901f0e APHR (NAE-10),"",$equipRef $bmsName,"","","","","","",@p:ubcv:r:23d50ee7-2481e2c8 Acadia Park HR Unsorted Points,"",@p:ubcv:r:23d50ee7-2ee15173 Acadia Park HR Unsorted Points,✓,"",2020-05-12T14:00:00-07:00 Los_Angeles,"",46311,2019-01-15T02:45:00-08:00 Los_Angeles,ok,"",✓,Number,2020-05-12T14:00:20.875-07:00 Los_Angeles,"","",JCL-NAE10/FCB.JCL-NAE10 - FEC-07.SHWS1-T,✓,AI3000210,"","",✓,"","","","","",@p:ubcv:r:23d509e0-23febac6 Acadia Park HR,"","","","",JCL-NAE10/FCB.JCL-NAE10 - FEC-07.SHWS1-T.Trend1,Los_Angeles,°C,"",SHWS1-T,2020-04-09T19:01:58.61Z UTC
@p:ubcv:r:23d50f77-ef9143c7 Acadia Park HR Unsorted Points JCL-NAE10/FCB.JCL-NAE10 - FEC-05.SHWP3-O,"","",@p:ubcv:r:21e6b134-33901f0e APHR (NAE-10),"",TL3000524,✓,JCL-NAE10/FCB.JCL-NAE10 - FEC-05.SHWP3-O,"",@p:ubcv:r:21e6b134-33901f0e APHR (NAE-10),"",$equipRef $bmsName,"","","","","","",@p:ubcv:r:23d50ee7-2481e2c8 Acadia Park HR Unsorted Points,"",@p:ubcv:r:23d50ee7-2ee15173 Acadia Park HR Unsorted Points,✓,"",2020-05-12T14:00:00-07:00 Los_Angeles,"",69220,2019-01-16T06:40:00-08:00 Los_Angeles,ok,"",✓,Number,2020-05-12T14:00:20.947-07:00 Los_Angeles,"","",JCL-NAE10/FCB.JCL-NAE10 - FEC-05.SHWP3-O,✓,AO3000202,"","",✓,"","","","","",@p:ubcv:r:23d509e0-23febac6 Acadia Park HR,"","","","",JCL-NAE10/FCB.JCL-NAE10 - FEC-05.SHWP3-O.Trend1,Los_Angeles,%,"",SHWP3-O,2020-04-09T19:01:58.611Z UTC
@p:ubcv:r:23d50f76-61a4e098 Acadia Park HR Unsorted Points JCL-NAE10/FCB.Local Application.SHWP8-O,"","",@p:ubcv:r:21e6b134-33901f0e APHR (NAE-10),"",TL3000488,✓,JCL-NAE10/FCB.Local Application.SHWP8-O,"",@p:ubcv:r:21e6b134-33901f0e APHR (NAE-10),"",$equipRef $bmsName,"","","","","","",@p:ubcv:r:23d50ee7-2481e2c8 Acadia Park HR Unsorted Points,"",@p:ubcv:r:23d50ee7-2ee15173 Acadia Park HR Unsorted Points,✓,"",2020-05-12T14:00:00-07:00 Los_Angeles,"",69220,2019-01-16T06:40:00-08:00 Los_Angeles,ok,"",✓,Number,2020-05-12T14:00:20.955-07:00 Los_Angeles,"","",JCL-NAE10/FCB.Local Application.SHWP8-O,✓,AO3000122,"","",✓,"","","","","",@p:ubcv:r:23d509e0-23febac6 Acadia Park HR,"","","","",JCL-NAE10/FCB.Local Application.SHWP8-O.Trend1,Los_Angeles,%,"",SHWP8-O,2020-04-09T19:01:58.612Z UTC
@p:ubcv:r:23d50fca-6761178e Acadia Park HR Unsorted Points JCL-NAE10/FCB.JCL-NAE10 - FEC-06.EAF1-C,"","",@p:ubcv:r:21e6b134-33901f0e APHR (NAE-10),"",TL3000536,✓,JCL-NAE10/FCB.JCL-NAE10 - FEC-06.EAF1-C,"",@p:ubcv:r:21e6b134-33901f0e APHR (NAE-10),"",$equipRef $bmsName,"","","","","Off,On","",@p:ubcv:r:23d50ee7-2481e2c8 Acadia Park HR Unsorted Points,"",@p:ubcv:r:23d50ee7-2ee15173 Acadia Park HR Unsorted Points,✓,"",2020-01-11T16:55:07-08:00 Los_Angeles,"",8,2019-05-31T14:36:15-07:00 Los_Angeles,ok,"",✓,Bool,2020-05-12T14:00:13.533-07:00 Los_Angeles,"","",JCL-NAE10/FCB.JCL-NAE10 - FEC-06.EAF1-C,✓,BO3000035,"","",✓,"","","","","",@p:ubcv:r:23d509e0-23febac6 Acadia Park HR,"","","","","",Los_Angeles,"","","",2020-04-08T18:55:25.441Z UTC
@p:ubcv:r:23d50f76-555bfde8 Acadia Park HR Unsorted Points JCL-NAE10/FCB.Local Application.BYPV3-O,"","",@p:ubcv:r:21e6b134-33901f0e APHR (NAE-10),"",TL3000492,✓,JCL-NAE10/FCB.Local Application.BYPV3-O,"",@p:ubcv:r:21e6b134-33901f0e APHR (NAE-10),"",$equipRef $bmsName,"","","","","","",@p:ubcv:r:23d50ee7-2481e2c8 Acadia Park HR Unsorted Points,"",@p:ubcv:r:23d50ee7-2ee15173 Acadia Park HR Unsorted Points,✓,"",2020-05-12T14:00:00-07:00 Los_Angeles,"",69220,2019-01-16T06:40:00-08:00 Los_Angeles,ok,"",✓,Number,2020-05-12T14:00:20.962-07:00 Los_Angeles,"","",JCL-NAE10/FCB.Local Application.BYPV3-O,✓,AO3000144,"","",✓,"","","","","",@p:ubcv:r:23d509e0-23febac6 Acadia Park HR,"","","","",JCL-NAE10/FCB.Local Application.BYPV3-O.Trend1,Los_Angeles,%,"",BYPV3-O,2020-04-09T19:01:58.613Z UTC
@p:ubcv:r:23d50f77-1aa86ffb Acadia Park HR Unsorted Points JCL-NAE10/FCB.JCL-NAE10 - FEC-07.SF-C,✓,"",@p:ubcv:r:21e6b134-33901f0e APHR (NAE-10),"",TL3000529,✓,JCL-NAE10/FCB.JCL-NAE10 - FEC-07.SF-C,✓,@p:ubcv:r:21e6b134-33901f0e APHR (NAE-10),"",$equipRef $bmsName,✓,"","","","Off,On","",@p:ubcv:r:23d50ee7-2481e2c8 Acadia Park HR Unsorted Points,✓,@p:ubcv:r:23d50ee7-2ee15173 Acadia Park HR Unsorted Points,✓,"",2020-01-11T16:55:07-08:00 Los_Angeles,"",15,2019-01-25T12:01:56-08:00 Los_Angeles,ok,"",✓,Bool,2020-05-12T14:00:13.544-07:00 Los_Angeles,"","",Discharge Fan Run Cmd,"",BO3000020,"","",✓,"",✓,"","","",@p:ubcv:r:23d509e0-23febac6 Acadia Park HR,"",@p:ubcv:r:23e65d3d-2b48d00a .+(\.|-| )SF(\d+)?-C,"","","",Los_Angeles,"","","",2020-04-08T18:55:25.018Z UTC
@p:ubcv:r:23d50f76-f439f171 Acadia Park HR Unsorted Points JCL-NAE10/FCB.Local Application.SHWP9-C,"","",@p:ubcv:r:21e6b134-33901f0e APHR (NAE-10),"",TL3000473,✓,JCL-NAE10/FCB.Local Application.SHWP9-C,"",@p:ubcv:r:21e6b134-33901f0e APHR (NAE-10),"",$equipRef $bmsName,"","","","","Off,On","",@p:ubcv:r:23d50ee7-2481e2c8 Acadia Park HR Unsorted Points,"",@p:ubcv:r:23d50ee7-2ee15173 Acadia Park HR Unsorted Points,✓,"",2020-05-12T13:32:26-07:00 Los_Angeles,"",373,2019-05-31T14:36:12-07:00 Los_Angeles,ok,"",✓,Bool,2020-05-12T14:00:21.18-07:00 Los_Angeles,"","",JCL-NAE10/FCB.Local Application.SHWP9-C,✓,BO3000147,"","",✓,"","","","","",@p:ubcv:r:23d509e0-23febac6 Acadia Park HR,"","","","","",Los_Angeles,"","","",2020-04-08T18:55:36.809Z UTC
@p:ubcv:r:23d50fcb-9699ffa6 Acadia Park HR Unsorted Points JCL-NAE10/FCB.JCL-NAE10 - FEC-06.RAD-C,"","",@p:ubcv:r:21e6b134-33901f0e APHR (NAE-10),"",TL3000658,✓,JCL-NAE10/FCB.JCL-NAE10 - FEC-06.RAD-C,"",@p:ubcv:r:21e6b134-33901f0e APHR (NAE-10),"",$equipRef $bmsName,"","","","","Normal,Alarm","",@p:ubcv:r:23d50ee7-2481e2c8 Acadia Park HR Unsorted Points,"",@p:ubcv:r:23d50ee7-2ee15173 Acadia Park HR Unsorted Points,✓,"",2020-02-25T18:39:29-08:00 Los_Angeles,"",26,2019-05-31T14:36:15-07:00 Los_Angeles,ok,"",✓,Bool,2020-05-12T14:00:13.678-07:00 Los_Angeles,"","",JCL-NAE10/FCB.JCL-NAE10 - FEC-06.RAD-C,✓,BO3000457,"","",✓,"","","","","",@p:ubcv:r:23d509e0-23febac6 Acadia Park HR,"","","","","",Los_Angeles,"","","",2020-04-08T18:55:29.469Z UTC
@p:ubcv:r:23d50f76-535a0778 Acadia Park HR Unsorted Points JCL-NAE10/FCB.Local Application.HTGOATLOCKOUT-SP,"","",@p:ubcv:r:21e6b134-33901f0e APHR (NAE-10),"",TL3000494,✓,JCL-NAE10/FCB.Local Application.HTGOATLOCKOUT-SP,"",@p:ubcv:r:21e6b134-33901f0e APHR (NAE-10),"",$equipRef $bmsName,"","","","","","",@p:ubcv:r:23d50ee7-2481e2c8 Acadia Park HR Unsorted Points,"",@p:ubcv:r:23d50ee7-2ee15173 Acadia Park HR Unsorted Points,✓,"",2020-01-11T16:55:06-08:00 Los_Angeles,"",10,2019-05-31T14:36:13-07:00 Los_Angeles,ok,"",✓,Number,2020-05-12T14:00:13.481-07:00 Los_Angeles,"","",JCL-NAE10/FCB.Local Application.HTGOATLOCKOUT-SP,✓,AV3000163,"","",✓,"","","","","",@p:ubcv:r:23d509e0-23febac6 Acadia Park HR,"","","","",JCL-NAE10/FCB.Local Application.HTGOATLOCKOUT-SP.Trend1,Los_Angeles,°C,"",HTGOATLOCKOUT-SP,2020-04-09T19:01:58.614Z UTC
@p:ubcv:r:23d50f76-aba1d1c9 Acadia Park HR Unsorted Points P11 JCL-NAE10/FCB.JCL-NAE10 - FEC-05.P11-C,"","",@p:ubcv:r:21e6b134-33901f0e APHR (NAE-10),"",TL3000521,✓,JCL-NAE10/FCB.JCL-NAE10 - FEC-05.P11-C,✓,@p:ubcv:r:21e6b134-33901f0e APHR (NAE-10),"",$equipRef $equipName $bmsName,"","","","","Off,On",P11,@p:ubcv:r:23d50ee7-2481e2c8 Acadia Park HR Unsorted Points,"",@p:ubcv:r:23d50ee7-2ee15173 Acadia Park HR Unsorted Points,✓,"",2020-01-11T16:55:06-08:00 Los_Angeles,"",11,2019-05-31T14:36:14-07:00 Los_Angeles,ok,"",✓,Bool,2020-05-12T14:00:13.491-07:00 Los_Angeles,"","",Run Cmd,"",BO3000082,"","",✓,✓,✓,"","","",@p:ubcv:r:23d509e0-23febac6 Acadia Park HR,"",@p:ubcv:r:23e65d3d-604110c2 .+(\.|-|_)C?H?P\d+(-)?C,"","","",Los_Angeles,"","","",2020-05-12T11:03:27.877Z UTC
@p:ubcv:r:23d50fca-6c18d37d Acadia Park HR Unsorted Points JCL-NAE10/FCB.JCL-NAE10 - FEC-06.EAF2-C,"","",@p:ubcv:r:21e6b134-33901f0e APHR (NAE-10),"",TL3000534,✓,JCL-NAE10/FCB.JCL-NAE10 - FEC-06.EAF2-C,"",@p:ubcv:r:21e6b134-33901f0e APHR (NAE-10),"",$equipRef $bmsName,"","","","","Off,On","",@p:ubcv:r:23d50ee7-2481e2c8 Acadia Park HR Unsorted Points,"",@p:ubcv:r:23d50ee7-2ee15173 Acadia Park HR Unsorted Points,✓,"",2020-01-11T16:55:07-08:00 Los_Angeles,"",8,2019-05-31T14:36:15-07:00 Los_Angeles,ok,"",✓,Bool,2020-05-12T14:00:13.556-07:00 Los_Angeles,"","",JCL-NAE10/FCB.JCL-NAE10 - FEC-06.EAF2-C,✓,BO3000034,"","",✓,"","","","","",@p:ubcv:r:23d509e0-23febac6 Acadia Park HR,"","","","","",Los_Angeles,"","","",2020-04-08T18:55:25.496Z UTC
@p:ubcv:r:23d50f76-fd5fa071 Acadia Park HR Unsorted Points JCL-NAE10/FCB.Local Application.SHWP9-O,"","",@p:ubcv:r:21e6b134-33901f0e APHR (NAE-10),"",TL3000489,✓,JCL-NAE10/FCB.Local Application.SHWP9-O,"",@p:ubcv:r:21e6b134-33901f0e APHR (NAE-10),"",$equipRef $bmsName,"","","","","","",@p:ubcv:r:23d50ee7-2481e2c8 Acadia Park HR Unsorted Points,"",@p:ubcv:r:23d50ee7-2ee15173 Acadia Park HR Unsorted Points,✓,"",2020-05-12T14:00:00-07:00 Los_Angeles,"",69220,2019-01-16T06:40:00-08:00 Los_Angeles,ok,"",✓,Number,2020-05-12T14:00:20.969-07:00 Los_Angeles,"","",JCL-NAE10/FCB.Local Application.SHWP9-O,✓,AO3000123,"","",✓,"","","","","",@p:ubcv:r:23d509e0-23febac6 Acadia Park HR,"","","","",JCL-NAE10/FCB.Local Application.SHWP9-O.Trend1,Los_Angeles,%,"",SHWP9-O,2020-04-09T19:01:58.615Z UTC
@p:ubcv:r:23d50f76-c9688bd0 Acadia Park HR Unsorted Points JCL-NAE10/FCB.Local Application.HW1-DP,"","",@p:ubcv:r:21e6b134-33901f0e APHR (NAE-10),"",TL3000465,✓,JCL-NAE10/FCB.Local Application.HW1-DP,"",@p:ubcv:r:21e6b134-33901f0e APHR (NAE-10),"",$equipRef $bmsName,"","","","","","",@p:ubcv:r:23d50ee7-2481e2c8 Acadia Park HR Unsorted Points,"",@p:ubcv:r:23d50ee7-2ee15173 Acadia Park HR Unsorted Points,✓,"",2020-05-12T14:00:00-07:00 Los_Angeles,"",69220,2019-01-16T06:40:00-08:00 Los_Angeles,ok,"",✓,Number,2020-05-12T14:00:20.979-07:00 Los_Angeles,"","",JCL-NAE10/FCB.Local Application.HW1-DP,✓,AI3000108,"","",✓,"","","","","",@p:ubcv:r:23d509e0-23febac6 Acadia Park HR,"","","","",JCL-NAE10/FCB.Local Application.HW1-DP.Trend1,Los_Angeles,kPa,"",HW1-DP,2020-04-09T19:01:58.616Z UTC
@p:ubcv:r:24edab6a-e4844538 Acadia Park HR Unsorted Points JCL-NAE10/Schedule.MUA-01 TOD Schedule,"","",@p:ubcv:r:21e6b134-33901f0e APHR (NAE-10),SCH3000908,"",✓,JCL-NAE10/Schedule.MUA-01 TOD Schedule,"",@p:ubcv:r:21e6b134-33901f0e APHR (NAE-10),unknown,$equipRef $bmsName,"","","","","","",@p:ubcv:r:23d50ee7-2481e2c8 Acadia Park HR Unsorted Points,"",@p:ubcv:r:23d50ee7-2ee15173 Acadia Park HR Unsorted Points,✓,"",2019-08-21T08:45:00-07:00 Los_Angeles,"",198,2019-08-19T12:10:00-07:00 Los_Angeles,"","",✓,Number,"","","",Scheduled Occupancy,"","","","",✓,"","",✓,"","",@p:ubcv:r:23d509e0-23febac6 Acadia Park HR,"","","","","",Los_Angeles,°C,"","",2020-03-12T18:51:41.043Z UTC
@p:ubcv:r:23d50f76-d8a0b1bf Acadia Park HR Unsorted Points JCL-NAE10/FCB.JCL-NAE10 - FEC-05.DHWT1-T,"","",@p:ubcv:r:21e6b134-33901f0e APHR (NAE-10),"",TL3000511,✓,JCL-NAE10/FCB.JCL-NAE10 - FEC-05.DHWT1-T,"",@p:ubcv:r:21e6b134-33901f0e APHR (NAE-10),"",$equipRef $bmsName,"","","","","","",@p:ubcv:r:23d50ee7-2481e2c8 Acadia Park HR Unsorted Points,"",@p:ubcv:r:23d50ee7-2ee15173 Acadia Park HR Unsorted Points,✓,"",2020-05-12T14:00:00-07:00 Los_Angeles,"",23238,2019-01-13T15:00:00-08:00 Los_Angeles,ok,"",✓,Number,2020-05-12T14:00:20.804-07:00 Los_Angeles,"","",JCL-NAE10/FCB.JCL-NAE10 - FEC-05.DHWT1-T,✓,AI3000092,"","",✓,"","","","","",@p:ubcv:r:23d509e0-23febac6 Acadia Park HR,"","","","",JCL-NAE10/FCB.JCL-NAE10 - FEC-05.DHWT1-T.Trend1,Los_Angeles,°C,"",DHWT1-T,2020-04-09T19:01:58.617Z UTC
@p:ubcv:r:23d50fcb-adc87c5c Acadia Park HR Unsorted Points JCL-NAE10/FCB.Local Application.ZN1 SP,"","",@p:ubcv:r:21e6b134-33901f0e APHR (NAE-10),"",TL3000783,✓,JCL-NAE10/FCB.Local Application.ZN1 SP,"",@p:ubcv:r:21e6b134-33901f0e APHR (NAE-10),"",$equipRef $bmsName,"","","","","","",@p:ubcv:r:23d50ee7-2481e2c8 Acadia Park HR Unsorted Points,"",@p:ubcv:r:23d50ee7-2ee15173 Acadia Park HR Unsorted Points,✓,"",2020-05-12T14:00:00-07:00 Los_Angeles,"",68668,2019-01-17T14:40:00-08:00 Los_Angeles,ok,"",✓,Number,2020-05-12T14:00:20.987-07:00 Los_Angeles,"","",JCL-NAE10/FCB.Local Application.ZN1 SP,✓,AV3000776,"","",✓,"","","","","",@p:ubcv:r:23d509e0-23febac6 Acadia Park HR,"","","","",JCL-NAE10/FCB.Local Application.ZN1 SP.Trend1,Los_Angeles,°C,"",ZN1 SP,2020-04-09T19:01:58.618Z UTC
@p:ubcv:r:23d50f76-50362fa4 Acadia Park HR Unsorted Points JCL-NAE10/FCB.Local Application.SHWP4-S,"","",@p:ubcv:r:21e6b134-33901f0e APHR (NAE-10),"",TL3000476,✓,JCL-NAE10/FCB.Local Application.SHWP4-S,"",@p:ubcv:r:21e6b134-33901f0e APHR (NAE-10),"",$equipRef $bmsName,"","","","","Off,On","",@p:ubcv:r:23d50ee7-2481e2c8 Acadia Park HR Unsorted Points,"",@p:ubcv:r:23d50ee7-2ee15173 Acadia Park HR Unsorted Points,✓,"",2020-01-11T16:55:05-08:00 Los_Angeles,"",258,2019-02-21T12:32:10-08:00 Los_Angeles,ok,"",✓,Bool,2020-05-12T14:00:13.347-07:00 Los_Angeles,"","",JCL-NAE10/FCB.Local Application.SHWP4-S,✓,BI3000111,"","",✓,"","","","","",@p:ubcv:r:23d509e0-23febac6 Acadia Park HR,"","","","",JCL-NAE10/FCB.Local Application.SHWP4-S.Trend1,Los_Angeles,"","",SHWP4-S,2020-04-08T18:55:36.765Z UTC
@p:ubcv:r:23d50fcb-ae1729ad Acadia Park HR Unsorted Points JCL-NAE10/FCB.Local Application.HW-WM.Trend1,"","",@p:ubcv:r:21e6b134-33901f0e APHR (NAE-10),"",TL3000785,✓,JCL-NAE10/FCB.Local Application.HW-WM.Trend1,"",@p:ubcv:r:21e6b134-33901f0e APHR (NAE-10),"",$equipRef $bmsName,"","","","","","",@p:ubcv:r:23d50ee7-2481e2c8 Acadia Park HR Unsorted Points,"",@p:ubcv:r:23d50ee7-2ee15173 Acadia Park HR Unsorted Points,✓,"",2020-05-12T14:00:00-07:00 Los_Angeles,"",40518,2019-08-01T16:20:00-07:00 Los_Angeles,ok,"",✓,Number,2020-05-12T14:00:20.995-07:00 Los_Angeles,"","",JCL-NAE10/FCB.Local Application.HW-WM.Trend1,✓,"","","",✓,"","","","","",@p:ubcv:r:23d509e0-23febac6 Acadia Park HR,"","",✓,"","",Los_Angeles,_,"","",2020-04-09T19:15:03.605Z UTC
@p:ubcv:r:23d50f76-cc4364a5 Acadia Park HR Unsorted Points JCL-NAE10/FCB.Local Application.HWR-T,"","",@p:ubcv:r:21e6b134-33901f0e APHR (NAE-10),"",TL3000459,✓,JCL-NAE10/FCB.Local Application.HWR-T,"",@p:ubcv:r:21e6b134-33901f0e APHR (NAE-10),"",$equipRef $bmsName,"","","",✓,"","",@p:ubcv:r:23d50ee7-2481e2c8 Acadia Park HR Unsorted Points,"",@p:ubcv:r:23d50ee7-2ee15173 Acadia Park HR Unsorted Points,✓,"",2020-05-12T14:00:00-07:00 Los_Angeles,"",23238,2019-01-13T15:00:00-08:00 Los_Angeles,ok,✓,✓,Number,2020-05-12T14:00:20.812-07:00 Los_Angeles,"","",Entering Hot Water Temp,"",AI3000127,"","",✓,"","","","",✓,@p:ubcv:r:23d509e0-23febac6 Acadia Park HR,"",@p:ubcv:r:23e65d3d-5ed87758 .+(\.|-| |_)HWR\d?-T,"",✓,JCL-NAE10/FCB.Local Application.HWR-T.Trend1,Los_Angeles,°C,✓,HWR-T,2020-04-09T19:01:58.62Z UTC
@p:ubcv:r:23d50f76-103f63c0 Acadia Park HR Unsorted Points JCL-NAE10/FCB.JCL-NAE10 - FEC-07.DA-T,✓,"",@p:ubcv:r:21e6b134-33901f0e APHR (NAE-10),"",TL3000044,✓,JCL-NAE10/FCB.JCL-NAE10 - FEC-07.DA-T,"",@p:ubcv:r:21e6b134-33901f0e APHR (NAE-10),"",$equipRef $bmsName,✓,"","","","","",@p:ubcv:r:23d50ee7-2481e2c8 Acadia Park HR Unsorted Points,"",@p:ubcv:r:23d50ee7-2ee15173 Acadia Park HR Unsorted Points,✓,"",2020-05-12T14:00:00-07:00 Los_Angeles,"",68076,2019-01-18T06:40:00-08:00 Los_Angeles,ok,"",✓,Number,2020-05-12T14:00:21.008-07:00 Los_Angeles,"","",Discharge Air Temp,"",AI3000019,"","",✓,"","","","",✓,@p:ubcv:r:23d509e0-23febac6 Acadia Park HR,"",@p:ubcv:r:23e65d3d-72a583d5 .+(\.|-| |_)(D|S)A\d?-T,"",✓,JCL-NAE10/FCB.JCL-NAE10 - FEC-07.DA-T.Trend1,Los_Angeles,°C,"",MUA-01.DA-T,2020-04-09T19:01:58.621Z UTC
@p:ubcv:r:23d50f76-ee412c1f Acadia Park HR Unsorted Points JCL-NAE10/FCB.JCL-NAE10 - FEC-07.PH-O (NV),"","",@p:ubcv:r:21e6b134-33901f0e APHR (NAE-10),"",TL3000050,✓,JCL-NAE10/FCB.JCL-NAE10 - FEC-07.PH-O (NV),"",@p:ubcv:r:21e6b134-33901f0e APHR (NAE-10),"",$equipRef $bmsName,"","","","","","",@p:ubcv:r:23d50ee7-2481e2c8 Acadia Park HR Unsorted Points,"",@p:ubcv:r:23d50ee7-2ee15173 Acadia Park HR Unsorted Points,✓,"",2020-05-12T14:00:00-07:00 Los_Angeles,"",68076,2019-01-18T06:40:00-08:00 Los_Angeles,ok,"",✓,Number,2020-05-12T14:00:21.016-07:00 Los_Angeles,"","",JCL-NAE10/FCB.JCL-NAE10 - FEC-07.PH-O (NV),✓,AV3000025,"","",✓,"","","","","",@p:ubcv:r:23d509e0-23febac6 Acadia Park HR,"","","","",JCL-NAE10/FCB.JCL-NAE10 - FEC-07.PH-O (NV).Trend1,Los_Angeles,%,"",MUA-01.PH-O (NV),2020-04-09T19:01:58.622Z UTC
@p:ubcv:r:23d50f77-12ce1417 Acadia Park HR Unsorted Points P12 JCL-NAE10/FCB.JCL-NAE10 - FEC-05.P12-S,"","",@p:ubcv:r:21e6b134-33901f0e APHR (NAE-10),"",TL3000523,✓,JCL-NAE10/FCB.JCL-NAE10 - FEC-05.P12-S,"",@p:ubcv:r:21e6b134-33901f0e APHR (NAE-10),"",$equipRef $equipName $bmsName,"","","","","Off,On",P12,@p:ubcv:r:23d50ee7-2481e2c8 Acadia Park HR Unsorted Points,"",@p:ubcv:r:23d50ee7-2ee15173 Acadia Park HR Unsorted Points,✓,"",2020-05-12T13:57:13-07:00 Los_Angeles,"",58849,2019-01-18T05:18:48-08:00 Los_Angeles,ok,"",✓,Bool,2020-05-12T14:00:21.195-07:00 Los_Angeles,"","",Run Status,"",BI3000079,"","",✓,✓,✓,"","",✓,@p:ubcv:r:23d509e0-23febac6 Acadia Park HR,"",@p:ubcv:r:23e65d3d-742086c0 .+(\.|-|_)P\d+-(FS-)?S,"","",JCL-NAE10/FCB.JCL-NAE10 - FEC-05.P12-S.Trend1,Los_Angeles,"","",P12-S,2020-05-12T11:03:27.836Z UTC
@p:ubcv:r:23d50f76-31277737 Acadia Park HR Unsorted Points JCL-NAE10/FCB.Local Application.ZN1DP-SP,"","",@p:ubcv:r:21e6b134-33901f0e APHR (NAE-10),"",TL3000496,✓,JCL-NAE10/FCB.Local Application.ZN1DP-SP,"",@p:ubcv:r:21e6b134-33901f0e APHR (NAE-10),"",$equipRef $bmsName,"","","","","","",@p:ubcv:r:23d50ee7-2481e2c8 Acadia Park HR Unsorted Points,"",@p:ubcv:r:23d50ee7-2ee15173 Acadia Park HR Unsorted Points,✓,"",2020-01-11T16:55:06-08:00 Los_Angeles,"",10,2019-05-31T14:36:13-07:00 Los_Angeles,ok,"",✓,Number,2020-05-12T14:00:13.501-07:00 Los_Angeles,"","",JCL-NAE10/FCB.Local Application.ZN1DP-SP,✓,AV3000171,"","",✓,"","","","","",@p:ubcv:r:23d509e0-23febac6 Acadia Park HR,"","","","",JCL-NAE10/FCB.Local Application.ZN1DP-SP.Trend1,Los_Angeles,kPa,"",ZN1DP-SP,2020-04-09T19:01:58.623Z UTC
@p:ubcv:r:23d50f76-50373854 Acadia Park HR Unsorted Points JCL-NAE10/FCB.Local Application.BP1-O,"","",@p:ubcv:r:21e6b134-33901f0e APHR (NAE-10),"",TL3000482,✓,JCL-NAE10/FCB.Local Application.BP1-O,"",@p:ubcv:r:21e6b134-33901f0e APHR (NAE-10),"",$equipRef $bmsName,"","","","","","",@p:ubcv:r:23d50ee7-2481e2c8 Acadia Park HR Unsorted Points,"",@p:ubcv:r:23d50ee7-2ee15173 Acadia Park HR Unsorted Points,✓,"",2020-05-12T14:00:00-07:00 Los_Angeles,"",69220,2019-01-16T06:40:00-08:00 Los_Angeles,ok,"",✓,Number,2020-05-12T14:00:21.023-07:00 Los_Angeles,"","",JCL-NAE10/FCB.Local Application.BP1-O,✓,AO3000206,"","",✓,"","","","","",@p:ubcv:r:23d509e0-23febac6 Acadia Park HR,"","","","",JCL-NAE10/FCB.Local Application.BP1-O.Trend1,Los_Angeles,%,"",BP1-O,2020-04-09T19:01:58.624Z UTC
@p:ubcv:r:23d50f76-fce5316a Acadia Park HR Unsorted Points JCL-NAE10/FCB.Local Application.SHWP7-O,"","",@p:ubcv:r:21e6b134-33901f0e APHR (NAE-10),"",TL3000487,✓,JCL-NAE10/FCB.Local Application.SHWP7-O,"",@p:ubcv:r:21e6b134-33901f0e APHR (NAE-10),"",$equipRef $bmsName,"","","","","","",@p:ubcv:r:23d50ee7-2481e2c8 Acadia Park HR Unsorted Points,"",@p:ubcv:r:23d50ee7-2ee15173 Acadia Park HR Unsorted Points,✓,"",2020-05-12T14:00:00-07:00 Los_Angeles,"",69220,2019-01-16T06:40:00-08:00 Los_Angeles,ok,"",✓,Number,2020-05-12T14:00:21.031-07:00 Los_Angeles,"","",JCL-NAE10/FCB.Local Application.SHWP7-O,✓,AO3000208,"","",✓,"","","","","",@p:ubcv:r:23d509e0-23febac6 Acadia Park HR,"","","","",JCL-NAE10/FCB.Local Application.SHWP7-O.Trend1,Los_Angeles,%,"",SHWP7-O,2020-04-09T19:01:58.625Z UTC
@p:ubcv:r:24edab6a-54685620 Acadia Park HR Unsorted Points JCL-NAE10/Schedule.Summer Period,"","",@p:ubcv:r:21e6b134-33901f0e APHR (NAE-10),SCH3000786,"",✓,JCL-NAE10/Schedule.Summer Period,"",@p:ubcv:r:21e6b134-33901f0e APHR (NAE-10),unknown,$equipRef $bmsName,"","","","","","",@p:ubcv:r:23d50ee7-2481e2c8 Acadia Park HR Unsorted Points,"",@p:ubcv:r:23d50ee7-2ee15173 Acadia Park HR Unsorted Points,✓,"",2019-08-21T08:45:00-07:00 Los_Angeles,"",198,2019-08-19T12:10:00-07:00 Los_Angeles,"","",✓,Number,"","","",Scheduled Occupancy,"","","","",✓,"","",✓,"","",@p:ubcv:r:23d509e0-23febac6 Acadia Park HR,"","","","","",Los_Angeles,°C,"","",2020-03-12T18:51:41.044Z UTC
@p:ubcv:r:23d50f76-6fb3b4a2 Acadia Park HR Unsorted Points JCL-NAE10/FCB.JCL-NAE10 - FEC-07.HWF-S,"","",@p:ubcv:r:21e6b134-33901f0e APHR (NAE-10),"",TL3000046,✓,JCL-NAE10/FCB.JCL-NAE10 - FEC-07.HWF-S,"",@p:ubcv:r:21e6b134-33901f0e APHR (NAE-10),"",$equipRef $bmsName,"","","","","NoFlow,Flow","",@p:ubcv:r:23d50ee7-2481e2c8 Acadia Park HR Unsorted Points,"",@p:ubcv:r:23d50ee7-2ee15173 Acadia Park HR Unsorted Points,✓,"",2020-01-11T16:55:07-08:00 Los_Angeles,"",11,2019-01-25T12:01:56-08:00 Los_Angeles,ok,"",✓,Bool,2020-05-12T14:00:13.564-07:00 Los_Angeles,"","",JCL-NAE10/FCB.JCL-NAE10 - FEC-07.HWF-S,✓,BI3000022,"","",✓,"","","","","",@p:ubcv:r:23d509e0-23febac6 Acadia Park HR,"","","","",JCL-NAE10/FCB.JCL-NAE10 - FEC-07.HWF-S.Trend1,Los_Angeles,"","",MUA-01.HWF-S,2020-04-08T18:52:36.998Z UTC
@p:ubcv:r:24ccc7ca-c891e895 Acadia Park HR Unsorted Points JCL-NAE10/FCB.JCL-NAE10 - FEC-07.Parameters.0002 MUA-01 DAT-EFFSP,"","",@p:ubcv:r:21e6b134-33901f0e APHR (NAE-10),"",TL3000913,✓,JCL-NAE10/FCB.JCL-NAE10 - FEC-07.Parameters.0002 MUA-01 DAT-EFFSP,"",@p:ubcv:r:21e6b134-33901f0e APHR (NAE-10),"",$equipRef $bmsName,"","","","","","",@p:ubcv:r:23d50ee7-2481e2c8 Acadia Park HR Unsorted Points,"",@p:ubcv:r:23d50ee7-2ee15173 Acadia Park HR Unsorted Points,✓,"",2020-05-12T14:00:00-07:00 Los_Angeles,"",27593,2019-07-25T01:15:00-07:00 Los_Angeles,ok,"",✓,Number,2020-05-12T14:00:20.881-07:00 Los_Angeles,"","",JCL-NAE10/FCB.JCL-NAE10 - FEC-07.Parameters.0002 MUA-01 DAT-EFFSP,✓,AV3000903,"","",✓,"","","","","",@p:ubcv:r:23d509e0-23febac6 Acadia Park HR,"","","","",JCL-NAE10/FCB.JCL-NAE10 - FEC-07.Parameters.0002 MUA-01 DAT-EFFSP.Trend1,Los_Angeles,°C,"",0002.MUA-01.DAT-EFFSP,2020-04-09T19:01:58.626Z UTC
@p:ubcv:r:23d50f76-aec7b36d Acadia Park HR Unsorted Points JCL-NAE10/FCB.Local Application.BP1-C,"","",@p:ubcv:r:21e6b134-33901f0e APHR (NAE-10),"",TL3000460,✓,JCL-NAE10/FCB.Local Application.BP1-C,"",@p:ubcv:r:21e6b134-33901f0e APHR (NAE-10),"",$equipRef $bmsName,"","","","","Off,On","",@p:ubcv:r:23d50ee7-2481e2c8 Acadia Park HR Unsorted Points,"",@p:ubcv:r:23d50ee7-2ee15173 Acadia Park HR Unsorted Points,✓,"",2020-01-11T16:55:05-08:00 Los_Angeles,"",6336,2019-03-18T14:34:52-07:00 Los_Angeles,ok,"",✓,Bool,2020-05-12T14:00:13.359-07:00 Los_Angeles,"","",JCL-NAE10/FCB.Local Application.BP1-C,✓,BO3000128,"","",✓,"","","","","",@p:ubcv:r:23d509e0-23febac6 Acadia Park HR,"","","","","",Los_Angeles,"","","",2020-04-08T18:55:37.934Z UTC
@p:ubcv:r:23d50f76-484d46fc Acadia Park HR Unsorted Points JCL-NAE10/FCB.JCL-NAE10 - FEC-07.LT-A,"",✓,@p:ubcv:r:21e6b134-33901f0e APHR (NAE-10),"",TL3000049,✓,JCL-NAE10/FCB.JCL-NAE10 - FEC-07.LT-A,"",@p:ubcv:r:21e6b134-33901f0e APHR (NAE-10),"",$equipRef $bmsName,"","","","","Normal,Alarm","",@p:ubcv:r:23d50ee7-2481e2c8 Acadia Park HR Unsorted Points,"",@p:ubcv:r:23d50ee7-2ee15173 Acadia Park HR Unsorted Points,✓,"",2020-01-11T16:55:07-08:00 Los_Angeles,"",11,2019-01-25T12:01:56-08:00 Los_Angeles,ok,"",✓,Bool,2020-05-12T14:00:13.571-07:00 Los_Angeles,"",✓,Low Temp Alarm,"",BI3000024,"","",✓,"","","","","",@p:ubcv:r:23d509e0-23febac6 Acadia Park HR,"",@p:ubcv:r:24f02881-3b6e10f7 .+(\.|-| |_)LT-A(LM)?,"",✓,JCL-NAE10/FCB.JCL-NAE10 - FEC-07.LT-A.Trend1,Los_Angeles,"","",MUA-01.LT-A,2020-04-08T18:52:35.234Z UTC
@p:ubcv:r:23d50f76-a31e92d7 Acadia Park HR Unsorted Points JCL-NAE10/FCB.Local Application.SHWP5-S,"","",@p:ubcv:r:21e6b134-33901f0e APHR (NAE-10),"",TL3000477,✓,JCL-NAE10/FCB.Local Application.SHWP5-S,"",@p:ubcv:r:21e6b134-33901f0e APHR (NAE-10),"",$equipRef $bmsName,"","","","","Off,On","",@p:ubcv:r:23d50ee7-2481e2c8 Acadia Park HR Unsorted Points,"",@p:ubcv:r:23d50ee7-2ee15173 Acadia Park HR Unsorted Points,✓,"",2020-05-11T20:31:01-07:00 Los_Angeles,"",95,2019-03-19T16:30:12-07:00 Los_Angeles,ok,"",✓,Bool,2020-05-12T14:00:13.718-07:00 Los_Angeles,"","",JCL-NAE10/FCB.Local Application.SHWP5-S,✓,BI3000113,"","",✓,"","","","","",@p:ubcv:r:23d509e0-23febac6 Acadia Park HR,"","","","",JCL-NAE10/FCB.Local Application.SHWP5-S.Trend1,Los_Angeles,"","",SHWP5-S,2020-04-08T18:55:36.754Z UTC
@p:ubcv:r:23d50f76-f999f272 Acadia Park HR Unsorted Points JCL-NAE10/FCB.JCL-NAE10 - FEC-05.SPHL-A,"","",@p:ubcv:r:21e6b134-33901f0e APHR (NAE-10),"",TL3000517,✓,JCL-NAE10/FCB.JCL-NAE10 - FEC-05.SPHL-A,"",@p:ubcv:r:21e6b134-33901f0e APHR (NAE-10),"",$equipRef $bmsName,"","","","","Normal,Alarm","",@p:ubcv:r:23d50ee7-2481e2c8 Acadia Park HR Unsorted Points,"",@p:ubcv:r:23d50ee7-2ee15173 Acadia Park HR Unsorted Points,✓,"",2020-02-25T18:39:29-08:00 Los_Angeles,"",29,2019-05-31T14:36:14-07:00 Los_Angeles,ok,"",✓,Bool,2020-05-12T14:00:13.688-07:00 Los_Angeles,"","",JCL-NAE10/FCB.JCL-NAE10 - FEC-05.SPHL-A,✓,BI3000089,"","",✓,"","","","","",@p:ubcv:r:23d509e0-23febac6 Acadia Park HR,"","","","",JCL-NAE10/FCB.JCL-NAE10 - FEC-05.SPHL-A.Trend1,Los_Angeles,"","",SPHL-A,2020-04-08T18:55:26.18Z UTC
@p:ubcv:r:23d50f76-dfa0c113 Acadia Park HR Unsorted Points JCL-NAE10/FCB.JCL-NAE10 - FEC-06.EA-DSP Set Point,"","",@p:ubcv:r:21e6b134-33901f0e APHR (NAE-10),"",TL3000073,✓,JCL-NAE10/FCB.JCL-NAE10 - FEC-06.EA-DSP Set Point,"",@p:ubcv:r:21e6b134-33901f0e APHR (NAE-10),"",$equipRef $bmsName,"","","","","","",@p:ubcv:r:23d50ee7-2481e2c8 Acadia Park HR Unsorted Points,"",@p:ubcv:r:23d50ee7-2ee15173 Acadia Park HR Unsorted Points,✓,"",2020-05-12T14:00:00-07:00 Los_Angeles,"",68076,2019-01-18T06:40:00-08:00 Los_Angeles,ok,"",✓,Number,2020-05-12T14:00:21.038-07:00 Los_Angeles,"","",JCL-NAE10/FCB.JCL-NAE10 - FEC-06.EA-DSP Set Point,✓,AV3000041,"","",✓,"","","","","",@p:ubcv:r:23d509e0-23febac6 Acadia Park HR,"","","","",JCL-NAE10/FCB.JCL-NAE10 - FEC-06.EA-DSP Set Point.Trend1,Los_Angeles,Pa,"",EF Systems.EA-DSP Set Point,2020-04-09T19:01:58.627Z UTC
@p:ubcv:r:23d50f02-2729f3b5 Acadia Park HR Unsorted Points JCL-NAE10/Memory Usage Trend Log,"","",@p:ubcv:r:21e6b134-33901f0e APHR (NAE-10),"",TL3000005,✓,JCL-NAE10/Memory Usage Trend Log,"",@p:ubcv:r:21e6b134-33901f0e APHR (NAE-10),"",$equipRef $bmsName,"","","","","","",@p:ubcv:r:23d50ee7-2481e2c8 Acadia Park HR Unsorted Points,"",@p:ubcv:r:23d50ee7-2ee15173 Acadia Park HR Unsorted Points,✓,"",2020-05-12T00:00:00-07:00 Los_Angeles,"",289,2019-07-29T00:00:00-07:00 Los_Angeles,ok,"",✓,Number,2020-05-12T14:00:13.778-07:00 Los_Angeles,"","",JCL-NAE10/Memory Usage Trend Log,✓,"","","",✓,"","","","","",@p:ubcv:r:23d509e0-23febac6 Acadia Park HR,"","",✓,"","",Los_Angeles,_,"","",2020-04-09T19:15:03.606Z UTC
@p:ubcv:r:23d50fcb-3cdfa29f Acadia Park HR Unsorted Points JCL-NAE10/FCB.Local Application.Bypass DP Setpoint,"","",@p:ubcv:r:21e6b134-33901f0e APHR (NAE-10),"",TL3000781,✓,JCL-NAE10/FCB.Local Application.Bypass DP Setpoint,"",@p:ubcv:r:21e6b134-33901f0e APHR (NAE-10),"",$equipRef $bmsName,"","","","","","",@p:ubcv:r:23d50ee7-2481e2c8 Acadia Park HR Unsorted Points,"",@p:ubcv:r:23d50ee7-2ee15173 Acadia Park HR Unsorted Points,✓,"",2020-05-12T14:00:00-07:00 Los_Angeles,"",68668,2019-01-17T14:40:00-08:00 Los_Angeles,ok,"",✓,Number,2020-05-12T14:00:21.047-07:00 Los_Angeles,"","",JCL-NAE10/FCB.Local Application.Bypass DP Setpoint,✓,AV3000774,"","",✓,"","","","","",@p:ubcv:r:23d509e0-23febac6 Acadia Park HR,"","","","",JCL-NAE10/FCB.Local Application.Bypass DP Setpoint.Trend1,Los_Angeles,kPa,"",Bypass DP Setpoint,2020-04-09T19:01:58.629Z UTC
@p:ubcv:r:23d50f76-87daf670 Acadia Park HR Unsorted Points JCL-NAE10/FCB.Local Application.BLR-HT-CALL,"","",@p:ubcv:r:21e6b134-33901f0e APHR (NAE-10),"",TL3000507,✓,JCL-NAE10/FCB.Local Application.BLR-HT-CALL,"",@p:ubcv:r:21e6b134-33901f0e APHR (NAE-10),"",$equipRef $bmsName,"","","","","False,True","",@p:ubcv:r:23d50ee7-2481e2c8 Acadia Park HR Unsorted Points,"",@p:ubcv:r:23d50ee7-2ee15173 Acadia Park HR Unsorted Points,✓,"",2020-05-12T13:56:59-07:00 Los_Angeles,"",7882,2019-03-18T14:32:47-07:00 Los_Angeles,ok,"",✓,Bool,2020-05-12T14:00:13.745-07:00 Los_Angeles,"","",JCL-NAE10/FCB.Local Application.BLR-HT-CALL,✓,BV3000401,"","",✓,"","","","","",@p:ubcv:r:23d509e0-23febac6 Acadia Park HR,"","","","",JCL-NAE10/FCB.Local Application.BLR-HT-CALL.Trend1,Los_Angeles,"","",BLR-HT-CALL,2020-04-08T18:55:25.827Z UTC
@p:ubcv:r:23d50f76-6167157d Acadia Park HR Unsorted Points JCL-NAE10/FCB.JCL-NAE10---FEC-07.DAT-SP,✓,"",@p:ubcv:r:21e6b134-33901f0e APHR (NAE-10),"",TL3000051,✓,JCL-NAE10/FCB.JCL-NAE10---FEC-07.DAT-SP,"",@p:ubcv:r:21e6b134-33901f0e APHR (NAE-10),"",$equipRef $bmsName,✓,"","","","","",@p:ubcv:r:23d50ee7-2481e2c8 Acadia Park HR Unsorted Points,"",@p:ubcv:r:23d50ee7-2ee15173 Acadia Park HR Unsorted Points,✓,"",2019-03-05T09:30:00-08:00 Los_Angeles,"bacnet::ConfirmedServiceErr: [14] svc=READ_RANGE cls=OBJECT code=UNKNOWN_OBJECT ",6636,2019-01-18T06:40:00-08:00 Los_Angeles,fault,"",✓,Number,2020-05-12T12:37:47.634-07:00 Los_Angeles,"","",Discharge Air Temp Sp,"",AV3000026,"","",✓,"","","","","",@p:ubcv:r:23d509e0-23febac6 Acadia Park HR,✓,@p:ubcv:r:23e65d3d-3f81ae2b .+(\.|-| )DAT-SP,"",✓,"",Los_Angeles,°C,"","",2020-04-14T16:50:00.762Z UTC
@p:ubcv:r:23d50f77-e7551e98 Acadia Park HR Unsorted Points JCL-NAE10/FCB.JCL-NAE10 - FEC-05.DHWT2-S,"","",@p:ubcv:r:21e6b134-33901f0e APHR (NAE-10),"",TL3000528,✓,JCL-NAE10/FCB.JCL-NAE10 - FEC-05.DHWT2-S,"",@p:ubcv:r:21e6b134-33901f0e APHR (NAE-10),"",$equipRef $bmsName,"","","","","Off,On","",@p:ubcv:r:23d50ee7-2481e2c8 Acadia Park HR Unsorted Points,"",@p:ubcv:r:23d50ee7-2ee15173 Acadia Park HR Unsorted Points,✓,"",2020-05-12T13:56:59-07:00 Los_Angeles,"",25546,2019-01-15T22:28:46-08:00 Los_Angeles,ok,"",✓,Bool,2020-05-12T14:00:20.851-07:00 Los_Angeles,"","",JCL-NAE10/FCB.JCL-NAE10 - FEC-05.DHWT2-S,✓,BI3000086,"","",✓,"","","","","",@p:ubcv:r:23d509e0-23febac6 Acadia Park HR,"","","","",JCL-NAE10/FCB.JCL-NAE10 - FEC-05.DHWT2-S.Trend1,Los_Angeles,"","",DHWT2-S,2020-04-08T18:55:25.037Z UTC
@p:ubcv:r:23d50f76-ad5d93eb Acadia Park HR Unsorted Points JCL-NAE10/FCB.JCL-NAE10 - FEC-06.EAD-P,"","",@p:ubcv:r:21e6b134-33901f0e APHR (NAE-10),"",TL3000071,✓,JCL-NAE10/FCB.JCL-NAE10 - FEC-06.EAD-P,"",@p:ubcv:r:21e6b134-33901f0e APHR (NAE-10),"",$equipRef $bmsName,"","","","","","",@p:ubcv:r:23d50ee7-2481e2c8 Acadia Park HR Unsorted Points,"",@p:ubcv:r:23d50ee7-2ee15173 Acadia Park HR Unsorted Points,✓,"",2020-05-12T14:00:00-07:00 Los_Angeles,"",68076,2019-01-18T06:40:00-08:00 Los_Angeles,ok,"",✓,Number,2020-05-12T14:00:21.055-07:00 Los_Angeles,"","",JCL-NAE10/FCB.JCL-NAE10 - FEC-06.EAD-P,✓,AI3000037,"","",✓,"","","","","",@p:ubcv:r:23d509e0-23febac6 Acadia Park HR,"","","","",JCL-NAE10/FCB.JCL-NAE10 - FEC-06.EAD-P.Trend1,Los_Angeles,Pa,"",EF Systems.EAD-P,2020-04-09T19:01:58.631Z UTC
@p:ubcv:r:23d50fcb-e6863125 Acadia Park HR Unsorted Points JCL-NAE10/FCB.Local Application.ZN2 SP,"","",@p:ubcv:r:21e6b134-33901f0e APHR (NAE-10),"",TL3000784,✓,JCL-NAE10/FCB.Local Application.ZN2 SP,"",@p:ubcv:r:21e6b134-33901f0e APHR (NAE-10),"",$equipRef $bmsName,"","","","","","",@p:ubcv:r:23d50ee7-2481e2c8 Acadia Park HR Unsorted Points,"",@p:ubcv:r:23d50ee7-2ee15173 Acadia Park HR Unsorted Points,✓,"",2020-05-12T14:00:00-07:00 Los_Angeles,"",68668,2019-01-17T14:40:00-08:00 Los_Angeles,ok,"",✓,Number,2020-05-12T14:00:21.063-07:00 Los_Angeles,"","",JCL-NAE10/FCB.Local Application.ZN2 SP,✓,AV3000777,"","",✓,"","","","","",@p:ubcv:r:23d509e0-23febac6 Acadia Park HR,"","","","",JCL-NAE10/FCB.Local Application.ZN2 SP.Trend1,Los_Angeles,°C,"",ZN2 SP,2020-04-09T19:01:58.632Z UTC
@p:ubcv:r:23d50f76-dfb495b0 Acadia Park HR Unsorted Points P2 JCL-NAE10/FCB.JCL-NAE10 - FEC-05.P2-C,"","",@p:ubcv:r:21e6b134-33901f0e APHR (NAE-10),"",TL3000514,✓,JCL-NAE10/FCB.JCL-NAE10 - FEC-05.P2-C,✓,@p:ubcv:r:21e6b134-33901f0e APHR (NAE-10),"",$equipRef $equipName $bmsName,"","","","","Off,On",P2,@p:ubcv:r:23d50ee7-2481e2c8 Acadia Park HR Unsorted Points,"",@p:ubcv:r:23d50ee7-2ee15173 Acadia Park HR Unsorted Points,✓,"",2020-05-12T13:57:04-07:00 Los_Angeles,"",41150,2019-01-17T06:10:59-08:00 Los_Angeles,ok,"",✓,Bool,2020-05-12T14:00:20.858-07:00 Los_Angeles,"","",Run Cmd,"",BO3000076,"","",✓,✓,✓,"","","",@p:ubcv:r:23d509e0-23febac6 Acadia Park HR,"",@p:ubcv:r:23e65d3d-604110c2 .+(\.|-|_)C?H?P\d+(-)?C,"","","",Los_Angeles,"","","",2020-05-12T11:03:27.685Z UTC
@p:ubcv:r:23d50f76-e9da0a18 Acadia Park HR Unsorted Points JCL-NAE10/FCB.Local Application.SHWS3-T,"","",@p:ubcv:r:21e6b134-33901f0e APHR (NAE-10),"",TL3000461,✓,JCL-NAE10/FCB.Local Application.SHWS3-T,"",@p:ubcv:r:21e6b134-33901f0e APHR (NAE-10),"",$equipRef $bmsName,"","","","","","",@p:ubcv:r:23d50ee7-2481e2c8 Acadia Park HR Unsorted Points,"",@p:ubcv:r:23d50ee7-2ee15173 Acadia Park HR Unsorted Points,✓,"",2020-05-12T14:00:00-07:00 Los_Angeles,"",23238,2019-01-13T15:00:00-08:00 Los_Angeles,ok,"",✓,Number,2020-05-12T14:00:20.819-07:00 Los_Angeles,"","",JCL-NAE10/FCB.Local Application.SHWS3-T,✓,AI3000149,"","",✓,"","","","","",@p:ubcv:r:23d509e0-23febac6 Acadia Park HR,"","","","",JCL-NAE10/FCB.Local Application.SHWS3-T.Trend1,Los_Angeles,°C,"",SHWS3-T,2020-04-09T19:01:58.633Z UTC
@p:ubcv:r:23d50f76-b3aa5902 Acadia Park HR Unsorted Points JCL-NAE10/FCB.Local Application.SHWP8-C,"","",@p:ubcv:r:21e6b134-33901f0e APHR (NAE-10),"",TL3000472,✓,JCL-NAE10/FCB.Local Application.SHWP8-C,"",@p:ubcv:r:21e6b134-33901f0e APHR (NAE-10),"",$equipRef $bmsName,"","","","","Off,On","",@p:ubcv:r:23d50ee7-2481e2c8 Acadia Park HR Unsorted Points,"",@p:ubcv:r:23d50ee7-2ee15173 Acadia Park HR Unsorted Points,✓,"",2020-01-11T16:55:05-08:00 Los_Angeles,"",4190,2019-03-19T16:30:08-07:00 Los_Angeles,ok,"",✓,Bool,2020-05-12T14:00:13.37-07:00 Los_Angeles,"","",JCL-NAE10/FCB.Local Application.SHWP8-C,✓,BO3000145,"","",✓,"","","","","",@p:ubcv:r:23d509e0-23febac6 Acadia Park HR,"","","","","",Los_Angeles,"","","",2020-04-08T18:55:36.822Z UTC
@p:ubcv:r:23d50f77-540668c5 Acadia Park HR Unsorted Points JCL-NAE10/FCB.JCL-NAE10 - FEC-05.DHWT3-S,"","",@p:ubcv:r:21e6b134-33901f0e APHR (NAE-10),"",TL3000526,✓,JCL-NAE10/FCB.JCL-NAE10 - FEC-05.DHWT3-S,"",@p:ubcv:r:21e6b134-33901f0e APHR (NAE-10),"",$equipRef $bmsName,"","","","","Off,On","",@p:ubcv:r:23d50ee7-2481e2c8 Acadia Park HR Unsorted Points,"",@p:ubcv:r:23d50ee7-2ee15173 Acadia Park HR Unsorted Points,✓,"",2020-05-12T13:02:16-07:00 Los_Angeles,"",134954,2019-01-18T03:13:01-08:00 Los_Angeles,ok,"",✓,Bool,2020-05-12T14:00:21.172-07:00 Los_Angeles,"","",JCL-NAE10/FCB.JCL-NAE10 - FEC-05.DHWT3-S,✓,BI3000087,"","",✓,"","","","","",@p:ubcv:r:23d509e0-23febac6 Acadia Park HR,"","","","",JCL-NAE10/FCB.JCL-NAE10 - FEC-05.DHWT3-S.Trend1,Los_Angeles,"","",DHWT3-S,2020-04-08T18:55:25.123Z UTC
@p:ubcv:r:23d50f76-90051cd5 Acadia Park HR Unsorted Points JCL-NAE10/FCB.Local Application.BYPV2-O,"","",@p:ubcv:r:21e6b134-33901f0e APHR (NAE-10),"",TL3000491,✓,JCL-NAE10/FCB.Local Application.BYPV2-O,"",@p:ubcv:r:21e6b134-33901f0e APHR (NAE-10),"",$equipRef $bmsName,"","","","","","",@p:ubcv:r:23d50ee7-2481e2c8 Acadia Park HR Unsorted Points,"",@p:ubcv:r:23d50ee7-2ee15173 Acadia Park HR Unsorted Points,✓,"",2020-05-12T14:00:00-07:00 Los_Angeles,"",69220,2019-01-16T06:40:00-08:00 Los_Angeles,ok,"",✓,Number,2020-05-12T14:00:21.073-07:00 Los_Angeles,"","",JCL-NAE10/FCB.Local Application.BYPV2-O,✓,AO3000116,"","",✓,"","","","","",@p:ubcv:r:23d509e0-23febac6 Acadia Park HR,"","","","",JCL-NAE10/FCB.Local Application.BYPV2-O.Trend1,Los_Angeles,%,"",BYPV2-O,2020-04-09T19:01:58.634Z UTC
@p:ubcv:r:23d50fcb-315f0561 Acadia Park HR Unsorted Points JCL-NAE10/Programming.Hotwater System.Boiler Error,"","",@p:ubcv:r:21e6b134-33901f0e APHR (NAE-10),"",TL3000655,✓,JCL-NAE10/Programming.Hotwater System.Boiler Error,"",@p:ubcv:r:21e6b134-33901f0e APHR (NAE-10),"",$equipRef $bmsName,"","","","","Inactive,Active","",@p:ubcv:r:23d50ee7-2481e2c8 Acadia Park HR Unsorted Points,"",@p:ubcv:r:23d50ee7-2ee15173 Acadia Park HR Unsorted Points,✓,"",2020-01-11T16:55:05-08:00 Los_Angeles,"",82,2019-05-31T14:36:12-07:00 Los_Angeles,ok,"",✓,Bool,2020-05-12T14:00:13.382-07:00 Los_Angeles,"","",JCL-NAE10/Programming.Hotwater System.Boiler Error,✓,BV3000637,"","",✓,"","","","","",@p:ubcv:r:23d509e0-23febac6 Acadia Park HR,"","","","",JCL-NAE10/Programming.Hotwater System.Boiler Error.Trend1,Los_Angeles,"","",Boiler Error Status,2020-04-08T18:55:29.699Z UTC
@p:ubcv:r:23d50f77-628a4f40 Acadia Park HR Unsorted Points JCL-NAE10/FCB.JCL-NAE10 - FEC-05.SHWP2-O,"","",@p:ubcv:r:21e6b134-33901f0e APHR (NAE-10),"",TL3000525,✓,JCL-NAE10/FCB.JCL-NAE10 - FEC-05.SHWP2-O,"",@p:ubcv:r:21e6b134-33901f0e APHR (NAE-10),"",$equipRef $bmsName,"","","","","","",@p:ubcv:r:23d50ee7-2481e2c8 Acadia Park HR Unsorted Points,"",@p:ubcv:r:23d50ee7-2ee15173 Acadia Park HR Unsorted Points,✓,"",2020-05-12T14:00:00-07:00 Los_Angeles,"",69220,2019-01-16T06:40:00-08:00 Los_Angeles,ok,"",✓,Number,2020-05-12T14:00:21.083-07:00 Los_Angeles,"","",JCL-NAE10/FCB.JCL-NAE10 - FEC-05.SHWP2-O,✓,AO3000201,"","",✓,"","","","","",@p:ubcv:r:23d509e0-23febac6 Acadia Park HR,"","","","",JCL-NAE10/FCB.JCL-NAE10 - FEC-05.SHWP2-O.Trend1,Los_Angeles,%,"",SHWP2-O,2020-04-09T19:01:58.635Z UTC
@p:ubcv:r:23d50f76-9c72c195 Acadia Park HR Unsorted Points JCL-NAE10/FCB.Local Application.SYSTEM-EN,"","",@p:ubcv:r:21e6b134-33901f0e APHR (NAE-10),"",TL3000497,✓,JCL-NAE10/FCB.Local Application.SYSTEM-EN,"",@p:ubcv:r:21e6b134-33901f0e APHR (NAE-10),"",$equipRef $bmsName,"","","","","False,True","",@p:ubcv:r:23d50ee7-2481e2c8 Acadia Park HR Unsorted Points,"",@p:ubcv:r:23d50ee7-2ee15173 Acadia Park HR Unsorted Points,✓,"",2020-01-11T16:55:05-08:00 Los_Angeles,"",10,2019-05-31T14:36:12-07:00 Los_Angeles,ok,"",✓,Bool,2020-05-12T14:00:13.392-07:00 Los_Angeles,"","",JCL-NAE10/FCB.Local Application.SYSTEM-EN,✓,BV3000169,"","",✓,"","","","","",@p:ubcv:r:23d509e0-23febac6 Acadia Park HR,"","","","",JCL-NAE10/FCB.Local Application.SYSTEM-EN.Trend1,Los_Angeles,"","",SYSTEM-EN,2020-04-08T18:55:36.468Z UTC
@p:ubcv:r:23d50fcb-f268f257 Acadia Park HR Unsorted Points JCL-NAE10/Boiler BACnet IP.UBC Acadia Boilers.Binary Values.BV-0,"","",@p:ubcv:r:21e6b134-33901f0e APHR (NAE-10),"",TL3000817,✓,JCL-NAE10/Boiler BACnet IP.UBC Acadia Boilers.Binary Values.BV-0,"",@p:ubcv:r:21e6b134-33901f0e APHR (NAE-10),"",$equipRef $bmsName,"","","","",",","",@p:ubcv:r:23d50ee7-2481e2c8 Acadia Park HR Unsorted Points,"",@p:ubcv:r:23d50ee7-2ee15173 Acadia Park HR Unsorted Points,✓,"",2020-01-08T10:11:45-08:00 Los_Angeles,"",6339,2019-03-18T14:32:50-07:00 Los_Angeles,ok,"",✓,Bool,2020-05-12T14:00:13.306-07:00 Los_Angeles,"","",JCL-NAE10/Boiler BACnet IP.UBC Acadia Boilers.Binary Values.BV-0,✓,BV3000816,"","",✓,"","","","","",@p:ubcv:r:23d509e0-23febac6 Acadia Park HR,"","","","",JCL-NAE10/Boiler BACnet IP.UBC Acadia Boilers.Binary Values.BV-0.Trend1,Los_Angeles,"","",BAS HEAT CALL,2020-04-08T18:55:23.144Z UTC
@p:ubcv:r:23d50f76-9fadaba7 Acadia Park HR Unsorted Points JCL-NAE10/FCB.Local Application.SHWP5-C,"","",@p:ubcv:r:21e6b134-33901f0e APHR (NAE-10),"",TL3000462,✓,JCL-NAE10/FCB.Local Application.SHWP5-C,"",@p:ubcv:r:21e6b134-33901f0e APHR (NAE-10),"",$equipRef $bmsName,"","","","","Off,On","",@p:ubcv:r:23d50ee7-2481e2c8 Acadia Park HR Unsorted Points,"",@p:ubcv:r:23d50ee7-2ee15173 Acadia Park HR Unsorted Points,✓,"",2020-05-11T20:30:58-07:00 Los_Angeles,"",93,2019-03-19T16:30:08-07:00 Los_Angeles,ok,"",✓,Bool,2020-05-12T14:00:13.71-07:00 Los_Angeles,"","",JCL-NAE10/FCB.Local Application.SHWP5-C,✓,BO3000112,"","",✓,"","","","","",@p:ubcv:r:23d509e0-23febac6 Acadia Park HR,"","","","","",Los_Angeles,"","","",2020-04-08T18:55:37.871Z UTC
@p:ubcv:r:23d50f76-65caef76 Acadia Park HR Unsorted Points JCL-NAE10/FCB.Local Application.P08-P09 Bypass valve output,"","",@p:ubcv:r:21e6b134-33901f0e APHR (NAE-10),"",TL3000508,✓,JCL-NAE10/FCB.Local Application.P08-P09 Bypass valve output,"",@p:ubcv:r:21e6b134-33901f0e APHR (NAE-10),"",$equipRef $bmsName,"","","","","","",@p:ubcv:r:23d50ee7-2481e2c8 Acadia Park HR Unsorted Points,"",@p:ubcv:r:23d50ee7-2ee15173 Acadia Park HR Unsorted Points,✓,"",2020-05-12T14:00:00-07:00 Los_Angeles,"",69220,2019-01-16T06:40:00-08:00 Los_Angeles,ok,"",✓,Number,2020-05-12T14:00:21.091-07:00 Los_Angeles,"","",JCL-NAE10/FCB.Local Application.P08-P09 Bypass valve output,✓,AO3000455,"","",✓,"","","","","",@p:ubcv:r:23d509e0-23febac6 Acadia Park HR,"","","","",JCL-NAE10/FCB.Local Application.P08-P09 Bypass valve output.Trend1,Los_Angeles,%,"",P08-P09 Bypass valve output,2020-04-09T19:01:58.636Z UTC
@p:ubcv:r:23d50f76-15c39edf Acadia Park HR Unsorted Points JCL-NAE10/FCB.Local Application.SHWP4-O,"","",@p:ubcv:r:21e6b134-33901f0e APHR (NAE-10),"",TL3000484,✓,JCL-NAE10/FCB.Local Application.SHWP4-O,"",@p:ubcv:r:21e6b134-33901f0e APHR (NAE-10),"",$equipRef $bmsName,"","","","","","",@p:ubcv:r:23d50ee7-2481e2c8 Acadia Park HR Unsorted Points,"",@p:ubcv:r:23d50ee7-2ee15173 Acadia Park HR Unsorted Points,✓,"",2020-05-12T14:00:00-07:00 Los_Angeles,"",69220,2019-01-16T06:40:00-08:00 Los_Angeles,ok,"",✓,Number,2020-05-12T14:00:21.1-07:00 Los_Angeles,"","",JCL-NAE10/FCB.Local Application.SHWP4-O,✓,AO3000139,"","",✓,"","","","","",@p:ubcv:r:23d509e0-23febac6 Acadia Park HR,"","","","",JCL-NAE10/FCB.Local Application.SHWP4-O.Trend1,Los_Angeles,%,"",SHWP4-O,2020-04-09T19:01:58.637Z UTC
@p:ubcv:r:23d50f77-29ebdd5c Acadia Park HR Unsorted Points JCL-NAE10/FCB.JCL-NAE10 - FEC-06.SAF2-S,"","",@p:ubcv:r:21e6b134-33901f0e APHR (NAE-10),"",TL3000531,✓,JCL-NAE10/FCB.JCL-NAE10 - FEC-06.SAF2-S,"",@p:ubcv:r:21e6b134-33901f0e APHR (NAE-10),"",$equipRef $bmsName,"","","","","Off,On","",@p:ubcv:r:23d50ee7-2481e2c8 Acadia Park HR Unsorted Points,"",@p:ubcv:r:23d50ee7-2ee15173 Acadia Park HR Unsorted Points,✓,"",2020-01-11T16:55:07-08:00 Los_Angeles,"",8,2019-05-31T14:36:15-07:00 Los_Angeles,ok,"",✓,Bool,2020-05-12T14:00:13.582-07:00 Los_Angeles,"","",JCL-NAE10/FCB.JCL-NAE10 - FEC-06.SAF2-S,✓,BI3000031,"","",✓,"","","","","",@p:ubcv:r:23d509e0-23febac6 Acadia Park HR,"","","","",JCL-NAE10/FCB.JCL-NAE10 - FEC-06.SAF2-S.Trend1,Los_Angeles,"","",EF Systems.SAF2-S,2020-04-08T18:55:25.27Z UTC
@p:ubcv:r:23d50f76-35b6d1b0 Acadia Park HR Unsorted Points JCL-NAE10/FCB.Local Application.SHWP7-C,"","",@p:ubcv:r:21e6b134-33901f0e APHR (NAE-10),"",TL3000471,✓,JCL-NAE10/FCB.Local Application.SHWP7-C,"",@p:ubcv:r:21e6b134-33901f0e APHR (NAE-10),"",$equipRef $bmsName,"","","","","Off,On","",@p:ubcv:r:23d50ee7-2481e2c8 Acadia Park HR Unsorted Points,"",@p:ubcv:r:23d50ee7-2ee15173 Acadia Park HR Unsorted Points,✓,"",2020-05-12T13:05:12-07:00 Los_Angeles,"",2466,2019-05-31T14:36:12-07:00 Los_Angeles,ok,"",✓,Bool,2020-05-12T14:00:13.725-07:00 Los_Angeles,"","",JCL-NAE10/FCB.Local Application.SHWP7-C,✓,BO3000119,"","",✓,"","","","","",@p:ubcv:r:23d509e0-23febac6 Acadia Park HR,"","","","","",Los_Angeles,"","","",2020-04-08T18:55:36.861Z UTC
@p:ubcv:r:23d50f76-1524c680 Acadia Park HR Unsorted Points JCL-NAE10/FCB.Local Application.BP1-S,"","",@p:ubcv:r:21e6b134-33901f0e APHR (NAE-10),"",TL3000474,✓,JCL-NAE10/FCB.Local Application.BP1-S,"",@p:ubcv:r:21e6b134-33901f0e APHR (NAE-10),"",$equipRef $bmsName,"","","","","Off,On","",@p:ubcv:r:23d50ee7-2481e2c8 Acadia Park HR Unsorted Points,"",@p:ubcv:r:23d50ee7-2ee15173 Acadia Park HR Unsorted Points,✓,"",2020-03-11T13:03:06-07:00 Los_Angeles,"",6348,2019-03-18T14:34:55-07:00 Los_Angeles,ok,"",✓,Bool,2020-05-12T14:00:13.695-07:00 Los_Angeles,"","",JCL-NAE10/FCB.Local Application.BP1-S,✓,BI3000129,"","",✓,"","","","","",@p:ubcv:r:23d509e0-23febac6 Acadia Park HR,"","","","",JCL-NAE10/FCB.Local Application.BP1-S.Trend1,Los_Angeles,"","",BP1-S,2020-04-08T18:55:36.802Z UTC
@p:ubcv:r:23d50f76-7f08f8fc Acadia Park HR Unsorted Points JCL-NAE10/FCB.Local Application.BLR1-EN,"","",@p:ubcv:r:21e6b134-33901f0e APHR (NAE-10),"",TL3000504,✓,JCL-NAE10/FCB.Local Application.BLR1-EN,✓,@p:ubcv:r:21e6b134-33901f0e APHR (NAE-10),"",$equipRef $bmsName,"","",✓,"","Off,On","",@p:ubcv:r:23d50ee7-2481e2c8 Acadia Park HR Unsorted Points,"",@p:ubcv:r:23d50ee7-2ee15173 Acadia Park HR Unsorted Points,✓,"-1 enumNumberToStr(self, false)",2020-01-11T16:55:05-08:00 Los_Angeles,"",6332,2019-03-18T14:32:47-07:00 Los_Angeles,ok,"",✓,Str,2020-05-12T14:00:13.403-07:00 Los_Angeles,"","",Enable Cmd,"",MSV3000320,"","",✓,"","","","","",@p:ubcv:r:23d509e0-23febac6 Acadia Park HR,"",@p:ubcv:r:23e65d3d-f82aaf07 .+(\.|-| )BLR\d-EN,"","",JCL-NAE10/FCB.Local Application.BLR1-EN.Trend1,Los_Angeles,"","",BLR1-EN,2020-04-08T18:55:25.894Z UTC
@p:ubcv:r:23d50fca-b60e805b Acadia Park HR Unsorted Points JCL-NAE10/FCB.JCL-NAE10 - FEC-06.EAD-P,"","",@p:ubcv:r:21e6b134-33901f0e APHR (NAE-10),"",TL3000538,✓,JCL-NAE10/FCB.JCL-NAE10 - FEC-06.EAD-P,"",@p:ubcv:r:21e6b134-33901f0e APHR (NAE-10),"",$equipRef $bmsName,"","","","","","",@p:ubcv:r:23d50ee7-2481e2c8 Acadia Park HR Unsorted Points,"",@p:ubcv:r:23d50ee7-2ee15173 Acadia Park HR Unsorted Points,✓,"",2020-05-12T14:00:00-07:00 Los_Angeles,"",69220,2019-01-16T06:40:00-08:00 Los_Angeles,ok,"",✓,Number,2020-05-12T14:00:21.107-07:00 Los_Angeles,"","",JCL-NAE10/FCB.JCL-NAE10 - FEC-06.EAD-P,✓,AI3000037,"","",✓,"","","","","",@p:ubcv:r:23d509e0-23febac6 Acadia Park HR,"","","","",JCL-NAE10/FCB.JCL-NAE10 - FEC-06.EAD-P.Trend2,Los_Angeles,Pa,"",EF Systems.EAD-P,2020-04-09T19:01:58.638Z UTC
@p:ubcv:r:23d50fcb-80ea3617 Acadia Park HR Unsorted Points JCL-NAE10/FCB.Local Application.ZN3 SP,"","",@p:ubcv:r:21e6b134-33901f0e APHR (NAE-10),"",TL3000782,✓,JCL-NAE10/FCB.Local Application.ZN3 SP,"",@p:ubcv:r:21e6b134-33901f0e APHR (NAE-10),"",$equipRef $bmsName,"","","","","","",@p:ubcv:r:23d50ee7-2481e2c8 Acadia Park HR Unsorted Points,"",@p:ubcv:r:23d50ee7-2ee15173 Acadia Park HR Unsorted Points,✓,"",2020-05-12T14:00:00-07:00 Los_Angeles,"",68668,2019-01-17T14:40:00-08:00 Los_Angeles,ok,"",✓,Number,2020-05-12T14:00:21.114-07:00 Los_Angeles,"","",JCL-NAE10/FCB.Local Application.ZN3 SP,✓,AV3000775,"","",✓,"","","","","",@p:ubcv:r:23d509e0-23febac6 Acadia Park HR,"","","","",JCL-NAE10/FCB.Local Application.ZN3 SP.Trend1,Los_Angeles,°C,"",ZN3 SP,2020-04-09T19:01:58.639Z UTC
@p:ubcv:r:23d50f76-b7c895d6 Acadia Park HR Unsorted Points JCL-NAE10/FCB.Local Application.HW2-DP,"","",@p:ubcv:r:21e6b134-33901f0e APHR (NAE-10),"",TL3000466,✓,JCL-NAE10/FCB.Local Application.HW2-DP,"",@p:ubcv:r:21e6b134-33901f0e APHR (NAE-10),"",$equipRef $bmsName,"","","","","","",@p:ubcv:r:23d50ee7-2481e2c8 Acadia Park HR Unsorted Points,"",@p:ubcv:r:23d50ee7-2ee15173 Acadia Park HR Unsorted Points,✓,"",2020-05-12T14:00:00-07:00 Los_Angeles,"",69220,2019-01-16T06:40:00-08:00 Los_Angeles,ok,"",✓,Number,2020-05-12T14:00:21.122-07:00 Los_Angeles,"","",JCL-NAE10/FCB.Local Application.HW2-DP,✓,AI3000115,"","",✓,"","","","","",@p:ubcv:r:23d509e0-23febac6 Acadia Park HR,"","","","",JCL-NAE10/FCB.Local Application.HW2-DP.Trend1,Los_Angeles,kPa,"",HW2-DP,2020-04-09T19:01:58.64Z UTC
@p:ubcv:r:23d50fca-fafce48b Acadia Park HR Unsorted Points JCL-NAE10/FCB.JCL-NAE10 - FEC-06.EAF2-S,"","",@p:ubcv:r:21e6b134-33901f0e APHR (NAE-10),"",TL3000533,✓,JCL-NAE10/FCB.JCL-NAE10 - FEC-06.EAF2-S,"",@p:ubcv:r:21e6b134-33901f0e APHR (NAE-10),"",$equipRef $bmsName,"","","","","Off,On","",@p:ubcv:r:23d50ee7-2481e2c8 Acadia Park HR Unsorted Points,"",@p:ubcv:r:23d50ee7-2ee15173 Acadia Park HR Unsorted Points,✓,"",2020-01-11T16:55:07-08:00 Los_Angeles,"",8,2019-05-31T14:36:15-07:00 Los_Angeles,ok,"",✓,Bool,2020-05-12T14:00:13.592-07:00 Los_Angeles,"","",JCL-NAE10/FCB.JCL-NAE10 - FEC-06.EAF2-S,✓,BI3000032,"","",✓,"","","","","",@p:ubcv:r:23d509e0-23febac6 Acadia Park HR,"","","","",JCL-NAE10/FCB.JCL-NAE10 - FEC-06.EAF2-S.Trend2,Los_Angeles,"","",EF Systems.EAF2-S,2020-04-08T18:55:25.513Z UTC
@p:ubcv:r:23d50f76-8d0a583a Acadia Park HR Unsorted Points JCL-NAE10/FCB.JCL-NAE10 - FEC-05.DHW-T2,"","",@p:ubcv:r:21e6b134-33901f0e APHR (NAE-10),"",TL3000510,✓,JCL-NAE10/FCB.JCL-NAE10 - FEC-05.DHW-T2,"",@p:ubcv:r:21e6b134-33901f0e APHR (NAE-10),"",$equipRef $bmsName,"","","","","","",@p:ubcv:r:23d50ee7-2481e2c8 Acadia Park HR Unsorted Points,"",@p:ubcv:r:23d50ee7-2ee15173 Acadia Park HR Unsorted Points,✓,"",2020-05-12T14:00:00-07:00 Los_Angeles,"",23238,2019-01-13T15:00:00-08:00 Los_Angeles,ok,"",✓,Number,2020-05-12T14:00:20.826-07:00 Los_Angeles,"","",JCL-NAE10/FCB.JCL-NAE10 - FEC-05.DHW-T2,✓,AI3000091,"","",✓,"","","","","",@p:ubcv:r:23d509e0-23febac6 Acadia Park HR,"","","","",JCL-NAE10/FCB.JCL-NAE10 - FEC-05.DHW-T2.Trend1,Los_Angeles,°C,"",DHW-T2,2020-04-09T19:01:58.641Z UTC
@p:ubcv:r:23d50f76-7bf234ee Acadia Park HR Unsorted Points JCL-NAE10/FCB.Local Application.HWSYS-AVAILABLE,"","",@p:ubcv:r:21e6b134-33901f0e APHR (NAE-10),"",TL3000503,✓,JCL-NAE10/FCB.Local Application.HWSYS-AVAILABLE,"",@p:ubcv:r:21e6b134-33901f0e APHR (NAE-10),"",$equipRef $bmsName,"","","","","False,True","",@p:ubcv:r:23d50ee7-2481e2c8 Acadia Park HR Unsorted Points,"",@p:ubcv:r:23d50ee7-2ee15173 Acadia Park HR Unsorted Points,✓,"",2020-05-12T12:23:58-07:00 Los_Angeles,"",274,2019-03-18T14:32:47-07:00 Los_Angeles,ok,"",✓,Bool,2020-05-12T14:00:13.771-07:00 Los_Angeles,"","",JCL-NAE10/FCB.Local Application.HWSYS-AVAILABLE,✓,BV3000198,"","",✓,"","","","","",@p:ubcv:r:23d509e0-23febac6 Acadia Park HR,"","","","",JCL-NAE10/FCB.Local Application.HWSYS-AVAILABLE.Trend1,Los_Angeles,"","",HWSYS-AVAILABLE,2020-04-08T18:55:25.934Z UTC
@p:ubcv:r:23d50f76-3edcd8c6 Acadia Park HR Unsorted Points JCL-NAE10/FCB.Local Application.BLR-SP-ACTUAL,"","",@p:ubcv:r:21e6b134-33901f0e APHR (NAE-10),"",TL3000506,✓,JCL-NAE10/FCB.Local Application.BLR-SP-ACTUAL,"",@p:ubcv:r:21e6b134-33901f0e APHR (NAE-10),"",$equipRef $bmsName,"","","","","","",@p:ubcv:r:23d50ee7-2481e2c8 Acadia Park HR Unsorted Points,"",@p:ubcv:r:23d50ee7-2ee15173 Acadia Park HR Unsorted Points,✓,"",2020-05-12T14:00:00-07:00 Los_Angeles,"",46311,2019-01-15T02:45:00-08:00 Los_Angeles,ok,"",✓,Number,2020-05-12T14:00:20.889-07:00 Los_Angeles,"","",JCL-NAE10/FCB.Local Application.BLR-SP-ACTUAL,✓,AV3000400,"","",✓,"","","","","",@p:ubcv:r:23d509e0-23febac6 Acadia Park HR,"","","","",JCL-NAE10/FCB.Local Application.BLR-SP-ACTUAL.Trend1,Los_Angeles,°F,"",BLR-SP-ACTUAL,2020-04-09T19:01:58.642Z UTC
@p:ubcv:r:23d50f76-ab6bff81 Acadia Park HR Unsorted Points JCL-NAE10/FCB.Local Application.BYPV1-O,"","",@p:ubcv:r:21e6b134-33901f0e APHR (NAE-10),"",TL3000490,✓,JCL-NAE10/FCB.Local Application.BYPV1-O,"",@p:ubcv:r:21e6b134-33901f0e APHR (NAE-10),"",$equipRef $bmsName,"","","","","","",@p:ubcv:r:23d50ee7-2481e2c8 Acadia Park HR Unsorted Points,"",@p:ubcv:r:23d50ee7-2ee15173 Acadia Park HR Unsorted Points,✓,"",2020-05-12T14:00:00-07:00 Los_Angeles,"",69220,2019-01-16T06:40:00-08:00 Los_Angeles,ok,"",✓,Number,2020-05-12T14:00:21.129-07:00 Los_Angeles,"","",JCL-NAE10/FCB.Local Application.BYPV1-O,✓,AO3000109,"","",✓,"","","","","",@p:ubcv:r:23d509e0-23febac6 Acadia Park HR,"","","","",JCL-NAE10/FCB.Local Application.BYPV1-O.Trend1,Los_Angeles,%,"",BYPV1-O,2020-04-09T19:01:58.643Z UTC
@p:ubcv:r:23d50f76-38940004 Acadia Park HR Unsorted Points JCL-NAE10/FCB.JCL-NAE10 - FEC-05.DHWT3-T,"","",@p:ubcv:r:21e6b134-33901f0e APHR (NAE-10),"",TL3000513,✓,JCL-NAE10/FCB.JCL-NAE10 - FEC-05.DHWT3-T,"",@p:ubcv:r:21e6b134-33901f0e APHR (NAE-10),"",$equipRef $bmsName,"","","","","","",@p:ubcv:r:23d50ee7-2481e2c8 Acadia Park HR Unsorted Points,"",@p:ubcv:r:23d50ee7-2ee15173 Acadia Park HR Unsorted Points,✓,"",2020-05-12T14:00:00-07:00 Los_Angeles,"",23238,2019-01-13T15:00:00-08:00 Los_Angeles,ok,"",✓,Number,2020-05-12T14:00:20.835-07:00 Los_Angeles,"","",JCL-NAE10/FCB.JCL-NAE10 - FEC-05.DHWT3-T,✓,AI3000094,"","",✓,"","","","","",@p:ubcv:r:23d509e0-23febac6 Acadia Park HR,"","","","",JCL-NAE10/FCB.JCL-NAE10 - FEC-05.DHWT3-T.Trend1,Los_Angeles,°C,"",DHWT3-T,2020-04-09T19:01:58.644Z UTC
@p:ubcv:r:23d50fcb-0d3b6843 Acadia Park HR Unsorted Points JCL-NAE10/FCB.Local Application.Loop Pumps LOCKOUT-SP,"","",@p:ubcv:r:21e6b134-33901f0e APHR (NAE-10),"",TL3000780,✓,JCL-NAE10/FCB.Local Application.Loop Pumps LOCKOUT-SP,"",@p:ubcv:r:21e6b134-33901f0e APHR (NAE-10),"",$equipRef $bmsName,"","","","","","",@p:ubcv:r:23d50ee7-2481e2c8 Acadia Park HR Unsorted Points,"",@p:ubcv:r:23d50ee7-2ee15173 Acadia Park HR Unsorted Points,✓,"",2020-05-12T14:00:00-07:00 Los_Angeles,"",68668,2019-01-17T14:40:00-08:00 Los_Angeles,ok,"",✓,Number,2020-05-12T14:00:21.136-07:00 Los_Angeles,"","",JCL-NAE10/FCB.Local Application.Loop Pumps LOCKOUT-SP,✓,AV3000773,"","",✓,"","","","","",@p:ubcv:r:23d509e0-23febac6 Acadia Park HR,"","","","",JCL-NAE10/FCB.Local Application.Loop Pumps LOCKOUT-SP.Trend1,Los_Angeles,_,"",Loop Pumps LOCKOUT-SP,2020-04-09T19:15:03.608Z UTC
@p:ubcv:r:23d50fca-f7f56825 Acadia Park HR Unsorted Points JCL-NAE10/FCB.JCL-NAE10 - FEC-06.EAF3-O,"","",@p:ubcv:r:21e6b134-33901f0e APHR (NAE-10),"",TL3000539,✓,JCL-NAE10/FCB.JCL-NAE10 - FEC-06.EAF3-O,"",@p:ubcv:r:21e6b134-33901f0e APHR (NAE-10),"",$equipRef $bmsName,"","","","","","",@p:ubcv:r:23d50ee7-2481e2c8 Acadia Park HR Unsorted Points,"",@p:ubcv:r:23d50ee7-2ee15173 Acadia Park HR Unsorted Points,✓,"",2020-05-12T14:00:00-07:00 Los_Angeles,"",69220,2019-01-16T06:40:00-08:00 Los_Angeles,ok,"",✓,Number,2020-05-12T14:00:21.144-07:00 Los_Angeles,"","",JCL-NAE10/FCB.JCL-NAE10 - FEC-06.EAF3-O,✓,AO3000038,"","",✓,"","","","","",@p:ubcv:r:23d509e0-23febac6 Acadia Park HR,"","","","",JCL-NAE10/FCB.JCL-NAE10 - FEC-06.EAF3-O.Trend1,Los_Angeles,%,"",EF Systems.EAF3-O,2020-04-09T19:01:58.646Z UTC
@p:ubcv:r:23d50f02-9850a239 Acadia Park HR Unsorted Points JCL-NAE10/Event Lost Trend Log,"","",@p:ubcv:r:21e6b134-33901f0e APHR (NAE-10),"",TL3000007,✓,JCL-NAE10/Event Lost Trend Log,"",@p:ubcv:r:21e6b134-33901f0e APHR (NAE-10),"",$equipRef $bmsName,"","","","","","",@p:ubcv:r:23d50ee7-2481e2c8 Acadia Park HR Unsorted Points,"",@p:ubcv:r:23d50ee7-2ee15173 Acadia Park HR Unsorted Points,✓,"",2020-05-12T14:00:00-07:00 Los_Angeles,"",27215,2019-07-31T16:30:00-07:00 Los_Angeles,ok,"",✓,Number,2020-05-12T14:00:20.9-07:00 Los_Angeles,"","",JCL-NAE10/Event Lost Trend Log,✓,"","","",✓,"","","","","",@p:ubcv:r:23d509e0-23febac6 Acadia Park HR,"","",✓,"","",Los_Angeles,_,"","",2020-04-09T19:15:03.609Z UTC
@p:ubcv:r:23d50f76-b84e5aad Acadia Park HR Unsorted Points JCL-NAE10/FCB.Local Application.SHWP9-S,"","",@p:ubcv:r:21e6b134-33901f0e APHR (NAE-10),"",TL3000481,✓,JCL-NAE10/FCB.Local Application.SHWP9-S,"",@p:ubcv:r:21e6b134-33901f0e APHR (NAE-10),"",$equipRef $bmsName,"","","","","Off,On","",@p:ubcv:r:23d50ee7-2481e2c8 Acadia Park HR Unsorted Points,"",@p:ubcv:r:23d50ee7-2ee15173 Acadia Park HR Unsorted Points,✓,"",2020-05-12T13:32:29-07:00 Los_Angeles,"",383,2019-05-24T11:46:13-07:00 Los_Angeles,ok,"",✓,Bool,2020-05-12T14:00:21.188-07:00 Los_Angeles,"","",JCL-NAE10/FCB.Local Application.SHWP9-S,✓,BI3000148,"","",✓,"","","","","",@p:ubcv:r:23d509e0-23febac6 Acadia Park HR,"","","","",JCL-NAE10/FCB.Local Application.SHWP9-S.Trend1,Los_Angeles,"","",SHWP9-S,2020-04-08T18:55:37.184Z UTC
@p:ubcv:r:23d50fca-a4ac1d86 Acadia Park HR Unsorted Points JCL-NAE10/FCB.JCL-NAE10 - FEC-06.EAF2-S,"","",@p:ubcv:r:21e6b134-33901f0e APHR (NAE-10),"",TL3000532,✓,JCL-NAE10/FCB.JCL-NAE10 - FEC-06.EAF2-S,"",@p:ubcv:r:21e6b134-33901f0e APHR (NAE-10),"",$equipRef $bmsName,"","","","","Off,On","",@p:ubcv:r:23d50ee7-2481e2c8 Acadia Park HR Unsorted Points,"",@p:ubcv:r:23d50ee7-2ee15173 Acadia Park HR Unsorted Points,✓,"",2020-01-11T16:55:07-08:00 Los_Angeles,"",8,2019-05-31T14:36:15-07:00 Los_Angeles,ok,"",✓,Bool,2020-05-12T14:00:13.602-07:00 Los_Angeles,"","",JCL-NAE10/FCB.JCL-NAE10 - FEC-06.EAF2-S,✓,BI3000032,"","",✓,"","","","","",@p:ubcv:r:23d509e0-23febac6 Acadia Park HR,"","","","",JCL-NAE10/FCB.JCL-NAE10 - FEC-06.EAF2-S.Trend1,Los_Angeles,"","",EF Systems.EAF2-S,2020-04-08T18:55:25.256Z UTC
@p:ubcv:r:23d50f76-367f79cc Acadia Park HR Unsorted Points JCL-NAE10/FCB.Local Application.BP2-C,"","",@p:ubcv:r:21e6b134-33901f0e APHR (NAE-10),"",TL3000468,✓,JCL-NAE10/FCB.Local Application.BP2-C,"",@p:ubcv:r:21e6b134-33901f0e APHR (NAE-10),"",$equipRef $bmsName,"","","","","Off,On","",@p:ubcv:r:23d50ee7-2481e2c8 Acadia Park HR Unsorted Points,"",@p:ubcv:r:23d50ee7-2ee15173 Acadia Park HR Unsorted Points,✓,"",2020-05-12T13:59:04-07:00 Los_Angeles,"",7814,2019-03-18T14:34:52-07:00 Los_Angeles,ok,"",✓,Bool,2020-05-12T14:00:13.752-07:00 Los_Angeles,"","",JCL-NAE10/FCB.Local Application.BP2-C,✓,BO3000133,"","",✓,"","","","","",@p:ubcv:r:23d509e0-23febac6 Acadia Park HR,"","","","","",Los_Angeles,"","","",2020-04-08T18:55:36.701Z UTC
@p:ubcv:r:23d50f77-53e9f4c5 Acadia Park HR Unsorted Points JCL-NAE10/FCB.JCL-NAE10 - FEC-05.DHWT1-S,"","",@p:ubcv:r:21e6b134-33901f0e APHR (NAE-10),"",TL3000527,✓,JCL-NAE10/FCB.JCL-NAE10 - FEC-05.DHWT1-S,"",@p:ubcv:r:21e6b134-33901f0e APHR (NAE-10),"",$equipRef $bmsName,"","","","","Off,On","",@p:ubcv:r:23d50ee7-2481e2c8 Acadia Park HR Unsorted Points,"",@p:ubcv:r:23d50ee7-2ee15173 Acadia Park HR Unsorted Points,✓,"",2020-05-12T13:41:02-07:00 Los_Angeles,"",38311,2019-01-17T05:32:11-08:00 Los_Angeles,ok,"",✓,Bool,2020-05-12T14:00:13.785-07:00 Los_Angeles,"","",JCL-NAE10/FCB.JCL-NAE10 - FEC-05.DHWT1-S,✓,BI3000085,"","",✓,"","","","","",@p:ubcv:r:23d509e0-23febac6 Acadia Park HR,"","","","",JCL-NAE10/FCB.JCL-NAE10 - FEC-05.DHWT1-S.Trend1,Los_Angeles,"","",DHWT1-S,2020-04-08T18:55:25.104Z UTC
@p:ubcv:r:23d50fca-a4bf0daf Acadia Park HR Unsorted Points JCL-NAE10/FCB.JCL-NAE10 - FEC-06.LD-S,"","",@p:ubcv:r:21e6b134-33901f0e APHR (NAE-10),"",TL3000537,✓,JCL-NAE10/FCB.JCL-NAE10 - FEC-06.LD-S,"",@p:ubcv:r:21e6b134-33901f0e APHR (NAE-10),"",$equipRef $bmsName,"","","","","Off,On","",@p:ubcv:r:23d50ee7-2481e2c8 Acadia Park HR Unsorted Points,"",@p:ubcv:r:23d50ee7-2ee15173 Acadia Park HR Unsorted Points,✓,"",2020-01-11T16:55:07-08:00 Los_Angeles,"",3384,2019-05-31T14:36:15-07:00 Los_Angeles,ok,"",✓,Bool,2020-05-12T14:00:13.612-07:00 Los_Angeles,"","",JCL-NAE10/FCB.JCL-NAE10 - FEC-06.LD-S,✓,BI3000036,"","",✓,"","","","","",@p:ubcv:r:23d509e0-23febac6 Acadia Park HR,"","","","",JCL-NAE10/FCB.JCL-NAE10 - FEC-06.LD-S.Trend1,Los_Angeles,"","",EF Systems.LD-S,2020-04-08T18:55:25.426Z UTC
@p:ubcv:r:23d50f02-ad9da173 Acadia Park HR Unsorted Points JCL-NAE10/Event Rate Trend Log,"","",@p:ubcv:r:21e6b134-33901f0e APHR (NAE-10),"",TL3000006,✓,JCL-NAE10/Event Rate Trend Log,"",@p:ubcv:r:21e6b134-33901f0e APHR (NAE-10),"",$equipRef $bmsName,"","","","","","",@p:ubcv:r:23d50ee7-2481e2c8 Acadia Park HR Unsorted Points,"",@p:ubcv:r:23d50ee7-2ee15173 Acadia Park HR Unsorted Points,✓,"",2020-05-12T14:00:00-07:00 Los_Angeles,"",27215,2019-07-31T16:30:00-07:00 Los_Angeles,ok,"",✓,Number,2020-05-12T14:00:20.909-07:00 Los_Angeles,"","",JCL-NAE10/Event Rate Trend Log,✓,"","","",✓,"","","","","",@p:ubcv:r:23d509e0-23febac6 Acadia Park HR,"","",✓,"","",Los_Angeles,_,"","",2020-04-09T19:15:03.61Z UTC
@p:ubcv:r:23d50f76-bf7ca833 Acadia Park HR Unsorted Points JCL-NAE10/FCB.Local Application.BLR2-EN,"","",@p:ubcv:r:21e6b134-33901f0e APHR (NAE-10),"",TL3000505,✓,JCL-NAE10/FCB.Local Application.BLR2-EN,✓,@p:ubcv:r:21e6b134-33901f0e APHR (NAE-10),"",$equipRef $bmsName,"","",✓,"","Off,On","",@p:ubcv:r:23d50ee7-2481e2c8 Acadia Park HR Unsorted Points,"",@p:ubcv:r:23d50ee7-2ee15173 Acadia Park HR Unsorted Points,✓,"-1 enumNumberToStr(self, false)",2020-05-12T13:56:59-07:00 Los_Angeles,"",7798,2019-03-18T14:32:47-07:00 Los_Angeles,ok,"",✓,Str,2020-05-12T14:00:13.765-07:00 Los_Angeles,"","",Enable Cmd,"",MSV3000319,"","",✓,"","","","","",@p:ubcv:r:23d509e0-23febac6 Acadia Park HR,"",@p:ubcv:r:23e65d3d-f82aaf07 .+(\.|-| )BLR\d-EN,"","",JCL-NAE10/FCB.Local Application.BLR2-EN.Trend1,Los_Angeles,"","",BLR2-EN,2020-04-08T18:55:25.879Z UTC
@p:ubcv:r:23d50fcb-d57559d1 Acadia Park HR Unsorted Points JCL-NAE10/FCB.Local Application.Summer Mode,"","",@p:ubcv:r:21e6b134-33901f0e APHR (NAE-10),"",TL3000788,✓,JCL-NAE10/FCB.Local Application.Summer Mode,"",@p:ubcv:r:21e6b134-33901f0e APHR (NAE-10),"",$equipRef $bmsName,"","","","","Off,On","",@p:ubcv:r:23d50ee7-2481e2c8 Acadia Park HR Unsorted Points,"",@p:ubcv:r:23d50ee7-2ee15173 Acadia Park HR Unsorted Points,✓,"-1 enumNumberToStr(self, false)",2020-05-12T14:00:00-07:00 Los_Angeles,"",11625,2019-01-13T15:00:00-08:00 Los_Angeles,ok,"",✓,Str,2020-05-12T14:00:20.843-07:00 Los_Angeles,"","",JCL-NAE10/FCB.Local Application.Summer Mode,✓,MSV3000787,"","",✓,"","","","","",@p:ubcv:r:23d509e0-23febac6 Acadia Park HR,"","","","",JCL-NAE10/FCB.Local Application.Summer Mode.Trend1,Los_Angeles,"","",Summer Mode,2020-04-08T18:55:17.175Z UTC
@p:ubcv:r:23d50f76-2f1f34a2 Acadia Park HR Unsorted Points JCL-NAE10/FCB.JCL-NAE10 - FEC-07.OCC-SCHEDULE,"","",@p:ubcv:r:21e6b134-33901f0e APHR (NAE-10),"",TL3000053,✓,JCL-NAE10/FCB.JCL-NAE10 - FEC-07.OCC-SCHEDULE,"",@p:ubcv:r:21e6b134-33901f0e APHR (NAE-10),"",$equipRef $bmsName,"","","","","Occupied,UnOccupied,Standby,Not Set","",@p:ubcv:r:23d50ee7-2481e2c8 Acadia Park HR Unsorted Points,"",@p:ubcv:r:23d50ee7-2ee15173 Acadia Park HR Unsorted Points,✓,"-1 enumNumberToStr(self, false)",2020-01-11T16:55:07-08:00 Los_Angeles,"",15,2019-01-25T12:01:56-08:00 Los_Angeles,ok,"",✓,Str,2020-05-12T14:00:13.621-07:00 Los_Angeles,"","",Scheduled Occupancy,"",MSV3000028,✓,"",✓,"","","",✓,"",@p:ubcv:r:23d509e0-23febac6 Acadia Park HR,✓,@p:ubcv:r:23e65d3d-446b0e76 .+(\.|-| )OCC-SCHEDU(LE)?,"","",JCL-NAE10/FCB.JCL-NAE10 - FEC-07.OCC-SCHEDULE.Trend1,Los_Angeles,"","",MUA-01.OCC-SCHEDULE,2020-04-08T18:52:35.387Z UTC
@p:ubcv:r:23d50f76-5f3f5557 Acadia Park HR Unsorted Points JCL-NAE10/FCB.Local Application.SHWP6-O,"","",@p:ubcv:r:21e6b134-33901f0e APHR (NAE-10),"",TL3000486,✓,JCL-NAE10/FCB.Local Application.SHWP6-O,"",@p:ubcv:r:21e6b134-33901f0e APHR (NAE-10),"",$equipRef $bmsName,"","","","","","",@p:ubcv:r:23d50ee7-2481e2c8 Acadia Park HR Unsorted Points,"",@p:ubcv:r:23d50ee7-2ee15173 Acadia Park HR Unsorted Points,✓,"",2020-05-12T14:00:00-07:00 Los_Angeles,"",69220,2019-01-16T06:40:00-08:00 Los_Angeles,ok,"",✓,Number,2020-05-12T14:00:21.157-07:00 Los_Angeles,"","",JCL-NAE10/FCB.Local Application.SHWP6-O,✓,AO3000207,"","",✓,"","","","","",@p:ubcv:r:23d509e0-23febac6 Acadia Park HR,"","","","",JCL-NAE10/FCB.Local Application.SHWP6-O.Trend1,Los_Angeles,%,"",SHWP6-O,2020-04-09T19:01:58.649Z UTC
@p:ubcv:r:23d50f76-82ec2ae9 Acadia Park HR Unsorted Points JCL-NAE10/FCB.Local Application.HWS-T,"","",@p:ubcv:r:21e6b134-33901f0e APHR (NAE-10),"",TL3000458,✓,JCL-NAE10/FCB.Local Application.HWS-T,"",@p:ubcv:r:21e6b134-33901f0e APHR (NAE-10),"",$equipRef $bmsName,"","","","","","",@p:ubcv:r:23d50ee7-2481e2c8 Acadia Park HR Unsorted Points,"",@p:ubcv:r:23d50ee7-2ee15173 Acadia Park HR Unsorted Points,✓,"",2020-05-12T14:00:00-07:00 Los_Angeles,"",38680,2019-01-13T15:00:00-08:00 Los_Angeles,ok,✓,✓,Number,2020-05-12T14:00:21.165-07:00 Los_Angeles,✓,"",Leaving Hot Water Temp,"",AI3000125,"","",✓,"","","","",✓,@p:ubcv:r:23d509e0-23febac6 Acadia Park HR,"",@p:ubcv:r:23e65d3d-654bc1a2 .+(\.|-|_| )HWS\d?-T,"",✓,JCL-NAE10/FCB.Local Application.HWS-T.Trend1,Los_Angeles,°C,✓,HWS-T,2020-04-09T19:01:58.65Z UTC
@p:ubcv:r:23d50f76-ae3d9ab9 Acadia Park HR Unsorted Points P3 JCL-NAE10/FCB.JCL-NAE10 - FEC-05.P3-C,"","",@p:ubcv:r:21e6b134-33901f0e APHR (NAE-10),"",TL3000516,✓,JCL-NAE10/FCB.JCL-NAE10 - FEC-05.P3-C,✓,@p:ubcv:r:21e6b134-33901f0e APHR (NAE-10),"",$equipRef $equipName $bmsName,"","","","","Off,On",P3,@p:ubcv:r:23d50ee7-2481e2c8 Acadia Park HR Unsorted Points,"",@p:ubcv:r:23d50ee7-2ee15173 Acadia Park HR Unsorted Points,✓,"",2020-02-15T14:12:16-08:00 Los_Angeles,"",14240,2019-03-01T11:30:38-08:00 Los_Angeles,ok,"",✓,Bool,2020-05-12T14:00:13.654-07:00 Los_Angeles,"","",Run Cmd,"",BO3000077,"","",✓,✓,✓,"","","",@p:ubcv:r:23d509e0-23febac6 Acadia Park HR,"",@p:ubcv:r:23e65d3d-604110c2 .+(\.|-|_)C?H?P\d+(-)?C,"","","",Los_Angeles,"","","",2020-05-12T11:03:27.94Z UTC
@p:ubcv:r:23d50fca-98c506ce Acadia Park HR Unsorted Points JCL-NAE10/FCB.JCL-NAE10 - FEC-06.EAF3-C,"","",@p:ubcv:r:21e6b134-33901f0e APHR (NAE-10),"",TL3000540,✓,JCL-NAE10/FCB.JCL-NAE10 - FEC-06.EAF3-C,"",@p:ubcv:r:21e6b134-33901f0e APHR (NAE-10),"",$equipRef $bmsName,"","","","","Off,On","",@p:ubcv:r:23d50ee7-2481e2c8 Acadia Park HR Unsorted Points,"",@p:ubcv:r:23d50ee7-2ee15173 Acadia Park HR Unsorted Points,✓,"",2020-01-11T16:55:07-08:00 Los_Angeles,"",153,2019-05-31T14:36:15-07:00 Los_Angeles,ok,"",✓,Bool,2020-05-12T14:00:13.632-07:00 Los_Angeles,"","",JCL-NAE10/FCB.JCL-NAE10 - FEC-06.EAF3-C,✓,BO3000039,"","",✓,"","","","","",@p:ubcv:r:23d509e0-23febac6 Acadia Park HR,"","","","","",Los_Angeles,"","","",2020-04-08T18:55:25.649Z UTC
@p:ubcv:r:23d50f76-decd7753 Acadia Park HR Unsorted Points JCL-NAE10/FCB.Local Application.SHWP6-C,"","",@p:ubcv:r:21e6b134-33901f0e APHR (NAE-10),"",TL3000470,✓,JCL-NAE10/FCB.Local Application.SHWP6-C,"",@p:ubcv:r:21e6b134-33901f0e APHR (NAE-10),"",$equipRef $bmsName,"","","","","Off,On","",@p:ubcv:r:23d50ee7-2481e2c8 Acadia Park HR Unsorted Points,"",@p:ubcv:r:23d50ee7-2ee15173 Acadia Park HR Unsorted Points,✓,"",2020-01-11T16:55:05-08:00 Los_Angeles,"",567,2019-03-19T16:30:08-07:00 Los_Angeles,ok,"",✓,Bool,2020-05-12T14:00:13.413-07:00 Los_Angeles,"","",JCL-NAE10/FCB.Local Application.SHWP6-C,✓,BO3000117,"","",✓,"","","","","",@p:ubcv:r:23d509e0-23febac6 Acadia Park HR,"","","","","",Los_Angeles,"","","",2020-04-08T18:55:36.88Z UTC
@p:ubcv:r:23d50f76-118f2116 Acadia Park HR Unsorted Points JCL-NAE10/FCB.Local Application.SHWP7-S,"","",@p:ubcv:r:21e6b134-33901f0e APHR (NAE-10),"",TL3000479,✓,JCL-NAE10/FCB.Local Application.SHWP7-S,"",@p:ubcv:r:21e6b134-33901f0e APHR (NAE-10),"",$equipRef $bmsName,"","","","","Off,On","",@p:ubcv:r:23d50ee7-2481e2c8 Acadia Park HR Unsorted Points,"",@p:ubcv:r:23d50ee7-2ee15173 Acadia Park HR Unsorted Points,✓,"",2020-05-12T13:05:14-07:00 Los_Angeles,"",2468,2019-05-31T14:36:13-07:00 Los_Angeles,ok,"",✓,Bool,2020-05-12T14:00:13.732-07:00 Los_Angeles,"","",JCL-NAE10/FCB.Local Application.SHWP7-S,✓,BI3000120,"","",✓,"","","","","",@p:ubcv:r:23d509e0-23febac6 Acadia Park HR,"","","","",JCL-NAE10/FCB.Local Application.SHWP7-S.Trend1,Los_Angeles,"","",SHWP7-S,2020-04-08T18:55:37.004Z UTC
@p:ubcv:r:23d50f76-b9435de1 Acadia Park HR Unsorted Points P10 JCL-NAE10/FCB.JCL-NAE10 - FEC-05.P10-S,"","",@p:ubcv:r:21e6b134-33901f0e APHR (NAE-10),"",TL3000520,✓,JCL-NAE10/FCB.JCL-NAE10 - FEC-05.P10-S,"",@p:ubcv:r:21e6b134-33901f0e APHR (NAE-10),"",$equipRef $equipName $bmsName,"","","","","Off,On",P10,@p:ubcv:r:23d50ee7-2481e2c8 Acadia Park HR Unsorted Points,"",@p:ubcv:r:23d50ee7-2ee15173 Acadia Park HR Unsorted Points,✓,"",2020-01-11T16:55:06-08:00 Los_Angeles,"",11,2019-05-31T14:36:14-07:00 Los_Angeles,ok,"",✓,Bool,2020-05-12T14:00:13.511-07:00 Los_Angeles,"","",Run Status,"",BI3000083,"","",✓,✓,✓,"","",✓,@p:ubcv:r:23d509e0-23febac6 Acadia Park HR,"",@p:ubcv:r:23e65d3d-742086c0 .+(\.|-|_)P\d+-(FS-)?S,"","",JCL-NAE10/FCB.JCL-NAE10 - FEC-05.P10-S.Trend1,Los_Angeles,"","",P10-S,2020-05-12T11:03:27.833Z UTC
